id_mouvement,id_client,date_effet,nature,valeur_avant,valeur_apres,type_scd
1,15441,2023-02-06,conditions,30 j ,30 j,1
2,3064,2023-02-09,conditions,Comptant ,Comptant,1
3,5944,2023-02-24,ville,ouagadougou,Ouagadougou,1
4,3694,2023-03-03,ville,Ziniaré,Ouahigouya,2
5,10977,2023-03-03,ville,ouagadougou,Ouagadougou,1
6,6467,2023-03-05,ville,Koudougou,Bobo-Dioulasso,2
7,14040,2023-03-06,ville,Ziniaré,Kaya,2
8,3545,2023-03-07,ville,Ouahigouya,Bobo-Dioulasso,2
9,10936,2023-03-07,segment,Standard,Argent,2
10,1503,2023-03-08,conditions,30 j ,30 j,1
11,3140,2023-03-09,ville,Bobo-Dioulasso,Kaya,2
12,16321,2023-03-11,segment,Standard,Argent,2
13,23211,2023-03-11,ville,Bobo-Dioulasso,Kaya,2
14,9349,2023-03-12,segment,Standard,Argent,2
15,18309,2023-03-13,segment,Standard,Or,2
16,10608,2023-03-18,segment,Standard,Argent,2
17,9411,2023-03-19,segment,Argent,Or,2
18,22948,2023-03-19,segment,Argent,Or,2
19,276,2023-03-20,segment,Argent,Or,2
20,20061,2023-03-20,ville,Ouagadougou,Ouahigouya,2
21,20398,2023-03-21,ville,Ouagadougou,Koudougou,2
22,10436,2023-03-22,ville,Ouagadougou,Bobo-Dioulasso,2
23,14084,2023-03-26,segment,Argent,Or,2
24,6457,2023-03-27,segment,Argent,Standard,2
25,16380,2023-03-28,segment,Argent,Or,2
26,2390,2023-03-29,ville,Ziniaré,Koudougou,2
27,3034,2023-03-31,segment,Standard,Argent,2
28,10968,2023-03-31,segment,Standard,Argent,2
29,20311,2023-03-31,ville,Koudougou,Kaya,2
30,22352,2023-04-01,segment,Or,Standard,2
31,9611,2023-04-03,ville,Ouagadougou,Ouahigouya,2
32,13101,2023-04-04,segment,Argent,Or,2
33,2853,2023-04-05,ville,Ouagadougou,Ouahigouya,2
34,23459,2023-04-05,segment,Or,Argent,2
35,18908,2023-04-08,ville,Ziniaré,Bobo-Dioulasso,2
36,962,2023-04-10,segment,Argent,Or,2
37,6922,2023-04-10,segment,Or,Argent,2
38,14880,2023-04-10,segment,Standard,Argent,2
39,12684,2023-04-12,segment,Argent,Or,2
40,2480,2023-04-13,segment,Or,Argent,2
41,12662,2023-04-13,segment,Argent,Or,2
42,21840,2023-04-14,segment,Standard,Argent,2
43,12075,2023-04-17,ville,Ouagadougou,Ouahigouya,2
44,16400,2023-04-17,segment,Or,Standard,2
45,8214,2023-04-18,segment,Standard,Argent,2
46,14003,2023-04-18,segment,Standard,Argent,2
47,1789,2023-04-19,segment,Or,Standard,2
48,12956,2023-04-19,segment,Argent,Or,2
49,1965,2023-04-20,ville,Koudougou,Kaya,2
50,17827,2023-04-22,segment,Standard,Or,2
51,20700,2023-04-22,ville,Ziniaré,Bobo-Dioulasso,2
52,1718,2023-04-23,segment,Standard,Argent,2
53,13970,2023-04-23,ville,koudougou,Koudougou,1
54,20139,2023-04-23,ville,Kaya,Ouagadougou,2
55,12563,2023-04-24,segment,Standard,Or,2
56,2662,2023-04-25,segment,Or,Standard,2
57,15085,2023-04-25,ville,Koudougou,Ouahigouya,2
58,13839,2023-04-26,segment,Standard,Argent,2
59,22036,2023-04-26,segment,Standard,Or,2
60,18562,2023-04-27,segment,Standard,Argent,2
61,9790,2023-04-28,ville,Bobo-Dioulasso,Ouahigouya,2
62,19947,2023-04-29,ville,Koudougou,Bobo-Dioulasso,2
63,22045,2023-04-30,ville,Kaya,Koudougou,2
64,11232,2023-05-01,ville,Ouagadougou,Ouahigouya,2
65,12314,2023-05-01,ville,Ouagadougou,Bobo-Dioulasso,2
66,14146,2023-05-02,segment,Argent,Or,2
67,13485,2023-05-03,segment,Standard,Argent,2
68,13814,2023-05-03,ville,bobo-dioulasso,Bobo-Dioulasso,1
69,20285,2023-05-04,ville,Kaya,Koudougou,2
70,7692,2023-05-05,segment,Argent,Or,2
71,15831,2023-05-05,segment,Argent,Or,2
72,16026,2023-05-05,segment,Argent,Or,2
73,11739,2023-05-06,segment,Standard,Argent,2
74,14991,2023-05-07,ville,Ouagadougou,Bobo-Dioulasso,2
75,4941,2023-05-08,segment,Argent,Or,2
76,7378,2023-05-08,segment,Standard,Or,2
77,14293,2023-05-08,segment,Standard,Argent,2
78,4235,2023-05-10,segment,Standard,Argent,2
79,17491,2023-05-10,ville,,Koudougou,2
80,14746,2023-05-12,ville,Koudougou,Ouagadougou,2
81,17059,2023-05-14,ville,Koudougou,Ouahigouya,2
82,13934,2023-05-16,segment,Argent,Or,2
83,19134,2023-05-16,segment,Argent,Or,2
84,20774,2023-05-18,ville,Ouagadougou,Kaya,2
85,3709,2023-05-22,segment,Standard,Argent,2
86,3276,2023-05-23,segment,Argent,Standard,2
87,20116,2023-05-23,conditions,Comptant ,Comptant,1
88,2724,2023-05-25,ville,kaya,Kaya,1
89,6754,2023-05-26,segment,Argent,Or,2
90,3037,2023-05-27,segment,Standard,Argent,2
91,13779,2023-05-28,segment,Standard,Argent,2
92,14576,2023-05-28,segment,Standard,Or,2
93,22851,2023-05-28,segment,Argent,Or,2
94,10053,2023-05-30,ville,Ouagadougou,Bobo-Dioulasso,2
95,14775,2023-05-31,ville,Koudougou,Bobo-Dioulasso,2
96,159,2023-06-01,segment,Standard,Argent,2
97,2477,2023-06-02,segment,Standard,Argent,2
98,13529,2023-06-02,ville,Ouagadougou,Bobo-Dioulasso,2
99,6037,2023-06-05,segment,Argent,Or,2
100,8156,2023-06-05,segment,Standard,Argent,2
101,13345,2023-06-06,ville,Ouagadougou,Ouahigouya,2
102,21866,2023-06-06,ville,Kaya,Ouagadougou,2
103,9547,2023-06-07,ville,Bobo-Dioulasso,Kaya,2
104,23437,2023-06-07,segment,Argent,Or,2
105,2030,2023-06-09,ville,Koudougou,Kaya,2
106,6490,2023-06-09,segment,Standard,Argent,2
107,14977,2023-06-10,ville,Ouagadougou,Koudougou,2
108,21243,2023-06-11,segment,Or,Argent,2
109,18179,2023-06-14,segment,Standard,Or,2
110,5485,2023-06-15,segment,Argent,Or,2
111,17887,2023-06-16,segment,Argent,Or,2
112,8206,2023-06-17,segment,Standard,Or,2
113,13520,2023-06-17,segment,Or,Standard,2
114,1123,2023-06-19,segment,Standard,Argent,2
115,3023,2023-06-20,conditions,60 j ,60 j,1
116,11611,2023-06-21,ville,ouagadougou,Ouagadougou,1
117,8738,2023-06-24,ville,Koudougou,Ouagadougou,2
118,21067,2023-06-26,conditions,Comptant ,Comptant,1
119,9339,2023-06-30,ville,ouagadougou,Ouagadougou,1
120,20061,2023-06-30,ville,Bobo-Dioulasso,Ouagadougou,2
121,9186,2023-07-01,segment,Argent,Or,2
122,14442,2023-07-01,conditions,Comptant ,Comptant,1
123,23401,2023-07-02,segment,Argent,Or,2
124,4083,2023-07-03,ville,Ouagadougou,Koudougou,2
125,7920,2023-07-05,ville,Ouagadougou,Koudougou,2
126,16689,2023-07-06,ville,Ziniaré,Ouahigouya,2
127,18835,2023-07-07,segment,Argent,Or,2
128,23445,2023-07-07,ville,Ouagadougou,Bobo-Dioulasso,2
129,13651,2023-07-08,conditions,30 j ,30 j,1
130,2278,2023-07-09,ville,Bobo-Dioulasso,Kaya,2
131,6753,2023-07-09,segment,Standard,Argent,2
132,11278,2023-07-10,segment,Standard,Argent,2
133,15603,2023-07-10,ville,bobo-dioulasso,Bobo-Dioulasso,1
134,5477,2023-07-11,conditions,30 j ,30 j,1
135,19013,2023-07-12,ville,ouagadougou,Ouagadougou,1
136,15377,2023-07-14,segment,Argent,Or,2
137,9359,2023-07-15,ville,Ouagadougou,Bobo-Dioulasso,2
138,4022,2023-07-17,segment,Argent,Or,2
139,22858,2023-07-19,segment,Or,Argent,2
140,11095,2023-07-22,segment,Standard,Argent,2
141,8043,2023-07-23,segment,Standard,Argent,2
142,9285,2023-07-23,segment,Argent,Or,2
143,1371,2023-07-24,segment,Standard,Argent,2
144,8426,2023-07-24,ville,Koudougou,Ouagadougou,2
145,20467,2023-07-24,ville,koudougou,Koudougou,1
146,2885,2023-07-25,conditions,60 j ,60 j,1
147,5276,2023-07-26,ville,Ouagadougou,Bobo-Dioulasso,2
148,11210,2023-07-26,segment,Standard,Argent,2
149,17969,2023-07-29,segment,Argent,Or,2
150,22340,2023-07-29,segment,Standard,Argent,2
151,23185,2023-07-29,segment,Argent,Or,2
152,7206,2023-07-30,ville,Kaya,Bobo-Dioulasso,2
153,14073,2023-07-31,segment,Standard,Argent,2
154,330,2023-08-01,ville,ziniaré,Ziniaré,1
155,19846,2023-08-01,segment,Standard,Argent,2
156,5814,2023-08-04,segment,Standard,Argent,2
157,6767,2023-08-07,segment,Argent,Or,2
158,15163,2023-08-08,segment,Standard,Argent,2
159,3201,2023-08-09,ville,Kaya,Ouahigouya,2
160,12136,2023-08-09,segment,Argent,Standard,2
161,8862,2023-08-10,segment,Argent,Standard,2
162,17363,2023-08-11,ville,Bobo-Dioulasso,Ouagadougou,2
163,5371,2023-08-12,segment,Standard,Argent,2
164,8257,2023-08-13,segment,Standard,Argent,2
165,20368,2023-08-14,conditions,30 j ,30 j,1
166,23088,2023-08-16,ville,,Kaya,2
167,7026,2023-08-20,conditions,30 j ,30 j,1
168,12798,2023-08-22,conditions,Comptant ,Comptant,1
169,22443,2023-08-22,segment,Standard,Or,2
170,2187,2023-08-25,segment,Standard,Argent,2
171,17814,2023-08-25,ville,Ouagadougou,Ouahigouya,2
172,22948,2023-08-26,segment,Or,Argent,2
173,10197,2023-08-28,segment,Standard,Argent,2
174,18705,2023-08-28,ville,Ouagadougou,Ouahigouya,2
175,4316,2023-08-29,segment,Standard,Argent,2
176,15230,2023-08-29,ville,Ziniaré,Ouahigouya,2
177,18685,2023-08-29,segment,Or,Standard,2
178,5936,2023-08-30,segment,Standard,Argent,2
179,20494,2023-08-30,segment,Standard,Argent,2
180,5598,2023-08-31,segment,Argent,Or,2
181,1392,2023-09-01,segment,Argent,Or,2
182,7363,2023-09-01,ville,kaya,Kaya,1
183,13016,2023-09-03,segment,Standard,Argent,2
184,18255,2023-09-03,segment,Standard,Argent,2
185,6637,2023-09-04,ville,koudougou,Koudougou,1
186,9533,2023-09-06,conditions,Comptant ,Comptant,1
187,23164,2023-09-07,segment,Or,Standard,2
188,21078,2023-09-08,segment,Standard,Argent,2
189,13771,2023-09-09,ville,Kaya,Ouahigouya,2
190,3767,2023-09-12,segment,Argent,Or,2
191,8118,2023-09-13,segment,Argent,Or,2
192,12022,2023-09-16,ville,Koudougou,Bobo-Dioulasso,2
193,22658,2023-09-17,segment,Or,Argent,2
194,11926,2023-09-18,segment,Argent,Or,2
195,9161,2023-09-19,segment,Standard,Argent,2
196,18445,2023-09-19,ville,,Koudougou,2
197,5071,2023-09-20,conditions,Comptant ,Comptant,1
198,5149,2023-09-20,segment,Standard,Or,2
199,6765,2023-09-20,segment,Or,Argent,2
200,20761,2023-09-23,ville,Ouagadougou,Koudougou,2
201,1063,2023-09-24,segment,Standard,Argent,2
202,13542,2023-09-24,ville,Bobo-Dioulasso,Kaya,2
203,19584,2023-09-24,segment,Argent,Or,2
204,22741,2023-09-24,segment,Standard,Argent,2
205,1860,2023-09-25,segment,Standard,Argent,2
206,4613,2023-09-25,segment,Standard,Argent,2
207,9916,2023-09-25,segment,Argent,Standard,2
208,6,2023-09-26,segment,Argent,Or,2
209,4789,2023-09-27,segment,Or,Argent,2
210,9414,2023-09-29,segment,Standard,Argent,2
211,20920,2023-09-29,segment,Argent,Or,2
212,12829,2023-09-30,segment,Argent,Or,2
213,23493,2023-09-30,conditions,60 j ,60 j,1
214,22877,2023-10-01,ville,,Koudougou,2
215,17873,2023-10-02,segment,Standard,Argent,2
216,11746,2023-10-05,conditions,30 j ,30 j,1
217,3990,2023-10-06,segment,Standard,Argent,2
218,12765,2023-10-07,ville,Ouagadougou,Kaya,2
219,6513,2023-10-08,segment,Standard,Argent,2
220,20831,2023-10-08,segment,Standard,Argent,2
221,22296,2023-10-08,segment,Standard,Argent,2
222,15794,2023-10-09,segment,Standard,Argent,2
223,86,2023-10-11,segment,Standard,Argent,2
224,9915,2023-10-12,segment,Argent,Or,2
225,17608,2023-10-13,segment,Or,Argent,2
226,21925,2023-10-14,segment,Or,Argent,2
227,17746,2023-10-19,segment,Argent,Or,2
228,1915,2023-10-20,segment,Argent,Or,2
229,15752,2023-10-20,ville,Bobo-Dioulasso,Kaya,2
230,21867,2023-10-21,segment,Standard,Argent,2
231,23777,2023-10-21,ville,Ouahigouya,Bobo-Dioulasso,2
232,13962,2023-10-25,segment,Standard,Argent,2
233,19356,2023-10-25,segment,Argent,Or,2
234,2352,2023-10-26,ville,Ouagadougou,Kaya,2
235,10339,2023-10-26,segment,Standard,Argent,2
236,11616,2023-10-26,segment,Argent,Or,2
237,8691,2023-10-28,segment,Standard,Argent,2
238,16306,2023-10-29,ville,Ouagadougou,Koudougou,2
239,22742,2023-10-29,segment,Or,Argent,2
240,7014,2023-11-01,segment,Argent,Or,2
241,3366,2023-11-04,segment,Standard,Argent,2
242,7070,2023-11-05,segment,Argent,Or,2
243,20395,2023-11-05,ville,Ouagadougou,Bobo-Dioulasso,2
244,20580,2023-11-06,segment,Standard,Or,2
245,21925,2023-11-06,segment,Argent,Standard,2
246,1158,2023-11-09,segment,Standard,Argent,2
247,10758,2023-11-10,segment,Standard,Argent,2
248,16046,2023-11-12,segment,Standard,Argent,2
249,3951,2023-11-13,segment,Argent,Or,2
250,5623,2023-11-13,segment,Standard,Argent,2
251,8104,2023-11-14,segment,Standard,Argent,2
252,11469,2023-11-15,segment,Standard,Argent,2
253,11928,2023-11-16,segment,Standard,Argent,2
254,17701,2023-11-16,ville,Koudougou,Bobo-Dioulasso,2
255,18187,2023-11-16,segment,Standard,Argent,2
256,17273,2023-11-18,segment,Or,Argent,2
257,4565,2023-11-20,segment,Standard,Argent,2
258,13616,2023-11-20,segment,Standard,Argent,2
259,20593,2023-11-26,ville,Ouagadougou,Bobo-Dioulasso,2
260,15785,2023-12-04,ville,Ouagadougou,Bobo-Dioulasso,2
261,16446,2023-12-04,segment,Standard,Argent,2
262,2133,2023-12-05,ville,Ouagadougou,Kaya,2
263,4795,2023-12-05,ville,bobo-dioulasso,Bobo-Dioulasso,1
264,5411,2023-12-05,conditions,Comptant ,Comptant,1
265,8306,2023-12-08,ville,Koudougou,Bobo-Dioulasso,2
266,9112,2023-12-08,segment,Argent,Or,2
267,3357,2023-12-09,ville,Bobo-Dioulasso,Koudougou,2
268,2162,2023-12-10,segment,Standard,Argent,2
269,9333,2023-12-11,segment,Standard,Argent,2
270,15692,2023-12-12,ville,Ouagadougou,Ouahigouya,2
271,3463,2023-12-13,conditions,30 j ,30 j,1
272,22510,2023-12-15,ville,Ouagadougou,Bobo-Dioulasso,2
273,14848,2023-12-16,segment,Standard,Argent,2
274,3062,2023-12-17,segment,Argent,Or,2
275,17608,2023-12-17,ville,Kaya,Ouagadougou,2
276,18443,2023-12-17,segment,Standard,Argent,2
277,9230,2023-12-18,segment,Or,Standard,2
278,14078,2023-12-18,ville,Ouagadougou,Ouahigouya,2
279,10284,2023-12-19,segment,Standard,Argent,2
280,20195,2023-12-20,segment,Standard,Argent,2
281,22582,2023-12-21,segment,Or,Standard,2
282,22621,2023-12-21,segment,Standard,Argent,2
283,4257,2023-12-22,segment,Standard,Or,2
284,22728,2023-12-23,segment,Standard,Argent,2
285,4845,2023-12-24,segment,Argent,Or,2
286,19209,2023-12-25,segment,Or,Standard,2
287,21875,2023-12-27,segment,Standard,Or,2
288,648,2023-12-28,segment,Standard,Argent,2
289,13520,2023-12-28,segment,Argent,Or,2
290,6167,2023-12-30,segment,Standard,Argent,2
291,9666,2024-01-01,conditions,Comptant ,Comptant,1
292,10461,2024-01-01,segment,Or,Standard,2
293,4592,2024-01-04,conditions,60 j ,60 j,1
294,7856,2024-01-04,ville,Ouagadougou,Koudougou,2
295,17306,2024-01-04,ville,kaya,Kaya,1
296,6006,2024-01-05,ville,Ouagadougou,Kaya,2
297,9015,2024-01-05,segment,Or,Standard,2
298,15393,2024-01-07,ville,Bobo-Dioulasso,Ouagadougou,2
299,5299,2024-01-08,segment,Or,Argent,2
300,12795,2024-01-08,ville,kaya,Kaya,1
301,17425,2024-01-09,segment,Argent,Or,2
302,15655,2024-01-10,ville,Ouagadougou,Ouahigouya,2
303,8460,2024-01-13,segment,Argent,Or,2
304,12654,2024-01-14,segment,Standard,Argent,2
305,20293,2024-01-14,segment,Argent,Standard,2
306,23101,2024-01-15,ville,Ouagadougou,Kaya,2
307,841,2024-01-16,ville,Bobo-Dioulasso,Ouagadougou,2
308,8738,2024-01-18,ville,Ouagadougou,Koudougou,2
309,9203,2024-01-18,segment,Standard,Argent,2
310,495,2024-01-19,ville,Ziniaré,Ouahigouya,2
311,10896,2024-01-19,segment,Standard,Argent,2
312,22620,2024-01-19,ville,Koudougou,Bobo-Dioulasso,2
313,219,2024-01-21,segment,Standard,Argent,2
314,17811,2024-01-21,segment,Standard,Argent,2
315,23049,2024-01-22,segment,Argent,Or,2
316,14735,2024-01-26,segment,Standard,Argent,2
317,20568,2024-01-27,segment,Standard,Argent,2
318,1446,2024-01-31,ville,Bobo-Dioulasso,Ouagadougou,2
319,19669,2024-01-31,segment,Argent,Standard,2
320,21859,2024-01-31,segment,Standard,Argent,2
321,22514,2024-02-02,segment,Argent,Or,2
322,11624,2024-02-03,ville,Ouagadougou,Bobo-Dioulasso,2
323,23414,2024-02-03,segment,Standard,Argent,2
324,2930,2024-02-05,segment,Or,Standard,2
325,5082,2024-02-05,segment,Standard,Argent,2
326,6585,2024-02-05,segment,Standard,Argent,2
327,5741,2024-02-06,segment,Argent,Or,2
328,17580,2024-02-06,ville,bobo-dioulasso,Bobo-Dioulasso,1
329,6989,2024-02-07,segment,Argent,Standard,2
330,22785,2024-02-07,ville,Ouagadougou,Bobo-Dioulasso,2
331,5949,2024-02-12,ville,Kaya,Ouahigouya,2
332,19411,2024-02-12,segment,Standard,Argent,2
333,19628,2024-02-12,ville,Ouagadougou,Koudougou,2
334,16574,2024-02-13,segment,Standard,Argent,2
335,10136,2024-02-17,ville,Ouagadougou,Kaya,2
336,9126,2024-02-18,ville,ouagadougou,Ouagadougou,1
337,112,2024-02-19,segment,Standard,Argent,2
338,274,2024-02-19,segment,Standard,Argent,2
339,7356,2024-02-20,segment,Argent,Or,2
340,21222,2024-02-20,segment,Argent,Or,2
341,3936,2024-02-21,segment,Standard,Argent,2
342,5485,2024-02-21,segment,Standard,Argent,2
343,11643,2024-02-22,segment,Standard,Argent,2
344,20695,2024-02-22,ville,ouagadougou,Ouagadougou,1
345,5389,2024-02-24,segment,Standard,Argent,2
346,5591,2024-02-24,segment,Standard,Argent,2
347,12968,2024-02-24,segment,Argent,Or,2
348,2682,2024-02-25,segment,Standard,Argent,2
349,4598,2024-02-26,ville,ouagadougou,Ouagadougou,1
350,30,2024-03-02,conditions,30 j ,30 j,1
351,313,2024-03-02,ville,Koudougou,Bobo-Dioulasso,2
352,6245,2024-03-02,ville,ouagadougou,Ouagadougou,1
353,21385,2024-03-02,ville,Koudougou,Bobo-Dioulasso,2
354,601,2024-03-03,ville,Koudougou,Ouahigouya,2
355,10541,2024-03-04,ville,Ouagadougou,Ouahigouya,2
356,4272,2024-03-05,ville,Ouagadougou,Ouahigouya,2
357,18729,2024-03-06,segment,Argent,Or,2
358,10184,2024-03-08,segment,Standard,Argent,2
359,1045,2024-03-09,ville,ouagadougou,Ouagadougou,1
360,11396,2024-03-09,segment,Standard,Argent,2
361,19133,2024-03-10,ville,Koudougou,Bobo-Dioulasso,2
362,7887,2024-03-11,conditions,Comptant ,Comptant,1
363,19281,2024-03-11,segment,Argent,Or,2
364,19067,2024-03-12,segment,Or,Argent,2
365,274,2024-03-13,ville,Ziniaré,Ouagadougou,2
366,3385,2024-03-13,segment,Standard,Argent,2
367,14228,2024-03-13,segment,Standard,Argent,2
368,1542,2024-03-15,segment,Argent,Or,2
369,14867,2024-03-15,segment,Standard,Or,2
370,16441,2024-03-15,ville,Bobo-Dioulasso,Ouagadougou,2
371,19081,2024-03-15,segment,Argent,Or,2
372,16135,2024-03-19,ville,Koudougou,Ouagadougou,2
373,10310,2024-03-21,segment,Standard,Argent,2
374,20327,2024-03-21,segment,Or,Argent,2
375,2860,2024-03-22,segment,Standard,Argent,2
376,16400,2024-03-22,segment,Standard,Argent,2
377,2147,2024-03-23,segment,Standard,Or,2
378,21464,2024-03-23,segment,Standard,Argent,2
379,18049,2024-03-27,ville,,Kaya,2
380,7232,2024-03-28,segment,Standard,Argent,2
381,14977,2024-03-28,segment,Standard,Argent,2
382,15237,2024-03-28,ville,Ouagadougou,Kaya,2
383,16095,2024-03-29,ville,Kaya,Ouahigouya,2
384,9593,2024-03-30,segment,Standard,Argent,2
385,20385,2024-03-30,segment,Standard,Argent,2
386,12458,2024-03-31,ville,ouagadougou,Ouagadougou,1
387,15202,2024-03-31,segment,Or,Standard,2
388,4782,2024-04-03,conditions,30 j ,30 j,1
389,9626,2024-04-03,segment,Standard,Argent,2
390,7629,2024-04-04,ville,,Bobo-Dioulasso,2
391,5864,2024-04-05,conditions,30 j ,30 j,1
392,21875,2024-04-07,ville,Ouagadougou,Ouahigouya,2
393,355,2024-04-08,ville,Ouagadougou,Kaya,2
394,5006,2024-04-08,ville,Ouagadougou,Ouahigouya,2
395,45,2024-04-10,segment,Standard,Argent,2
396,9632,2024-04-13,conditions,30 j ,30 j,1
397,15136,2024-04-13,conditions,30 j ,30 j,1
398,5313,2024-04-15,segment,Standard,Argent,2
399,5175,2024-04-16,segment,Standard,Argent,2
400,6366,2024-04-16,segment,Standard,Argent,2
401,7778,2024-04-16,ville,Bobo-Dioulasso,Koudougou,2
402,19936,2024-04-16,segment,Standard,Argent,2
403,11842,2024-04-17,ville,Koudougou,Kaya,2
404,19520,2024-04-17,ville,Koudougou,Ouahigouya,2
405,8469,2024-04-20,ville,Kaya,Koudougou,2
406,22347,2024-04-20,ville,Bobo-Dioulasso,Koudougou,2
407,2239,2024-04-21,ville,Bobo-Dioulasso,Ouagadougou,2
408,15231,2024-04-23,segment,Argent,Or,2
409,5412,2024-04-24,segment,Argent,Or,2
410,23062,2024-04-24,ville,Ouagadougou,Bobo-Dioulasso,2
411,9297,2024-04-25,segment,Argent,Standard,2
412,23590,2024-04-29,segment,Or,Argent,2
413,4513,2024-05-02,ville,Ouagadougou,Koudougou,2
414,2290,2024-05-03,ville,Ouagadougou,Kaya,2
415,3822,2024-05-03,segment,Standard,Argent,2
416,15316,2024-05-03,segment,Or,Argent,2
417,4741,2024-05-05,ville,Ouagadougou,Bobo-Dioulasso,2
418,20796,2024-05-06,segment,Standard,Argent,2
419,17534,2024-05-07,segment,Argent,Or,2
420,23435,2024-05-08,segment,Or,Standard,2
421,5268,2024-05-11,segment,Or,Standard,2
422,10846,2024-05-14,segment,Argent,Or,2
423,5350,2024-05-15,segment,Standard,Argent,2
424,19380,2024-05-16,segment,Argent,Or,2
425,14000,2024-05-18,ville,Ouagadougou,Bobo-Dioulasso,2
426,14027,2024-05-20,ville,Ouagadougou,Bobo-Dioulasso,2
427,23037,2024-05-22,ville,,Ouagadougou,2
428,908,2024-05-23,segment,Or,Argent,2
429,17250,2024-05-25,segment,Standard,Argent,2
430,5484,2024-05-29,segment,Standard,Argent,2
431,11826,2024-05-29,ville,Ouagadougou,Ouahigouya,2
432,17349,2024-05-29,segment,Standard,Argent,2
433,6671,2024-05-30,ville,Bobo-Dioulasso,Ouagadougou,2
434,12461,2024-05-30,segment,Argent,Or,2
435,11152,2024-05-31,ville,bobo-dioulasso,Bobo-Dioulasso,1
436,4656,2024-06-02,ville,ouagadougou,Ouagadougou,1
437,15276,2024-06-02,ville,Ouagadougou,Ouahigouya,2
438,15855,2024-06-02,segment,Standard,Argent,2
439,17569,2024-06-02,segment,Argent,Or,2
440,20568,2024-06-02,ville,Koudougou,Ouagadougou,2
441,20916,2024-06-04,ville,ziniaré,Ziniaré,1
442,9095,2024-06-05,segment,Or,Argent,2
443,1464,2024-06-06,segment,Standard,Argent,2
444,5946,2024-06-06,segment,Standard,Argent,2
445,10656,2024-06-06,ville,Kaya,Ouahigouya,2
446,3545,2024-06-07,ville,Bobo-Dioulasso,Ouahigouya,2
447,2576,2024-06-09,segment,Argent,Or,2
448,14614,2024-06-10,ville,Bobo-Dioulasso,Koudougou,2
449,7657,2024-06-11,segment,Standard,Argent,2
450,7985,2024-06-11,ville,Ziniaré,Ouagadougou,2
451,10854,2024-06-11,segment,Standard,Argent,2
452,541,2024-06-12,conditions,Comptant ,Comptant,1
453,655,2024-06-12,conditions,Comptant ,Comptant,1
454,13159,2024-06-12,ville,Ouagadougou,Ouahigouya,2
455,11168,2024-06-14,ville,Ouagadougou,Bobo-Dioulasso,2
456,23435,2024-06-14,ville,Ouagadougou,Bobo-Dioulasso,2
457,3357,2024-06-15,ville,Ouagadougou,Bobo-Dioulasso,2
458,6127,2024-06-15,ville,Bobo-Dioulasso,Ouahigouya,2
459,15524,2024-06-16,conditions,Comptant ,Comptant,1
460,7007,2024-06-18,ville,Kaya,Ouahigouya,2
461,8277,2024-06-18,segment,Or,Argent,2
462,1281,2024-06-19,ville,Bobo-Dioulasso,Ouagadougou,2
463,3913,2024-06-20,ville,Kaya,Ouagadougou,2
464,3846,2024-06-24,segment,Standard,Argent,2
465,8552,2024-06-25,segment,Argent,Or,2
466,23122,2024-06-26,segment,Standard,Argent,2
467,6476,2024-06-27,segment,Or,Standard,2
468,14637,2024-06-27,segment,Standard,Or,2
469,16369,2024-06-29,ville,koudougou,Koudougou,1
470,1987,2024-07-01,ville,Ouagadougou,Ouahigouya,2
471,13731,2024-07-01,segment,Standard,Argent,2
472,2789,2024-07-02,segment,Argent,Or,2
473,20079,2024-07-02,ville,bobo-dioulasso,Bobo-Dioulasso,1
474,5878,2024-07-04,ville,Ouagadougou,Ouahigouya,2
475,5514,2024-07-05,segment,Standard,Argent,2
476,18649,2024-07-07,segment,Standard,Argent,2
477,5318,2024-07-11,ville,Bobo-Dioulasso,Ouagadougou,2
478,10356,2024-07-11,segment,Argent,Or,2
479,6716,2024-07-12,ville,Bobo-Dioulasso,Ouahigouya,2
480,14,2024-07-13,segment,Standard,Argent,2
481,6739,2024-07-15,ville,kaya,Kaya,1
482,21853,2024-07-15,segment,Standard,Or,2
483,13148,2024-07-16,conditions,Comptant ,Comptant,1
484,22553,2024-07-18,ville,Ouagadougou,Koudougou,2
485,15030,2024-07-20,segment,Standard,Argent,2
486,9826,2024-07-22,conditions,Comptant ,Comptant,1
487,4249,2024-07-24,ville,Bobo-Dioulasso,Ouahigouya,2
488,2277,2024-07-25,conditions,Comptant ,Comptant,1
489,22779,2024-07-25,conditions,30 j ,30 j,1
490,15227,2024-07-26,segment,Standard,Or,2
491,20498,2024-07-26,segment,Standard,Argent,2
492,6898,2024-07-28,ville,Bobo-Dioulasso,Ouahigouya,2
493,18994,2024-07-29,ville,Bobo-Dioulasso,Ouagadougou,2
494,4298,2024-08-01,segment,Argent,Or,2
495,13813,2024-08-03,ville,ouagadougou,Ouagadougou,1
496,17,2024-08-04,segment,Standard,Argent,2
497,15785,2024-08-04,segment,Argent,Or,2
498,2600,2024-08-05,segment,Or,Standard,2
499,22835,2024-08-05,segment,Standard,Argent,2
500,12794,2024-08-09,segment,Standard,Argent,2
501,17542,2024-08-09,segment,Standard,Argent,2
502,22018,2024-08-09,ville,Koudougou,Bobo-Dioulasso,2
503,1837,2024-08-11,segment,Standard,Argent,2
504,18013,2024-08-11,segment,Standard,Or,2
505,20078,2024-08-12,segment,Standard,Argent,2
506,7007,2024-08-17,segment,Or,Argent,2
507,7339,2024-08-17,segment,Standard,Argent,2
508,20630,2024-08-17,conditions,30 j ,30 j,1
509,20824,2024-08-18,segment,Argent,Or,2
510,7769,2024-08-21,segment,Standard,Argent,2
511,9754,2024-08-22,segment,Argent,Or,2
512,15256,2024-08-22,ville,Bobo-Dioulasso,Ouagadougou,2
513,15612,2024-08-23,ville,ouagadougou,Ouagadougou,1
514,13439,2024-08-24,ville,Bobo-Dioulasso,Kaya,2
515,16839,2024-08-25,segment,Argent,Or,2
516,7395,2024-08-27,segment,Standard,Or,2
517,7035,2024-08-31,segment,Argent,Standard,2
518,14077,2024-09-01,segment,Standard,Argent,2
519,15628,2024-09-01,ville,Ouagadougou,Bobo-Dioulasso,2
520,22923,2024-09-01,segment,Standard,Argent,2
521,22970,2024-09-05,ville,bobo-dioulasso,Bobo-Dioulasso,1
522,20671,2024-09-06,segment,Argent,Or,2
523,1909,2024-09-07,segment,Or,Standard,2
524,15477,2024-09-07,ville,Ouagadougou,Koudougou,2
525,2511,2024-09-08,ville,Bobo-Dioulasso,Koudougou,2
526,12480,2024-09-10,ville,Ouagadougou,Koudougou,2
527,15167,2024-09-11,segment,Standard,Or,2
528,10076,2024-09-12,segment,Standard,Argent,2
529,16900,2024-09-12,ville,Kaya,Ouagadougou,2
530,23565,2024-09-12,segment,Standard,Argent,2
531,6155,2024-09-13,segment,Standard,Argent,2
532,14792,2024-09-13,segment,Argent,Or,2
533,1110,2024-09-15,ville,Bobo-Dioulasso,Ouagadougou,2
534,9829,2024-09-15,segment,Argent,Or,2
535,10122,2024-09-16,ville,Bobo-Dioulasso,Ouagadougou,2
536,6989,2024-09-17,ville,Ziniaré,Koudougou,2
537,20948,2024-09-17,segment,Standard,Argent,2
538,2526,2024-09-22,conditions,Comptant ,Comptant,1
539,2640,2024-09-22,ville,ouagadougou,Ouagadougou,1
540,15907,2024-09-22,ville,Koudougou,Ouagadougou,2
541,10372,2024-09-23,segment,Standard,Argent,2
542,11644,2024-09-23,ville,Kaya,Bobo-Dioulasso,2
543,23225,2024-09-24,segment,Standard,Argent,2
544,7570,2024-09-25,segment,Standard,Or,2
545,4252,2024-09-26,segment,Or,Argent,2
546,21331,2024-09-26,ville,Ouagadougou,Ouahigouya,2
547,20391,2024-09-27,ville,Ziniaré,Kaya,2
548,7281,2024-09-28,segment,Standard,Argent,2
549,22679,2024-09-28,segment,Standard,Or,2
550,5463,2024-09-29,segment,Standard,Argent,2
551,10994,2024-09-29,segment,Standard,Argent,2
552,17939,2024-09-29,ville,,Ouahigouya,2
553,22665,2024-09-30,ville,,Koudougou,2
554,18560,2024-10-01,segment,Or,Standard,2
555,22045,2024-10-01,segment,Standard,Argent,2
556,5027,2024-10-03,segment,Standard,Argent,2
557,13443,2024-10-06,ville,Bobo-Dioulasso,Koudougou,2
558,11180,2024-10-07,segment,Standard,Argent,2
559,22368,2024-10-08,segment,Standard,Argent,2
560,5568,2024-10-09,conditions,Comptant ,Comptant,1
561,6001,2024-10-10,segment,Standard,Argent,2
562,15743,2024-10-10,ville,ziniaré,Ziniaré,1
563,15380,2024-10-11,ville,bobo-dioulasso,Bobo-Dioulasso,1
564,340,2024-10-12,segment,Standard,Or,2
565,6638,2024-10-12,segment,Standard,Argent,2
566,10828,2024-10-13,conditions,Comptant ,Comptant,1
567,23049,2024-10-15,segment,Or,Argent,2
568,6273,2024-10-16,segment,Argent,Or,2
569,8831,2024-10-16,segment,Standard,Or,2
570,14689,2024-10-18,segment,Standard,Argent,2
571,22396,2024-10-18,segment,Standard,Argent,2
572,3474,2024-10-19,ville,Ouagadougou,Ouahigouya,2
573,17041,2024-10-22,ville,Ouagadougou,Kaya,2
574,2925,2024-10-23,segment,Argent,Standard,2
575,8025,2024-10-25,segment,Standard,Argent,2
576,5831,2024-10-27,segment,Standard,Argent,2
577,22952,2024-10-30,segment,Or,Standard,2
578,18805,2024-11-01,segment,Standard,Argent,2
579,529,2024-11-03,segment,Standard,Argent,2
580,14683,2024-11-04,segment,Argent,Or,2
581,7671,2024-11-05,segment,Standard,Argent,2
582,11192,2024-11-05,conditions,Comptant ,Comptant,1
583,12916,2024-11-05,segment,Standard,Argent,2
584,2102,2024-11-06,segment,Argent,Or,2
585,933,2024-11-08,segment,Or,Standard,2
586,2102,2024-11-08,segment,Or,Argent,2
587,10013,2024-11-08,segment,Or,Argent,2
588,3286,2024-11-16,segment,Argent,Or,2
589,22071,2024-11-16,segment,Or,Argent,2
590,19829,2024-11-17,segment,Argent,Or,2
591,5514,2024-11-18,segment,Argent,Or,2
592,19389,2024-11-18,ville,Ouagadougou,Koudougou,2
593,5452,2024-11-19,segment,Standard,Or,2
594,1820,2024-11-21,segment,Argent,Or,2
595,19680,2024-11-23,segment,Argent,Or,2
596,10048,2024-11-25,segment,Standard,Argent,2
597,12461,2024-11-25,segment,Standard,Argent,2
598,5020,2024-11-27,segment,Or,Standard,2
599,11473,2024-11-27,conditions,30 j ,30 j,1
600,2857,2024-11-28,segment,Argent,Or,2
601,5483,2024-11-28,segment,Argent,Or,2
602,7798,2024-11-29,ville,Ouahigouya,Kaya,2
603,11220,2024-11-29,segment,Standard,Or,2
604,12550,2024-11-29,segment,Argent,Or,2
605,14396,2024-11-29,segment,Argent,Or,2
606,10036,2024-11-30,segment,Standard,Argent,2
607,3108,2024-12-01,segment,Standard,Argent,2
608,8852,2024-12-01,conditions,Comptant ,Comptant,1
609,18414,2024-12-01,segment,Standard,Argent,2
610,8464,2024-12-02,segment,Standard,Argent,2
611,14010,2024-12-07,ville,Bobo-Dioulasso,Ouagadougou,2
612,3899,2024-12-09,ville,,Koudougou,2
613,19503,2024-12-09,segment,Standard,Argent,2
614,20580,2024-12-10,segment,Or,Argent,2
615,5175,2024-12-14,ville,Ziniaré,Koudougou,2
616,10035,2024-12-15,ville,Ouagadougou,Bobo-Dioulasso,2
617,6039,2024-12-16,segment,Standard,Argent,2
618,15356,2024-12-18,segment,Standard,Argent,2
619,535,2024-12-19,ville,Ouagadougou,Kaya,2
620,13860,2024-12-19,segment,Standard,Argent,2
621,2984,2024-12-20,segment,Argent,Or,2
622,4366,2024-12-20,ville,Ouagadougou,Kaya,2
623,2657,2024-12-23,conditions,30 j ,30 j,1
624,22830,2024-12-23,segment,Standard,Or,2
625,14735,2024-12-26,segment,Or,Standard,2
626,17975,2024-12-28,segment,Or,Standard,2
627,18899,2024-12-28,ville,,Ouahigouya,2
628,18486,2024-12-29,segment,Or,Argent,2
629,19065,2024-12-30,segment,Or,Standard,2
630,7780,2024-12-31,ville,Kaya,Koudougou,2
631,20032,2024-12-31,ville,Koudougou,Bobo-Dioulasso,2
632,179,2025-01-05,segment,Or,Argent,2
633,17368,2025-01-05,segment,Standard,Argent,2
634,2789,2025-01-06,segment,Standard,Argent,2
635,11672,2025-01-07,conditions,Comptant ,Comptant,1
636,273,2025-01-08,segment,Argent,Or,2
637,16917,2025-01-09,ville,Bobo-Dioulasso,Koudougou,2
638,5567,2025-01-10,ville,Koudougou,Kaya,2
639,15341,2025-01-10,ville,Kaya,Ouahigouya,2
640,6521,2025-01-11,segment,Standard,Argent,2
641,8325,2025-01-13,segment,Standard,Or,2
642,14468,2025-01-15,ville,Ouagadougou,Ouahigouya,2
643,23568,2025-01-16,segment,Argent,Or,2
644,2766,2025-01-17,segment,Standard,Argent,2
645,8660,2025-01-17,ville,Ouagadougou,Bobo-Dioulasso,2
646,14276,2025-01-17,segment,Or,Standard,2
647,5265,2025-01-18,ville,Bobo-Dioulasso,Kaya,2
648,15086,2025-01-20,segment,Argent,Standard,2
649,18582,2025-01-20,segment,Standard,Argent,2
650,577,2025-01-22,segment,Argent,Or,2
651,12678,2025-01-24,ville,ouagadougou,Ouagadougou,1
652,22646,2025-01-24,segment,Standard,Argent,2
653,18319,2025-01-25,segment,Standard,Argent,2
654,4823,2025-01-26,segment,Standard,Or,2
655,9491,2025-01-26,segment,Standard,Argent,2
656,4441,2025-01-29,segment,Standard,Argent,2
657,15624,2025-01-29,segment,Standard,Argent,2
658,18304,2025-01-29,ville,Bobo-Dioulasso,Ouahigouya,2
659,12012,2025-01-30,ville,Ziniaré,Koudougou,2
660,14123,2025-01-30,conditions,30 j ,30 j,1
661,6772,2025-01-31,segment,Standard,Argent,2
662,5484,2025-02-03,ville,,Ouahigouya,2
663,13146,2025-02-03,conditions,30 j ,30 j,1
664,7571,2025-02-04,segment,Argent,Standard,2
665,21326,2025-02-04,segment,Standard,Argent,2
666,6449,2025-02-05,ville,ziniaré,Ziniaré,1
667,5222,2025-02-06,ville,Ziniaré,Koudougou,2
668,20096,2025-02-10,ville,kaya,Kaya,1
669,16233,2025-02-12,conditions,30 j ,30 j,1
670,16478,2025-02-12,segment,Standard,Or,2
671,6893,2025-02-15,ville,Ouagadougou,Ouahigouya,2
672,23583,2025-02-16,segment,Standard,Argent,2
673,6421,2025-02-19,ville,Ouagadougou,Ouahigouya,2
674,8940,2025-02-19,segment,Standard,Argent,2
675,8294,2025-02-20,ville,ziniaré,Ziniaré,1
676,15085,2025-02-22,ville,Ouahigouya,Bobo-Dioulasso,2
677,13525,2025-02-23,segment,Argent,Or,2
678,3034,2025-02-24,segment,Argent,Standard,2
679,21168,2025-02-24,segment,Standard,Argent,2
680,11840,2025-02-25,ville,Bobo-Dioulasso,Koudougou,2
681,13221,2025-02-26,ville,bobo-dioulasso,Bobo-Dioulasso,1
682,16531,2025-02-26,segment,Or,Argent,2
683,17124,2025-03-01,segment,Or,Standard,2
684,2878,2025-03-02,ville,Ouagadougou,Ouahigouya,2
685,18236,2025-03-02,ville,Koudougou,Bobo-Dioulasso,2
686,16095,2025-03-03,segment,Standard,Argent,2
687,21861,2025-03-03,segment,Argent,Or,2
688,12608,2025-03-06,ville,Bobo-Dioulasso,Ouagadougou,2
689,18503,2025-03-06,ville,bobo-dioulasso,Bobo-Dioulasso,1
690,20356,2025-03-06,ville,ouagadougou,Ouagadougou,1
691,17262,2025-03-07,segment,Standard,Argent,2
692,20050,2025-03-07,segment,Or,Argent,2
693,23029,2025-03-07,segment,Standard,Argent,2
694,23192,2025-03-07,segment,Standard,Argent,2
695,4691,2025-03-09,segment,Standard,Argent,2
696,18788,2025-03-09,segment,Standard,Argent,2
697,23555,2025-03-12,segment,Standard,Or,2
698,5814,2025-03-15,segment,Or,Standard,2
699,11644,2025-03-16,segment,Standard,Argent,2
700,15983,2025-03-16,segment,Standard,Argent,2
701,2807,2025-03-19,ville,Ouagadougou,Bobo-Dioulasso,2
702,12038,2025-03-19,ville,Bobo-Dioulasso,Ouahigouya,2
703,18908,2025-03-19,ville,Bobo-Dioulasso,Kaya,2
704,14930,2025-03-20,segment,Standard,Or,2
705,15227,2025-03-21,segment,Or,Argent,2
706,20861,2025-03-21,segment,Standard,Argent,2
707,5114,2025-03-22,ville,Ouagadougou,Koudougou,2
708,5106,2025-03-23,ville,Koudougou,Bobo-Dioulasso,2
709,14521,2025-03-23,segment,Or,Argent,2
710,22070,2025-03-23,segment,Argent,Or,2
711,2996,2025-03-24,segment,Standard,Argent,2
712,1322,2025-03-27,segment,Standard,Argent,2
713,11259,2025-03-27,ville,Ouagadougou,Kaya,2
714,23409,2025-03-27,segment,Standard,Argent,2
715,18444,2025-03-28,segment,Standard,Argent,2
716,14639,2025-03-29,ville,Ziniaré,Kaya,2
717,21654,2025-03-29,segment,Standard,Argent,2
718,8410,2025-03-30,segment,Argent,Or,2
719,2331,2025-04-02,segment,Or,Argent,2
720,8975,2025-04-02,segment,Argent,Or,2
721,5033,2025-04-03,segment,Argent,Or,2
722,1831,2025-04-05,segment,Argent,Or,2
723,22865,2025-04-06,conditions,Comptant ,Comptant,1
724,5810,2025-04-07,ville,ouagadougou,Ouagadougou,1
725,4845,2025-04-11,segment,Standard,Argent,2
726,21334,2025-04-11,conditions,Comptant ,Comptant,1
727,4769,2025-04-15,ville,Ouagadougou,Koudougou,2
728,11829,2025-04-15,segment,Argent,Or,2
729,23045,2025-04-16,segment,Standard,Argent,2
730,7423,2025-04-17,segment,Standard,Argent,2
731,3108,2025-04-22,segment,Argent,Or,2
732,20704,2025-04-22,ville,Koudougou,Ouagadougou,2
733,8431,2025-04-23,segment,Standard,Argent,2
734,10404,2025-04-23,segment,Argent,Standard,2
735,220,2025-04-24,segment,Argent,Standard,2
736,23902,2025-04-24,ville,Ouagadougou,Bobo-Dioulasso,2
737,20671,2025-04-27,segment,Standard,Argent,2
738,22605,2025-04-27,segment,Standard,Argent,2
739,13705,2025-04-30,segment,Argent,Or,2
740,7119,2025-05-01,ville,Ouagadougou,Kaya,2
741,7798,2025-05-01,ville,Ouagadougou,Ouahigouya,2
742,13997,2025-05-01,ville,Ziniaré,Kaya,2
743,23459,2025-05-01,segment,Argent,Or,2
744,18368,2025-05-02,segment,Argent,Or,2
745,5843,2025-05-04,segment,Standard,Argent,2
746,19431,2025-05-04,ville,Ouagadougou,Ouahigouya,2
747,3821,2025-05-05,ville,Ziniaré,Ouagadougou,2
748,13073,2025-05-05,segment,Standard,Argent,2
749,6295,2025-05-06,segment,Standard,Argent,2
750,20155,2025-05-06,ville,Ouagadougou,Bobo-Dioulasso,2
751,17585,2025-05-07,segment,Standard,Argent,2
752,23045,2025-05-07,segment,Argent,Or,2
753,12875,2025-05-11,conditions,Comptant ,Comptant,1
754,18941,2025-05-11,segment,Standard,Argent,2
755,23326,2025-05-12,segment,Argent,Or,2
756,20875,2025-05-15,ville,bobo-dioulasso,Bobo-Dioulasso,1
757,10640,2025-05-16,ville,Ouagadougou,Bobo-Dioulasso,2
758,20756,2025-05-18,ville,Ouagadougou,Bobo-Dioulasso,2
759,7415,2025-05-19,segment,Or,Standard,2
760,7517,2025-05-25,conditions,Comptant ,Comptant,1
761,15320,2025-05-27,ville,Ouagadougou,Ouahigouya,2
762,7070,2025-05-28,ville,Ouagadougou,Ouahigouya,2
763,16894,2025-05-30,ville,Ouagadougou,Kaya,2
764,20662,2025-05-30,segment,Standard,Argent,2
765,15004,2025-05-31,segment,Standard,Argent,2
766,7405,2025-06-02,segment,Standard,Argent,2
767,19356,2025-06-03,segment,Standard,Argent,2
768,22896,2025-06-03,conditions,Comptant ,Comptant,1
769,4531,2025-06-04,segment,Argent,Standard,2
770,3342,2025-06-05,segment,Argent,Or,2
771,16737,2025-06-05,ville,bobo-dioulasso,Bobo-Dioulasso,1
772,18157,2025-06-05,segment,Argent,Standard,2
773,23122,2025-06-07,segment,Argent,Or,2
774,7275,2025-06-08,segment,Argent,Or,2
775,1778,2025-06-10,segment,Or,Standard,2
776,5595,2025-06-10,segment,Standard,Argent,2
777,8177,2025-06-12,ville,Ouagadougou,Kaya,2
778,833,2025-06-14,ville,Kaya,Ouahigouya,2
779,15743,2025-06-14,conditions,30 j ,30 j,1
780,8019,2025-06-15,ville,ziniaré,Ziniaré,1
781,15096,2025-06-15,segment,Standard,Argent,2
782,15823,2025-06-16,ville,Kaya,Ouagadougou,2
783,4932,2025-06-17,conditions,Comptant ,Comptant,1
784,16047,2025-06-18,segment,Argent,Or,2
785,16250,2025-06-18,segment,Argent,Or,2
786,2444,2025-06-24,segment,Standard,Argent,2
787,10426,2025-06-27,segment,Standard,Argent,2
788,10604,2025-06-29,segment,Standard,Argent,2
789,15846,2025-06-30,segment,Standard,Argent,2
790,22876,2025-06-30,conditions,Comptant ,Comptant,1
791,23088,2025-06-30,segment,Standard,Or,2
792,3506,2025-07-01,segment,Standard,Argent,2
793,4022,2025-07-01,segment,Standard,Argent,2
794,14123,2025-07-01,ville,ouagadougou,Ouagadougou,1
795,15573,2025-07-03,segment,Standard,Argent,2
796,19482,2025-07-03,segment,Or,Standard,2
797,21755,2025-07-05,segment,Or,Argent,2
798,3421,2025-07-06,segment,Standard,Argent,2
799,4366,2025-07-06,segment,Argent,Or,2
800,10398,2025-07-06,segment,Standard,Argent,2
801,20976,2025-07-07,segment,Argent,Or,2
802,5431,2025-07-08,ville,Ziniaré,Kaya,2
803,15494,2025-07-08,conditions,30 j ,30 j,1
804,1754,2025-07-09,ville,Koudougou,Ouagadougou,2
805,5121,2025-07-12,segment,Standard,Argent,2
806,11102,2025-07-12,segment,Standard,Argent,2
807,15377,2025-07-15,ville,Bobo-Dioulasso,Ouahigouya,2
808,12443,2025-07-16,ville,Ouagadougou,Bobo-Dioulasso,2
809,8449,2025-07-17,ville,Ouagadougou,Ouahigouya,2
810,18979,2025-07-18,segment,Argent,Or,2
811,16710,2025-07-21,ville,,Ouahigouya,2
812,22877,2025-07-21,segment,Standard,Argent,2
813,21147,2025-07-23,segment,Standard,Or,2
814,11465,2025-07-24,ville,Bobo-Dioulasso,Koudougou,2
815,13613,2025-07-24,conditions,60 j ,60 j,1
816,19902,2025-07-26,segment,Standard,Argent,2
817,4974,2025-07-27,ville,Bobo-Dioulasso,Ouagadougou,2
818,20069,2025-07-27,ville,Ouagadougou,Kaya,2
819,21819,2025-07-27,segment,Argent,Or,2
820,17225,2025-07-28,segment,Standard,Argent,2
821,5902,2025-07-31,ville,Ziniaré,Koudougou,2
822,10616,2025-07-31,ville,Ouagadougou,Ouahigouya,2
823,14462,2025-08-01,segment,Standard,Argent,2
824,22989,2025-08-03,ville,bobo-dioulasso,Bobo-Dioulasso,1
825,6137,2025-08-06,segment,Standard,Argent,2
826,6527,2025-08-07,segment,Standard,Argent,2
827,16014,2025-08-07,segment,Standard,Argent,2
828,7933,2025-08-11,segment,Standard,Or,2
829,4598,2025-08-13,conditions,30 j ,30 j,1
830,12457,2025-08-15,ville,Ouagadougou,Kaya,2
831,22318,2025-08-15,segment,Standard,Argent,2
832,9018,2025-08-16,ville,koudougou,Koudougou,1
833,4789,2025-08-19,segment,Argent,Standard,2
834,12214,2025-08-20,segment,Standard,Argent,2
835,2883,2025-08-21,ville,Ouagadougou,Kaya,2
836,10030,2025-08-21,segment,Standard,Argent,2
837,22065,2025-08-21,segment,Argent,Or,2
838,2030,2025-08-23,ville,Kaya,Ouagadougou,2
839,19598,2025-08-23,segment,Standard,Or,2
840,898,2025-08-24,segment,Standard,Or,2
841,17016,2025-08-28,segment,Argent,Or,2
842,13468,2025-08-30,segment,Argent,Standard,2
843,14152,2025-08-30,ville,bobo-dioulasso,Bobo-Dioulasso,1
844,17695,2025-08-30,segment,Argent,Or,2
845,3237,2025-09-01,ville,Ouagadougou,Koudougou,2
846,13430,2025-09-01,ville,Ouagadougou,Bobo-Dioulasso,2
847,16745,2025-09-01,segment,Standard,Argent,2
848,11531,2025-09-02,segment,Or,Standard,2
849,23428,2025-09-04,segment,Standard,Argent,2
850,12105,2025-09-05,segment,Standard,Argent,2
851,14541,2025-09-05,ville,,Ouagadougou,2
852,15101,2025-09-05,ville,Koudougou,Ouagadougou,2
853,4298,2025-09-06,ville,Koudougou,Ouahigouya,2
854,22070,2025-09-06,segment,Standard,Argent,2
855,5713,2025-09-07,segment,Standard,Argent,2
856,6440,2025-09-07,ville,Ouagadougou,Koudougou,2
857,9140,2025-09-07,segment,Standard,Or,2
858,7412,2025-09-08,segment,Standard,Argent,2
859,268,2025-09-10,segment,Standard,Argent,2
860,21285,2025-09-10,conditions,Comptant ,Comptant,1
861,4233,2025-09-13,segment,Standard,Argent,2
862,20155,2025-09-15,segment,Standard,Argent,2
863,15334,2025-09-17,segment,Argent,Or,2
864,4285,2025-09-19,ville,Bobo-Dioulasso,Koudougou,2
865,6239,2025-09-21,ville,ouagadougou,Ouagadougou,1
866,7780,2025-09-21,ville,,Kaya,2
867,14640,2025-09-21,segment,Standard,Argent,2
868,10978,2025-09-22,segment,Standard,Argent,2
869,18948,2025-09-22,ville,Bobo-Dioulasso,Ouahigouya,2
870,22767,2025-09-22,ville,bobo-dioulasso,Bobo-Dioulasso,1
871,9639,2025-09-28,segment,Standard,Argent,2
872,23679,2025-09-28,segment,Or,Standard,2
873,23683,2025-09-28,segment,Standard,Argent,2
874,4698,2025-09-29,segment,Standard,Argent,2
875,12410,2025-09-29,segment,Argent,Or,2
876,21477,2025-09-29,ville,Ouagadougou,Koudougou,2
877,23701,2025-09-30,segment,Or,Argent,2
878,2938,2025-10-05,segment,Standard,Argent,2
879,1822,2025-10-08,segment,Argent,Standard,2
880,6984,2025-10-10,segment,Standard,Argent,2
881,20253,2025-10-10,ville,ouagadougou,Ouagadougou,1
882,10359,2025-10-11,ville,Bobo-Dioulasso,Kaya,2
883,17306,2025-10-11,conditions,Comptant ,Comptant,1
884,8816,2025-10-13,ville,Koudougou,Kaya,2
885,14534,2025-10-13,ville,Ouagadougou,Koudougou,2
886,17855,2025-10-13,segment,Argent,Or,2
887,21425,2025-10-14,ville,Ouagadougou,Bobo-Dioulasso,2
888,22686,2025-10-14,ville,Bobo-Dioulasso,Ouagadougou,2
889,16632,2025-10-15,segment,Standard,Argent,2
890,2542,2025-10-16,segment,Standard,Argent,2
891,8551,2025-10-16,segment,Standard,Argent,2
892,15725,2025-10-16,segment,Argent,Or,2
893,8857,2025-10-20,segment,Standard,Or,2
894,8982,2025-10-20,ville,Koudougou,Kaya,2
895,14468,2025-10-20,segment,Standard,Argent,2
896,15830,2025-10-21,ville,Koudougou,Bobo-Dioulasso,2
897,11526,2025-10-23,segment,Standard,Argent,2
898,18581,2025-10-23,ville,ouagadougou,Ouagadougou,1
899,4691,2025-10-24,ville,Ouagadougou,Bobo-Dioulasso,2
900,9060,2025-10-24,segment,Or,Standard,2
901,10433,2025-10-24,ville,Ziniaré,Koudougou,2
902,8390,2025-10-25,segment,Standard,Argent,2
903,11656,2025-10-25,ville,Ziniaré,Kaya,2
904,19046,2025-10-25,ville,Bobo-Dioulasso,Koudougou,2
905,22099,2025-10-25,ville,bobo-dioulasso,Bobo-Dioulasso,1
906,13913,2025-10-27,ville,Ouagadougou,Ouahigouya,2
907,13068,2025-10-28,segment,Standard,Argent,2
908,15458,2025-10-28,segment,Standard,Argent,2
909,10404,2025-10-29,segment,Standard,Argent,2
910,23560,2025-10-29,segment,Standard,Argent,2
911,2200,2025-10-31,ville,Bobo-Dioulasso,Koudougou,2
912,15316,2025-11-01,segment,Argent,Or,2
913,23752,2025-11-01,ville,Koudougou,Bobo-Dioulasso,2
914,857,2025-11-02,ville,Kaya,Bobo-Dioulasso,2
915,10236,2025-11-02,ville,Bobo-Dioulasso,Ouahigouya,2
916,18314,2025-11-02,ville,Bobo-Dioulasso,Kaya,2
917,95,2025-11-04,segment,Standard,Argent,2
918,5659,2025-11-05,segment,Or,Standard,2
919,1904,2025-11-08,ville,Kaya,Bobo-Dioulasso,2
920,9732,2025-11-08,ville,Kaya,Ouahigouya,2
921,2702,2025-11-09,ville,Koudougou,Ouagadougou,2
922,4850,2025-11-10,segment,Standard,Argent,2
923,5281,2025-11-12,ville,Koudougou,Ouagadougou,2
924,2644,2025-11-13,ville,Bobo-Dioulasso,Koudougou,2
925,5078,2025-11-13,segment,Standard,Argent,2
926,17348,2025-11-13,segment,Standard,Argent,2
927,5962,2025-11-14,segment,Or,Standard,2
928,11367,2025-11-14,segment,Argent,Or,2
929,1178,2025-11-15,ville,Ouagadougou,Kaya,2
930,20817,2025-11-20,ville,Koudougou,Kaya,2
931,11798,2025-11-21,segment,Standard,Argent,2
932,10075,2025-11-23,ville,Ouagadougou,Bobo-Dioulasso,2
933,14027,2025-11-23,ville,Bobo-Dioulasso,Ouagadougou,2
934,192,2025-11-24,ville,Ouagadougou,Bobo-Dioulasso,2
935,6872,2025-11-24,ville,Ouagadougou,Ouahigouya,2
936,7892,2025-11-25,ville,Ziniaré,Bobo-Dioulasso,2
937,8450,2025-11-25,segment,Argent,Or,2
938,5310,2025-11-26,segment,Or,Standard,2
939,9047,2025-11-26,segment,Standard,Argent,2
940,22961,2025-11-26,conditions,30 j ,30 j,1
941,21640,2025-11-27,segment,Argent,Or,2
942,8685,2025-11-28,segment,Standard,Argent,2
943,468,2025-11-29,segment,Or,Standard,2
944,4173,2025-12-01,segment,Argent,Or,2
945,9294,2025-12-03,ville,Bobo-Dioulasso,Ouagadougou,2
946,18675,2025-12-03,segment,Argent,Or,2
947,930,2025-12-04,segment,Or,Argent,2
948,20681,2025-12-04,ville,Bobo-Dioulasso,Ouahigouya,2
949,17604,2025-12-05,segment,Or,Argent,2
950,5281,2025-12-06,segment,Standard,Argent,2
951,12321,2025-12-06,segment,Standard,Argent,2
952,20603,2025-12-06,ville,Ouagadougou,Kaya,2
953,6419,2025-12-08,ville,Koudougou,Bobo-Dioulasso,2
954,11759,2025-12-08,segment,Standard,Or,2
955,20824,2025-12-08,segment,Standard,Argent,2
956,22953,2025-12-09,segment,Standard,Argent,2
957,2046,2025-12-10,segment,Standard,Or,2
958,16047,2025-12-12,ville,Ouagadougou,Kaya,2
959,8192,2025-12-13,ville,Ouagadougou,Bobo-Dioulasso,2
960,5702,2025-12-14,ville,Ouagadougou,Koudougou,2
961,14106,2025-12-15,ville,Koudougou,Bobo-Dioulasso,2
962,12807,2025-12-17,ville,,Ouagadougou,2
963,2346,2025-12-18,segment,Standard,Argent,2
964,18482,2025-12-18,segment,Standard,Argent,2
965,3363,2025-12-19,ville,koudougou,Koudougou,1
966,13369,2025-12-19,segment,Argent,Or,2
967,22445,2025-12-19,segment,Argent,Or,2
968,23798,2025-12-19,segment,Argent,Or,2
969,9918,2025-12-21,segment,Standard,Or,2
970,15984,2025-12-22,segment,Standard,Argent,2
971,11904,2025-12-24,segment,Standard,Argent,2
972,19153,2025-12-24,ville,Ouagadougou,Ouahigouya,2
973,7096,2025-12-25,conditions,Comptant ,Comptant,1
974,9368,2025-12-25,segment,Standard,Argent,2
975,20778,2025-12-25,ville,Ouagadougou,Koudougou,2
976,8126,2025-12-26,segment,Standard,Argent,2
977,19744,2025-12-26,segment,Standard,Argent,2
978,5926,2025-12-27,ville,Ouagadougou,Bobo-Dioulasso,2
979,6561,2025-12-28,ville,Koudougou,Kaya,2
980,9194,2025-12-28,segment,Argent,Or,2
981,12443,2025-12-29,ville,Bobo-Dioulasso,Kaya,2
982,22220,2025-12-29,ville,Ouagadougou,Koudougou,2
983,589,2025-12-30,segment,Argent,Or,2
984,8218,2025-12-30,conditions,Comptant ,Comptant,1
985,592,2025-12-31,segment,Standard,Argent,2
986,16707,2025-12-31,segment,Argent,Standard,2
987,18759,2025-12-31,segment,Standard,Argent,2
988,20657,2026-01-04,segment,Standard,Argent,2
989,7147,2026-01-05,segment,Standard,Argent,2
990,15807,2026-01-07,segment,Standard,Argent,2
991,22918,2026-01-07,segment,Or,Standard,2
992,8957,2026-01-08,segment,Standard,Argent,2
993,1161,2026-01-09,ville,Koudougou,Ouagadougou,2
994,14253,2026-01-09,ville,Kaya,Ouahigouya,2
995,14111,2026-01-10,segment,Standard,Or,2
996,10779,2026-01-11,ville,Kaya,Koudougou,2
997,11063,2026-01-11,ville,Koudougou,Ouahigouya,2
998,5619,2026-01-13,ville,Bobo-Dioulasso,Ouahigouya,2
999,1312,2026-01-14,segment,Argent,Or,2
1000,4791,2026-01-14,segment,Standard,Argent,2
1001,6694,2026-01-14,segment,Or,Argent,2
1002,11373,2026-01-17,segment,Standard,Argent,2
1003,21088,2026-01-17,segment,Standard,Or,2
1004,7527,2026-01-19,segment,Or,Argent,2
1005,8082,2026-01-19,segment,Standard,Argent,2
1006,19143,2026-01-19,ville,Bobo-Dioulasso,Kaya,2
1007,6456,2026-01-20,ville,,Ouahigouya,2
1008,12994,2026-01-20,segment,Standard,Argent,2
1009,13439,2026-01-22,ville,Kaya,Koudougou,2
1010,4013,2026-01-24,ville,kaya,Kaya,1
1011,6576,2026-01-24,segment,Standard,Argent,2
1012,10533,2026-01-25,ville,Ouagadougou,Kaya,2
1013,14384,2026-01-26,ville,Ouagadougou,Kaya,2
1014,17041,2026-01-31,segment,Standard,Argent,2
1015,19912,2026-01-31,segment,Or,Standard,2
1016,12788,2026-02-01,segment,Standard,Argent,2
1017,19659,2026-02-02,segment,Standard,Argent,2
1018,2686,2026-02-03,ville,Bobo-Dioulasso,Kaya,2
1019,3337,2026-02-04,segment,Standard,Argent,2
1020,2019,2026-02-05,conditions,Comptant ,Comptant,1
1021,13277,2026-02-06,segment,Standard,Argent,2
1022,18644,2026-02-09,segment,Standard,Argent,2
1023,2576,2026-02-11,segment,Standard,Argent,2
1024,21318,2026-02-12,segment,Or,Argent,2
1025,1052,2026-02-13,ville,Bobo-Dioulasso,Kaya,2
1026,2036,2026-02-13,ville,Koudougou,Bobo-Dioulasso,2
1027,14941,2026-02-16,segment,Standard,Argent,2
1028,220,2026-02-17,ville,Ouagadougou,Kaya,2
1029,6153,2026-02-17,segment,Standard,Or,2
1030,13524,2026-02-17,segment,Standard,Argent,2
1031,5667,2026-02-19,ville,ouagadougou,Ouagadougou,1
1032,9414,2026-02-22,segment,Argent,Or,2
1033,8697,2026-02-23,segment,Standard,Or,2
1034,18179,2026-02-25,ville,Ouagadougou,Bobo-Dioulasso,2
1035,10340,2026-02-26,segment,Or,Argent,2
1036,1565,2026-02-27,segment,Or,Standard,2
1037,7445,2026-02-27,segment,Standard,Argent,2
1038,18523,2026-02-28,ville,Koudougou,Ouahigouya,2
1039,6242,2026-03-02,segment,Standard,Argent,2
1040,6437,2026-03-02,segment,Argent,Standard,2
1041,8795,2026-03-05,ville,ouagadougou,Ouagadougou,1
1042,15867,2026-03-05,segment,Argent,Or,2
1043,345,2026-03-06,ville,Ouagadougou,Ouahigouya,2
1044,16860,2026-03-06,segment,Standard,Argent,2
1045,20728,2026-03-06,segment,Standard,Argent,2
1046,3694,2026-03-07,segment,Argent,Standard,2
1047,2155,2026-03-08,segment,Standard,Argent,2
1048,1915,2026-03-11,segment,Standard,Argent,2
1049,9114,2026-03-11,segment,Or,Standard,2
1050,3276,2026-03-13,segment,Standard,Argent,2
1051,20615,2026-03-13,ville,Kaya,Bobo-Dioulasso,2
1052,1339,2026-03-14,segment,Argent,Or,2
1053,13834,2026-03-18,segment,Standard,Argent,2
1054,20646,2026-03-18,ville,ziniaré,Ziniaré,1
1055,7160,2026-03-20,segment,Standard,Argent,2
1056,4565,2026-03-24,ville,Ziniaré,Koudougou,2
1057,10807,2026-03-24,segment,Standard,Or,2
1058,18441,2026-03-24,segment,Or,Standard,2
1059,23711,2026-03-24,segment,Standard,Argent,2
1060,13705,2026-03-25,ville,Ouagadougou,Koudougou,2
1061,14597,2026-03-25,segment,Standard,Or,2
1062,10248,2026-03-27,segment,Standard,Argent,2
1063,7339,2026-03-28,segment,Argent,Or,2
1064,14939,2026-03-28,segment,Or,Argent,2
1065,20885,2026-03-28,ville,Bobo-Dioulasso,Ouahigouya,2
1066,6273,2026-03-29,segment,Standard,Argent,2
1067,11240,2026-03-29,ville,,Ouagadougou,2
1068,11024,2026-04-03,segment,Standard,Argent,2
1069,20826,2026-04-03,ville,bobo-dioulasso,Bobo-Dioulasso,1
1070,5853,2026-04-04,ville,Koudougou,Bobo-Dioulasso,2
1071,21802,2026-04-05,segment,Standard,Argent,2
1072,11622,2026-04-06,segment,Standard,Argent,2
1073,18242,2026-04-06,segment,Standard,Argent,2
1074,17110,2026-04-07,ville,Ziniaré,Ouahigouya,2
1075,4149,2026-04-09,segment,Standard,Or,2
1076,5205,2026-04-09,conditions,Comptant ,Comptant,1
1077,1284,2026-04-15,segment,Standard,Argent,2
1078,5914,2026-04-16,ville,kaya,Kaya,1
1079,16528,2026-04-17,segment,Standard,Argent,2
1080,2599,2026-04-18,ville,Kaya,Bobo-Dioulasso,2
1081,4267,2026-04-19,ville,Bobo-Dioulasso,Kaya,2
1082,10587,2026-04-21,segment,Standard,Or,2
1083,15143,2026-04-21,conditions,Comptant ,Comptant,1
1084,17273,2026-04-21,segment,Argent,Or,2
1085,8638,2026-04-24,ville,ouagadougou,Ouagadougou,1
1086,1099,2026-04-28,ville,Ouagadougou,Kaya,2
1087,4779,2026-04-28,ville,Ouagadougou,Kaya,2
1088,13920,2026-05-02,ville,Bobo-Dioulasso,Ouagadougou,2
1089,23740,2026-05-02,ville,,Ouagadougou,2
1090,16116,2026-05-03,segment,Standard,Argent,2
1091,23777,2026-05-03,ville,Bobo-Dioulasso,Ouahigouya,2
1092,13038,2026-05-04,ville,Ziniaré,Koudougou,2
1093,17253,2026-05-04,segment,Argent,Or,2
1094,4721,2026-05-06,segment,Standard,Argent,2
1095,13897,2026-05-06,segment,Standard,Argent,2
1096,22200,2026-05-08,segment,Standard,Or,2
1097,19139,2026-05-09,ville,Ouagadougou,Koudougou,2
1098,19074,2026-05-10,segment,Standard,Argent,2
1099,9437,2026-05-12,ville,Ziniaré,Ouahigouya,2
1100,19829,2026-05-12,segment,Standard,Argent,2
1101,8224,2026-05-13,segment,Standard,Argent,2
1102,14118,2026-05-13,ville,ziniaré,Ziniaré,1
1103,18316,2026-05-13,ville,Ziniaré,Bobo-Dioulasso,2
1104,4302,2026-05-15,segment,Standard,Argent,2
1105,8503,2026-05-16,segment,Argent,Standard,2
1106,3787,2026-05-17,ville,Ouagadougou,Bobo-Dioulasso,2
1107,23079,2026-05-23,ville,Ouagadougou,Bobo-Dioulasso,2
1108,6997,2026-05-24,segment,Argent,Or,2
1109,9146,2026-05-24,ville,ziniaré,Ziniaré,1
1110,22046,2026-05-24,ville,bobo-dioulasso,Bobo-Dioulasso,1
1111,13919,2026-05-25,segment,Argent,Or,2
1112,3658,2026-05-29,ville,ouagadougou,Ouagadougou,1
1113,22975,2026-06-17,ville,koudougou,Koudougou,1
1114,10170,2026-06-19,ville,ouagadougou,Ouagadougou,1
1115,16464,2026-06-19,ville,ouagadougou,Ouagadougou,1
1116,4340,2026-06-20,conditions,Comptant ,Comptant,1
1117,10421,2026-06-29,conditions,30 j ,30 j,1
1118,22256,2026-07-08,ville,ouagadougou,Ouagadougou,1
1119,10907,2026-07-09,ville,koudougou,Koudougou,1
1120,21589,2026-07-13,ville,kaya,Kaya,1
