id_produit,date_effet,prix_vente_ht
1,2023-01-01,5210
1,2024-01-01,5451
1,2025-01-01,5976
1,2026-01-01,6384
2,2023-01-01,5673
2,2024-01-01,5859
2,2025-01-01,6420
2,2026-01-01,6807
3,2023-01-01,5373
3,2024-01-01,5696
3,2025-01-01,5917
3,2026-01-01,6567
4,2023-01-01,3510
4,2024-01-01,3779
4,2025-01-01,4102
4,2026-01-01,4333
5,2023-01-01,4350
5,2024-01-01,4602
5,2025-01-01,4926
5,2026-01-01,5445
6,2023-01-01,6832
6,2024-01-01,7259
6,2025-01-01,7954
6,2026-01-01,8499
7,2023-01-01,3726
7,2024-01-01,3964
7,2025-01-01,4332
7,2026-01-01,4598
8,2023-01-01,5180
8,2024-01-01,5575
8,2025-01-01,5885
8,2026-01-01,6318
9,2023-01-01,5002
9,2024-01-01,5433
9,2025-01-01,5708
9,2026-01-01,6256
10,2023-01-01,3823
10,2024-01-01,4062
10,2025-01-01,4263
10,2026-01-01,4647
11,2023-01-01,6247
11,2024-01-01,6647
11,2025-01-01,7178
11,2026-01-01,7677
12,2023-01-01,5415
12,2024-01-01,5769
12,2025-01-01,6225
12,2026-01-01,6816
13,2023-01-01,1241
13,2024-01-01,1326
13,2025-01-01,1440
13,2026-01-01,1564
14,2023-01-01,1196
14,2024-01-01,1297
14,2025-01-01,1340
14,2026-01-01,1490
15,2023-01-01,907
15,2024-01-01,954
15,2025-01-01,1023
15,2026-01-01,1103
16,2023-01-01,606
16,2024-01-01,631
16,2025-01-01,685
16,2026-01-01,749
17,2023-01-01,912
17,2024-01-01,974
17,2025-01-01,1012
17,2026-01-01,1098
18,2023-01-01,917
18,2024-01-01,997
18,2025-01-01,1057
18,2026-01-01,1155
19,2023-01-01,898
19,2024-01-01,959
19,2025-01-01,1045
19,2026-01-01,1109
20,2023-01-01,1321
20,2024-01-01,1419
20,2025-01-01,1532
20,2026-01-01,1666
21,2023-01-01,976
21,2024-01-01,1018
21,2025-01-01,1093
21,2026-01-01,1184
22,2023-01-01,588
22,2024-01-01,642
22,2025-01-01,680
22,2026-01-01,730
23,2023-01-01,22549
23,2024-01-01,23796
23,2025-01-01,25394
23,2026-01-01,27942
24,2023-01-01,22112
24,2024-01-01,23866
24,2025-01-01,25698
24,2026-01-01,27795
25,2023-01-01,26496
25,2024-01-01,28832
25,2025-01-01,30976
25,2026-01-01,33823
26,2023-01-01,18526
26,2024-01-01,19393
26,2025-01-01,20808
26,2026-01-01,22405
27,2023-01-01,14042
27,2024-01-01,14613
27,2025-01-01,15554
27,2026-01-01,16720
28,2023-01-01,20149
28,2024-01-01,22008
28,2025-01-01,23286
28,2026-01-01,24706
29,2023-01-01,1509
29,2024-01-01,1651
29,2025-01-01,1725
29,2026-01-01,1908
30,2023-01-01,1408
30,2024-01-01,1464
30,2025-01-01,1619
30,2026-01-01,1756
31,2023-01-01,2161
31,2024-01-01,2225
31,2025-01-01,2396
31,2026-01-01,2611
32,2023-01-01,1823
32,2024-01-01,1920
32,2025-01-01,2090
32,2026-01-01,2252
33,2023-01-01,2089
33,2024-01-01,2269
33,2025-01-01,2382
33,2026-01-01,2664
34,2023-01-01,1201
34,2024-01-01,1292
34,2025-01-01,1402
34,2026-01-01,1536
35,2023-01-01,1674
35,2024-01-01,1832
35,2025-01-01,1906
35,2026-01-01,2094
36,2023-01-01,2275
36,2024-01-01,2390
36,2025-01-01,2582
36,2026-01-01,2781
37,2023-01-01,1258
37,2024-01-01,1345
37,2025-01-01,1423
37,2026-01-01,1528
38,2023-01-01,1790
38,2024-01-01,1938
38,2025-01-01,2056
38,2026-01-01,2241
39,2023-01-01,1309
39,2024-01-01,1392
39,2025-01-01,1539
39,2026-01-01,1629
40,2023-01-01,1982
40,2024-01-01,2036
40,2025-01-01,2225
40,2026-01-01,2451
41,2023-01-01,1381
41,2024-01-01,1446
41,2025-01-01,1577
41,2026-01-01,1705
42,2023-01-01,1677
42,2024-01-01,1786
42,2025-01-01,1923
42,2026-01-01,2097
43,2023-01-01,7904
43,2024-01-01,8726
43,2025-01-01,9217
43,2026-01-01,9912
44,2023-01-01,7283
44,2024-01-01,7787
44,2025-01-01,8286
44,2026-01-01,9258
45,2023-01-01,9295
45,2024-01-01,9841
45,2025-01-01,10689
45,2026-01-01,11734
46,2023-01-01,8510
46,2024-01-01,9300
46,2025-01-01,10012
46,2026-01-01,10748
47,2023-01-01,8160
47,2024-01-01,8924
47,2025-01-01,9598
47,2026-01-01,10238
48,2023-01-01,9111
48,2024-01-01,9490
48,2025-01-01,10053
48,2026-01-01,11258
49,2023-01-01,6833
49,2024-01-01,7455
49,2025-01-01,7930
49,2026-01-01,8510
50,2023-01-01,5420
50,2024-01-01,5755
50,2025-01-01,6113
50,2026-01-01,6762
51,2023-01-01,6460
51,2024-01-01,6704
51,2025-01-01,7298
51,2026-01-01,7974
52,2023-01-01,5575
52,2024-01-01,6003
52,2025-01-01,6466
52,2026-01-01,6968
53,2023-01-01,4491
53,2024-01-01,4929
53,2025-01-01,5266
53,2026-01-01,5588
54,2023-01-01,8987
54,2024-01-01,9283
54,2025-01-01,10229
54,2026-01-01,11011
55,2023-01-01,7946
55,2024-01-01,8302
55,2025-01-01,8991
55,2026-01-01,9804
56,2023-01-01,4352
56,2024-01-01,4531
56,2025-01-01,4818
56,2026-01-01,5301
57,2023-01-01,6325
57,2024-01-01,6916
57,2025-01-01,7137
57,2026-01-01,7997
58,2023-01-01,5119
58,2024-01-01,5466
58,2025-01-01,5709
58,2026-01-01,6363
59,2023-01-01,6985
59,2024-01-01,7420
59,2025-01-01,7891
59,2026-01-01,8561
60,2023-01-01,4957
60,2024-01-01,5293
60,2025-01-01,5661
60,2026-01-01,5960
61,2023-01-01,2849
61,2024-01-01,3091
61,2025-01-01,3239
61,2026-01-01,3621
62,2023-01-01,3089
62,2024-01-01,3234
62,2025-01-01,3477
62,2026-01-01,3734
63,2023-01-01,3027
63,2024-01-01,3234
63,2025-01-01,3446
63,2026-01-01,3815
64,2023-01-01,2853
64,2024-01-01,3056
64,2025-01-01,3268
64,2026-01-01,3572
65,2023-01-01,4031
65,2024-01-01,4199
65,2025-01-01,4663
65,2026-01-01,4990
66,2023-01-01,4016
66,2024-01-01,4333
66,2025-01-01,4580
66,2026-01-01,4990
67,2023-01-01,3457
67,2024-01-01,3626
67,2025-01-01,3909
67,2026-01-01,4231
68,2023-01-01,2380
68,2024-01-01,2518
68,2025-01-01,2719
68,2026-01-01,2861
69,2023-01-01,2721
69,2024-01-01,2857
69,2025-01-01,3143
69,2026-01-01,3335
70,2023-01-01,3679
70,2024-01-01,3955
70,2025-01-01,4259
70,2026-01-01,4698
71,2023-01-01,2911
71,2024-01-01,3112
71,2025-01-01,3354
71,2026-01-01,3570
72,2023-01-01,3761
72,2024-01-01,4016
72,2025-01-01,4403
72,2026-01-01,4658
73,2023-01-01,28229
73,2024-01-01,30309
73,2025-01-01,31547
73,2026-01-01,34430
74,2023-01-01,30859
74,2024-01-01,32573
74,2025-01-01,34490
74,2026-01-01,36850
75,2023-01-01,22712
75,2024-01-01,23894
75,2025-01-01,26014
75,2026-01-01,27809
76,2023-01-01,16876
76,2024-01-01,18548
76,2025-01-01,19839
76,2026-01-01,21146
77,2023-01-01,26391
77,2024-01-01,28475
77,2025-01-01,29516
77,2026-01-01,32835
78,2023-01-01,26430
78,2024-01-01,28838
78,2025-01-01,31093
78,2026-01-01,32512
79,2023-01-01,28736
79,2024-01-01,30951
79,2025-01-01,33018
79,2026-01-01,36315
80,2023-01-01,32303
80,2024-01-01,33190
80,2025-01-01,36299
80,2026-01-01,39136
81,2023-01-01,30308
81,2024-01-01,32933
81,2025-01-01,35086
81,2026-01-01,38727
82,2023-01-01,34467
82,2024-01-01,36717
82,2025-01-01,40370
82,2026-01-01,43882
83,2023-01-01,22638
83,2024-01-01,24515
83,2025-01-01,25372
83,2026-01-01,27901
84,2023-01-01,26610
84,2024-01-01,29298
84,2025-01-01,30438
84,2026-01-01,34085
85,2023-01-01,11002
85,2024-01-01,11686
85,2025-01-01,12424
85,2026-01-01,13399
86,2023-01-01,8305
86,2024-01-01,8728
86,2025-01-01,9645
86,2026-01-01,10132
87,2023-01-01,9403
87,2024-01-01,9931
87,2025-01-01,10747
87,2026-01-01,11648
88,2023-01-01,14335
88,2024-01-01,15514
88,2025-01-01,16655
88,2026-01-01,17964
89,2023-01-01,8224
89,2024-01-01,8940
89,2025-01-01,9692
89,2026-01-01,10459
90,2023-01-01,9491
90,2024-01-01,10208
90,2025-01-01,10809
90,2026-01-01,11654
91,2023-01-01,9571
91,2024-01-01,10065
91,2025-01-01,11070
91,2026-01-01,11851
92,2023-01-01,11012
92,2024-01-01,11535
92,2025-01-01,12522
92,2026-01-01,13617
93,2023-01-01,7501
93,2024-01-01,8080
93,2025-01-01,8646
93,2026-01-01,9177
94,2023-01-01,7638
94,2024-01-01,8100
94,2025-01-01,8652
94,2026-01-01,9534
95,2023-01-01,10328
95,2024-01-01,11394
95,2025-01-01,12006
95,2026-01-01,13042
96,2023-01-01,16202
96,2024-01-01,17018
96,2025-01-01,18247
96,2026-01-01,19380
97,2023-01-01,14313
97,2024-01-01,15453
97,2025-01-01,16681
97,2026-01-01,17671
98,2023-01-01,13865
98,2024-01-01,14781
98,2025-01-01,15947
98,2026-01-01,17453
99,2023-01-01,8165
99,2024-01-01,8574
99,2025-01-01,9135
99,2026-01-01,9916
100,2023-01-01,16541
100,2024-01-01,17579
100,2025-01-01,19042
100,2026-01-01,20104
101,2023-01-01,8243
101,2024-01-01,8730
101,2025-01-01,9413
101,2026-01-01,10119
102,2023-01-01,13733
102,2024-01-01,14437
102,2025-01-01,15553
102,2026-01-01,16639
103,2023-01-01,15045
103,2024-01-01,15826
103,2025-01-01,17250
103,2026-01-01,18618
104,2023-01-01,16433
104,2024-01-01,17286
104,2025-01-01,18522
104,2026-01-01,20038
105,2023-01-01,18996
105,2024-01-01,20273
105,2025-01-01,21741
105,2026-01-01,23232
106,2023-01-01,9546
106,2024-01-01,10206
106,2025-01-01,10917
106,2026-01-01,11954
107,2023-01-01,8811
107,2024-01-01,9359
107,2025-01-01,10204
107,2026-01-01,11026
108,2023-01-01,19051
108,2024-01-01,19886
108,2025-01-01,21227
108,2026-01-01,23573
109,2023-01-01,8035
109,2024-01-01,8524
109,2025-01-01,9369
109,2026-01-01,9884
110,2023-01-01,16167
110,2024-01-01,17153
110,2025-01-01,17901
110,2026-01-01,19415
111,2023-01-01,17343
111,2024-01-01,18144
111,2025-01-01,19340
111,2026-01-01,21402
112,2023-01-01,18168
112,2024-01-01,19053
112,2025-01-01,20575
112,2026-01-01,22947
113,2023-01-01,3636
113,2024-01-01,3943
113,2025-01-01,4210
113,2026-01-01,4537
114,2023-01-01,5811
114,2024-01-01,6137
114,2025-01-01,6524
114,2026-01-01,7238
115,2023-01-01,2746
115,2024-01-01,2964
115,2025-01-01,3196
115,2026-01-01,3368
116,2023-01-01,3340
116,2024-01-01,3524
116,2025-01-01,3782
116,2026-01-01,4107
117,2023-01-01,3552
117,2024-01-01,3823
117,2025-01-01,4126
117,2026-01-01,4378
118,2023-01-01,4141
118,2024-01-01,4377
118,2025-01-01,4644
118,2026-01-01,5132
119,2023-01-01,4878
119,2024-01-01,5115
119,2025-01-01,5496
119,2026-01-01,5968
120,2023-01-01,3206
120,2024-01-01,3458
120,2025-01-01,3719
120,2026-01-01,4021
121,2023-01-01,4352
121,2024-01-01,4721
121,2025-01-01,4932
121,2026-01-01,5501
122,2023-01-01,6046
122,2024-01-01,6444
122,2025-01-01,6721
122,2026-01-01,7312
123,2023-01-01,3454
123,2024-01-01,3699
123,2025-01-01,3964
123,2026-01-01,4176
124,2023-01-01,5207
124,2024-01-01,5567
124,2025-01-01,5906
124,2026-01-01,6460
125,2023-01-01,3841
125,2024-01-01,4134
125,2025-01-01,4497
125,2026-01-01,4831
126,2023-01-01,3716
126,2024-01-01,3859
126,2025-01-01,4162
126,2026-01-01,4482
127,2023-01-01,16190
127,2024-01-01,16782
127,2025-01-01,18014
127,2026-01-01,19827
128,2023-01-01,15771
128,2024-01-01,16800
128,2025-01-01,17853
128,2026-01-01,19117
129,2023-01-01,15692
129,2024-01-01,16683
129,2025-01-01,17643
129,2026-01-01,19376
130,2023-01-01,19723
130,2024-01-01,20900
130,2025-01-01,22080
130,2026-01-01,24308
131,2023-01-01,8977
131,2024-01-01,9488
131,2025-01-01,10288
131,2026-01-01,10933
132,2023-01-01,13593
132,2024-01-01,14411
132,2025-01-01,15238
132,2026-01-01,16443
133,2023-01-01,8417
133,2024-01-01,8779
133,2025-01-01,9569
133,2026-01-01,10101
134,2023-01-01,11904
134,2024-01-01,12347
134,2025-01-01,13427
134,2026-01-01,14409
135,2023-01-01,9527
135,2024-01-01,10066
135,2025-01-01,10775
135,2026-01-01,12051
136,2023-01-01,11932
136,2024-01-01,12980
136,2025-01-01,14116
136,2026-01-01,14854
137,2023-01-01,4494
137,2024-01-01,4842
137,2025-01-01,5126
137,2026-01-01,5670
138,2023-01-01,4955
138,2024-01-01,5302
138,2025-01-01,5670
138,2026-01-01,6055
139,2023-01-01,7965
139,2024-01-01,8660
139,2025-01-01,8971
139,2026-01-01,9894
140,2023-01-01,4389
140,2024-01-01,4698
140,2025-01-01,5005
140,2026-01-01,5480
141,2023-01-01,4407
141,2024-01-01,4686
141,2025-01-01,4987
141,2026-01-01,5407
142,2023-01-01,8336
142,2024-01-01,9043
142,2025-01-01,9505
142,2026-01-01,10524
143,2023-01-01,7291
143,2024-01-01,7900
143,2025-01-01,8550
143,2026-01-01,9334
144,2023-01-01,6634
144,2024-01-01,7050
144,2025-01-01,7491
144,2026-01-01,8175
145,2023-01-01,7913
145,2024-01-01,8407
145,2025-01-01,9042
145,2026-01-01,10101
146,2023-01-01,7709
146,2024-01-01,8321
146,2025-01-01,8924
146,2026-01-01,9767
147,2023-01-01,7338
147,2024-01-01,7629
147,2025-01-01,8125
147,2026-01-01,8815
148,2023-01-01,7173
148,2024-01-01,7720
148,2025-01-01,8220
148,2026-01-01,9144
149,2023-01-01,6549
149,2024-01-01,7094
149,2025-01-01,7479
149,2026-01-01,8227
150,2023-01-01,4499
150,2024-01-01,4840
150,2025-01-01,5272
150,2026-01-01,5662
151,2023-01-01,5450
151,2024-01-01,5951
151,2025-01-01,6420
151,2026-01-01,6870
152,2023-01-01,4070
152,2024-01-01,4447
152,2025-01-01,4656
152,2026-01-01,5151
153,2023-01-01,7368
153,2024-01-01,7778
153,2025-01-01,8143
153,2026-01-01,9050
154,2023-01-01,4590
154,2024-01-01,4969
154,2025-01-01,5273
154,2026-01-01,5798
