id_produit,date_debut,date_fin,pu_achat_ht,fournisseur
1,2023-01-01,2023-05-01,1600,CIMAF Sahel
1,2023-05-02,2023-09-02,1500,CIMAF Sahel
1,2023-09-03,2024-01-03,1025,CIMAF Sahel
1,2024-01-04,2024-05-04,925,CIMAF Sahel
1,2024-05-05,2024-09-05,925,CIMAF Sahel
1,2024-09-06,2025-01-06,925,CIMAF Sahel
1,2025-01-07,2025-05-07,925,CIMAF Sahel
1,2025-05-08,2025-09-08,925,CIMAF Sahel
1,2025-09-09,2026-01-09,1000,CIMAF Sahel
1,2026-01-10,2026-05-10,925,CIMAF Sahel
1,2026-05-11,2026-08-31,950,CIMAF Sahel
2,2023-01-01,2023-05-01,1725,CIMAF Sahel
2,2023-05-02,2023-09-02,1550,CIMAF Sahel
2,2023-09-03,2024-01-03,1725,CIMAF Sahel
2,2024-01-04,2024-05-04,1750,CIMAF Sahel
2,2024-05-05,2024-09-05,1700,CIMAF Sahel
2,2024-09-06,2025-01-06,1800,CIMAF Sahel
2,2025-01-07,2025-05-07,1850,CIMAF Sahel
2,2025-05-08,2025-09-08,1525,CIMAF Sahel
2,2025-09-09,2026-01-09,1675,CIMAF Sahel
2,2026-01-10,2026-05-10,1750,CIMAF Sahel
2,2026-05-11,2026-08-31,1650,CIMAF Sahel
3,2023-01-01,2023-05-01,1775,CIMAF Sahel
3,2023-05-02,2023-09-02,1475,CIMAF Sahel
3,2023-09-03,2024-01-03,1725,CIMAF Sahel
3,2024-01-04,2024-05-04,1950,CIMAF Sahel
3,2024-05-05,2024-09-05,1850,CIMAF Sahel
3,2024-09-06,2025-01-06,1900,CIMAF Sahel
3,2025-01-07,2025-05-07,1675,CIMAF Sahel
3,2025-05-08,2025-09-08,1600,CIMAF Sahel
3,2025-09-09,2026-01-09,1525,CIMAF Sahel
3,2026-01-10,2026-05-10,1500,CIMAF Sahel
3,2026-05-11,2026-08-31,1400,CIMAF Sahel
4,2023-01-01,2023-05-01,1125,CIMAF Sahel
4,2023-05-02,2023-09-02,1125,CIMAF Sahel
4,2023-09-03,2024-01-03,1050,CIMAF Sahel
4,2024-01-04,2024-05-04,900,CIMAF Sahel
4,2024-05-05,2024-09-05,875,CIMAF Sahel
4,2024-09-06,2025-01-06,850,CIMAF Sahel
4,2025-01-07,2025-05-07,825,CIMAF Sahel
4,2025-05-08,2025-09-08,775,CIMAF Sahel
4,2025-09-09,2026-01-09,800,CIMAF Sahel
4,2026-01-10,2026-05-10,850,CIMAF Sahel
4,2026-05-11,2026-08-31,1125,CIMAF Sahel
5,2023-01-01,2023-05-01,1425,CIMAF Sahel
5,2023-05-02,2023-09-02,1250,CIMAF Sahel
5,2023-09-03,2024-01-03,1375,CIMAF Sahel
5,2024-01-04,2024-05-04,1225,CIMAF Sahel
5,2024-05-05,2024-09-05,1225,CIMAF Sahel
5,2024-09-06,2025-01-06,1125,CIMAF Sahel
5,2025-01-07,2025-05-07,1175,CIMAF Sahel
5,2025-05-08,2025-09-08,1425,CIMAF Sahel
5,2025-09-09,2026-01-09,1500,CIMAF Sahel
5,2026-01-10,2026-05-10,1375,CIMAF Sahel
5,2026-05-11,2026-08-31,1525,CIMAF Sahel
6,2023-01-01,2023-05-01,2475,CIMAF Sahel
6,2023-05-02,2023-09-02,2425,CIMAF Sahel
6,2023-09-03,2024-01-03,2300,CIMAF Sahel
6,2024-01-04,2024-05-04,2275,CIMAF Sahel
6,2024-05-05,2024-09-05,2175,CIMAF Sahel
6,2024-09-06,2025-01-06,2150,CIMAF Sahel
6,2025-01-07,2025-05-07,2275,CIMAF Sahel
6,2025-05-08,2025-09-08,2175,CIMAF Sahel
6,2025-09-09,2026-01-09,1750,CIMAF Sahel
6,2026-01-10,2026-05-10,1975,CIMAF Sahel
6,2026-05-11,2026-08-31,2100,CIMAF Sahel
7,2023-01-01,2023-05-01,1150,CIMAF Sahel
7,2023-05-02,2023-09-02,925,CIMAF Sahel
7,2023-09-03,2024-01-03,775,CIMAF Sahel
7,2024-01-04,2024-05-04,825,CIMAF Sahel
7,2024-05-05,2024-09-05,1000,CIMAF Sahel
7,2024-09-06,2025-01-06,1275,CIMAF Sahel
7,2025-01-07,2025-05-07,1275,CIMAF Sahel
7,2025-05-08,2025-09-08,1275,CIMAF Sahel
7,2025-09-09,2026-01-09,1325,CIMAF Sahel
7,2026-01-10,2026-05-10,1275,CIMAF Sahel
7,2026-05-11,2026-08-31,1300,CIMAF Sahel
8,2023-01-01,2023-05-01,1850,CIMAF Sahel
8,2023-05-02,2023-09-02,1975,CIMAF Sahel
8,2023-09-03,2024-01-03,1875,CIMAF Sahel
8,2024-01-04,2024-05-04,1900,CIMAF Sahel
8,2024-05-05,2024-09-05,1975,CIMAF Sahel
8,2024-09-06,2025-01-06,1900,CIMAF Sahel
8,2025-01-07,2025-05-07,2100,CIMAF Sahel
8,2025-05-08,2025-09-08,1950,CIMAF Sahel
8,2025-09-09,2026-01-09,1800,CIMAF Sahel
8,2026-01-10,2026-05-10,1900,CIMAF Sahel
8,2026-05-11,2026-08-31,2000,CIMAF Sahel
9,2023-01-01,2023-05-01,1800,CIMAF Sahel
9,2023-05-02,2023-09-02,1725,CIMAF Sahel
9,2023-09-03,2024-01-03,1775,CIMAF Sahel
9,2024-01-04,2024-05-04,2000,CIMAF Sahel
9,2024-05-05,2024-09-05,2150,CIMAF Sahel
9,2024-09-06,2025-01-06,2450,CIMAF Sahel
9,2025-01-07,2025-05-07,2400,CIMAF Sahel
9,2025-05-08,2025-09-08,2550,CIMAF Sahel
9,2025-09-09,2026-01-09,2425,CIMAF Sahel
9,2026-01-10,2026-05-10,2100,CIMAF Sahel
9,2026-05-11,2026-08-31,2150,CIMAF Sahel
10,2023-01-01,2023-05-01,1300,CIMAF Sahel
10,2023-05-02,2023-09-02,1350,CIMAF Sahel
10,2023-09-03,2024-01-03,1525,CIMAF Sahel
10,2024-01-04,2024-05-04,1575,CIMAF Sahel
10,2024-05-05,2024-09-05,1625,CIMAF Sahel
10,2024-09-06,2025-01-06,1625,CIMAF Sahel
10,2025-01-07,2025-05-07,1525,CIMAF Sahel
10,2025-05-08,2025-09-08,1525,CIMAF Sahel
10,2025-09-09,2026-01-09,1750,CIMAF Sahel
10,2026-01-10,2026-05-10,1675,CIMAF Sahel
10,2026-05-11,2026-08-31,1575,CIMAF Sahel
11,2023-01-01,2023-05-01,1750,CIMAF Sahel
11,2023-05-02,2023-09-02,1600,CIMAF Sahel
11,2023-09-03,2024-01-03,1775,CIMAF Sahel
11,2024-01-04,2024-05-04,1775,CIMAF Sahel
11,2024-05-05,2024-09-05,1925,CIMAF Sahel
11,2024-09-06,2025-01-06,1725,CIMAF Sahel
11,2025-01-07,2025-05-07,1825,CIMAF Sahel
11,2025-05-08,2025-09-08,1575,CIMAF Sahel
11,2025-09-09,2026-01-09,1750,CIMAF Sahel
11,2026-01-10,2026-05-10,1850,CIMAF Sahel
11,2026-05-11,2026-08-31,2100,CIMAF Sahel
12,2023-01-01,2023-05-01,1575,CIMAF Sahel
12,2023-05-02,2023-09-02,1400,CIMAF Sahel
12,2023-09-03,2024-01-03,1175,CIMAF Sahel
12,2024-01-04,2024-05-04,1300,CIMAF Sahel
12,2024-05-05,2024-09-05,1300,CIMAF Sahel
12,2024-09-06,2025-01-06,1400,CIMAF Sahel
12,2025-01-07,2025-05-07,1450,CIMAF Sahel
12,2025-05-08,2025-09-08,1650,CIMAF Sahel
12,2025-09-09,2026-01-09,1425,CIMAF Sahel
12,2026-01-10,2026-05-10,1475,CIMAF Sahel
12,2026-05-11,2026-08-31,1450,CIMAF Sahel
13,2023-01-01,2023-05-01,400,Matériaux Kaboré
13,2023-05-02,2023-09-02,450,Matériaux Kaboré
13,2023-09-03,2024-01-03,475,Matériaux Kaboré
13,2024-01-04,2024-05-04,525,Matériaux Kaboré
13,2024-05-05,2024-09-05,550,Matériaux Kaboré
13,2024-09-06,2025-01-06,550,Matériaux Kaboré
13,2025-01-07,2025-05-07,575,Matériaux Kaboré
13,2025-05-08,2025-09-08,625,Matériaux Kaboré
13,2025-09-09,2026-01-09,600,Matériaux Kaboré
13,2026-01-10,2026-05-10,600,Matériaux Kaboré
13,2026-05-11,2026-08-31,600,Matériaux Kaboré
14,2023-01-01,2023-05-01,325,Matériaux Kaboré
14,2023-05-02,2023-09-02,325,Matériaux Kaboré
14,2023-09-03,2024-01-03,325,Matériaux Kaboré
14,2024-01-04,2024-05-04,350,Matériaux Kaboré
14,2024-05-05,2024-09-05,350,Matériaux Kaboré
14,2024-09-06,2025-01-06,300,Matériaux Kaboré
14,2025-01-07,2025-05-07,250,Matériaux Kaboré
14,2025-05-08,2025-09-08,300,Matériaux Kaboré
14,2025-09-09,2026-01-09,300,Matériaux Kaboré
14,2026-01-10,2026-05-10,275,Matériaux Kaboré
14,2026-05-11,2026-08-31,325,Matériaux Kaboré
15,2023-01-01,2023-05-01,275,Matériaux Kaboré
15,2023-05-02,2023-09-02,275,Matériaux Kaboré
15,2023-09-03,2024-01-03,300,Matériaux Kaboré
15,2024-01-04,2024-05-04,300,Matériaux Kaboré
15,2024-05-05,2024-09-05,350,Matériaux Kaboré
15,2024-09-06,2025-01-06,325,Matériaux Kaboré
15,2025-01-07,2025-05-07,325,Matériaux Kaboré
15,2025-05-08,2025-09-08,325,Matériaux Kaboré
15,2025-09-09,2026-01-09,300,Matériaux Kaboré
15,2026-01-10,2026-05-10,275,Matériaux Kaboré
15,2026-05-11,2026-08-31,225,Matériaux Kaboré
16,2023-01-01,2023-05-01,175,Matériaux Kaboré
16,2023-05-02,2023-09-02,175,Matériaux Kaboré
16,2023-09-03,2024-01-03,175,Matériaux Kaboré
16,2024-01-04,2024-05-04,175,Matériaux Kaboré
16,2024-05-05,2024-09-05,175,Matériaux Kaboré
16,2024-09-06,2025-01-06,200,Matériaux Kaboré
16,2025-01-07,2025-05-07,200,Matériaux Kaboré
16,2025-05-08,2025-09-08,200,Matériaux Kaboré
16,2025-09-09,2026-01-09,175,Matériaux Kaboré
16,2026-01-10,2026-05-10,175,Matériaux Kaboré
16,2026-05-11,2026-08-31,150,Matériaux Kaboré
17,2023-01-01,2023-05-01,275,Matériaux Kaboré
17,2023-05-02,2023-09-02,275,Matériaux Kaboré
17,2023-09-03,2024-01-03,225,Matériaux Kaboré
17,2024-01-04,2024-05-04,200,Matériaux Kaboré
17,2024-05-05,2024-09-05,200,Matériaux Kaboré
17,2024-09-06,2025-01-06,225,Matériaux Kaboré
17,2025-01-07,2025-05-07,200,Matériaux Kaboré
17,2025-05-08,2025-09-08,200,Matériaux Kaboré
17,2025-09-09,2026-01-09,225,Matériaux Kaboré
17,2026-01-10,2026-05-10,150,Matériaux Kaboré
17,2026-05-11,2026-08-31,175,Matériaux Kaboré
18,2023-01-01,2023-05-01,350,Matériaux Kaboré
18,2023-05-02,2023-09-02,325,Matériaux Kaboré
18,2023-09-03,2024-01-03,325,Matériaux Kaboré
18,2024-01-04,2024-05-04,325,Matériaux Kaboré
18,2024-05-05,2024-09-05,325,Matériaux Kaboré
18,2024-09-06,2025-01-06,275,Matériaux Kaboré
18,2025-01-07,2025-05-07,300,Matériaux Kaboré
18,2025-05-08,2025-09-08,325,Matériaux Kaboré
18,2025-09-09,2026-01-09,325,Matériaux Kaboré
18,2026-01-10,2026-05-10,375,Matériaux Kaboré
18,2026-05-11,2026-08-31,400,Matériaux Kaboré
19,2023-01-01,2023-05-01,275,Matériaux Kaboré
19,2023-05-02,2023-09-02,275,Matériaux Kaboré
19,2023-09-03,2024-01-03,250,Matériaux Kaboré
19,2024-01-04,2024-05-04,300,Matériaux Kaboré
19,2024-05-05,2024-09-05,325,Matériaux Kaboré
19,2024-09-06,2025-01-06,350,Matériaux Kaboré
19,2025-01-07,2025-05-07,375,Matériaux Kaboré
19,2025-05-08,2025-09-08,350,Matériaux Kaboré
19,2025-09-09,2026-01-09,350,Matériaux Kaboré
19,2026-01-10,2026-05-10,350,Matériaux Kaboré
19,2026-05-11,2026-08-31,375,Matériaux Kaboré
20,2023-01-01,2023-05-01,500,Matériaux Kaboré
20,2023-05-02,2023-09-02,600,Matériaux Kaboré
20,2023-09-03,2024-01-03,575,Matériaux Kaboré
20,2024-01-04,2024-05-04,525,Matériaux Kaboré
20,2024-05-05,2024-09-05,500,Matériaux Kaboré
20,2024-09-06,2025-01-06,475,Matériaux Kaboré
20,2025-01-07,2025-05-07,500,Matériaux Kaboré
20,2025-05-08,2025-09-08,475,Matériaux Kaboré
20,2025-09-09,2026-01-09,450,Matériaux Kaboré
20,2026-01-10,2026-05-10,525,Matériaux Kaboré
20,2026-05-11,2026-08-31,525,Matériaux Kaboré
21,2023-01-01,2023-05-01,275,Matériaux Kaboré
21,2023-05-02,2023-09-02,300,Matériaux Kaboré
21,2023-09-03,2024-01-03,325,Matériaux Kaboré
21,2024-01-04,2024-05-04,300,Matériaux Kaboré
21,2024-05-05,2024-09-05,300,Matériaux Kaboré
21,2024-09-06,2025-01-06,275,Matériaux Kaboré
21,2025-01-07,2025-05-07,300,Matériaux Kaboré
21,2025-05-08,2025-09-08,325,Matériaux Kaboré
21,2025-09-09,2026-01-09,300,Matériaux Kaboré
21,2026-01-10,2026-05-10,350,Matériaux Kaboré
21,2026-05-11,2026-08-31,325,Matériaux Kaboré
22,2023-01-01,2023-05-01,200,Matériaux Kaboré
22,2023-05-02,2023-09-02,225,Matériaux Kaboré
22,2023-09-03,2024-01-03,250,Matériaux Kaboré
22,2024-01-04,2024-05-04,250,Matériaux Kaboré
22,2024-05-05,2024-09-05,225,Matériaux Kaboré
22,2024-09-06,2025-01-06,225,Matériaux Kaboré
22,2025-01-07,2025-05-07,200,Matériaux Kaboré
22,2025-05-08,2025-09-08,200,Matériaux Kaboré
22,2025-09-09,2026-01-09,200,Matériaux Kaboré
22,2026-01-10,2026-05-10,200,Matériaux Kaboré
22,2026-05-11,2026-08-31,175,Matériaux Kaboré
23,2023-01-01,2023-05-01,6100,Carrière Nakosin
23,2023-05-02,2023-09-02,5450,Carrière Nakosin
23,2023-09-03,2024-01-03,5075,Carrière Nakosin
23,2024-01-04,2024-05-04,5350,Carrière Nakosin
23,2024-05-05,2024-09-05,4000,Carrière Nakosin
23,2024-09-06,2025-01-06,4000,Carrière Nakosin
23,2025-01-07,2025-05-07,4000,Carrière Nakosin
23,2025-05-08,2025-09-08,4850,Carrière Nakosin
23,2025-09-09,2026-01-09,4550,Carrière Nakosin
23,2026-01-10,2026-05-10,4500,Carrière Nakosin
23,2026-05-11,2026-08-31,4000,Carrière Nakosin
24,2023-01-01,2023-05-01,8375,Carrière Nakosin
24,2023-05-02,2023-09-02,8425,Carrière Nakosin
24,2023-09-03,2024-01-03,9425,Carrière Nakosin
24,2024-01-04,2024-05-04,9550,Carrière Nakosin
24,2024-05-05,2024-09-05,10575,Carrière Nakosin
24,2024-09-06,2025-01-06,10975,Carrière Nakosin
24,2025-01-07,2025-05-07,11250,Carrière Nakosin
24,2025-05-08,2025-09-08,11250,Carrière Nakosin
24,2025-09-09,2026-01-09,11250,Carrière Nakosin
24,2026-01-10,2026-05-10,11250,Carrière Nakosin
24,2026-05-11,2026-08-31,11250,Carrière Nakosin
25,2023-01-01,2023-05-01,8075,Carrière Nakosin
25,2023-05-02,2023-09-02,8175,Carrière Nakosin
25,2023-09-03,2024-01-03,9850,Carrière Nakosin
25,2024-01-04,2024-05-04,10100,Carrière Nakosin
25,2024-05-05,2024-09-05,9825,Carrière Nakosin
25,2024-09-06,2025-01-06,10625,Carrière Nakosin
25,2025-01-07,2025-05-07,11675,Carrière Nakosin
25,2025-05-08,2025-09-08,9925,Carrière Nakosin
25,2025-09-09,2026-01-09,11425,Carrière Nakosin
25,2026-01-10,2026-05-10,10775,Carrière Nakosin
25,2026-05-11,2026-08-31,11100,Carrière Nakosin
26,2023-01-01,2023-05-01,6100,Carrière Nakosin
26,2023-05-02,2023-09-02,6300,Carrière Nakosin
26,2023-09-03,2024-01-03,6000,Carrière Nakosin
26,2024-01-04,2024-05-04,5375,Carrière Nakosin
26,2024-05-05,2024-09-05,5225,Carrière Nakosin
26,2024-09-06,2025-01-06,4950,Carrière Nakosin
26,2025-01-07,2025-05-07,4775,Carrière Nakosin
26,2025-05-08,2025-09-08,5200,Carrière Nakosin
26,2025-09-09,2026-01-09,5200,Carrière Nakosin
26,2026-01-10,2026-05-10,5875,Carrière Nakosin
26,2026-05-11,2026-08-31,5125,Carrière Nakosin
27,2023-01-01,2023-05-01,4175,Carrière Nakosin
27,2023-05-02,2023-09-02,3975,Carrière Nakosin
27,2023-09-03,2024-01-03,4450,Carrière Nakosin
27,2024-01-04,2024-05-04,4525,Carrière Nakosin
27,2024-05-05,2024-09-05,5125,Carrière Nakosin
27,2024-09-06,2025-01-06,5650,Carrière Nakosin
27,2025-01-07,2025-05-07,5950,Carrière Nakosin
27,2025-05-08,2025-09-08,6175,Carrière Nakosin
27,2025-09-09,2026-01-09,6125,Carrière Nakosin
27,2026-01-10,2026-05-10,6400,Carrière Nakosin
27,2026-05-11,2026-08-31,6150,Carrière Nakosin
28,2023-01-01,2023-05-01,5825,Carrière Nakosin
28,2023-05-02,2023-09-02,6025,Carrière Nakosin
28,2023-09-03,2024-01-03,4500,Carrière Nakosin
28,2024-01-04,2024-05-04,4725,Carrière Nakosin
28,2024-05-05,2024-09-05,5300,Carrière Nakosin
28,2024-09-06,2025-01-06,5025,Carrière Nakosin
28,2025-01-07,2025-05-07,5950,Carrière Nakosin
28,2025-05-08,2025-09-08,6725,Carrière Nakosin
28,2025-09-09,2026-01-09,6200,Carrière Nakosin
28,2026-01-10,2026-05-10,5500,Carrière Nakosin
28,2026-05-11,2026-08-31,6175,Carrière Nakosin
29,2023-01-01,2023-05-01,425,Sahel Quincaillerie
29,2023-05-02,2023-09-02,375,Sahel Quincaillerie
29,2023-09-03,2024-01-03,375,Sahel Quincaillerie
29,2024-01-04,2024-05-04,400,Sahel Quincaillerie
29,2024-05-05,2024-09-05,350,Sahel Quincaillerie
29,2024-09-06,2025-01-06,350,Sahel Quincaillerie
29,2025-01-07,2025-05-07,325,Sahel Quincaillerie
29,2025-05-08,2025-09-08,275,Sahel Quincaillerie
29,2025-09-09,2026-01-09,275,Sahel Quincaillerie
29,2026-01-10,2026-05-10,275,Sahel Quincaillerie
29,2026-05-11,2026-08-31,275,Sahel Quincaillerie
30,2023-01-01,2023-05-01,500,Sahel Quincaillerie
30,2023-05-02,2023-09-02,450,Sahel Quincaillerie
30,2023-09-03,2024-01-03,450,Sahel Quincaillerie
30,2024-01-04,2024-05-04,325,Sahel Quincaillerie
30,2024-05-05,2024-09-05,250,Sahel Quincaillerie
30,2024-09-06,2025-01-06,275,Sahel Quincaillerie
30,2025-01-07,2025-05-07,250,Sahel Quincaillerie
30,2025-05-08,2025-09-08,300,Sahel Quincaillerie
30,2025-09-09,2026-01-09,300,Sahel Quincaillerie
30,2026-01-10,2026-05-10,275,Sahel Quincaillerie
30,2026-05-11,2026-08-31,300,Sahel Quincaillerie
31,2023-01-01,2023-05-01,650,Sahel Quincaillerie
31,2023-05-02,2023-09-02,625,Sahel Quincaillerie
31,2023-09-03,2024-01-03,650,Sahel Quincaillerie
31,2024-01-04,2024-05-04,675,Sahel Quincaillerie
31,2024-05-05,2024-09-05,650,Sahel Quincaillerie
31,2024-09-06,2025-01-06,700,Sahel Quincaillerie
31,2025-01-07,2025-05-07,725,Sahel Quincaillerie
31,2025-05-08,2025-09-08,725,Sahel Quincaillerie
31,2025-09-09,2026-01-09,750,Sahel Quincaillerie
31,2026-01-10,2026-05-10,675,Sahel Quincaillerie
31,2026-05-11,2026-08-31,725,Sahel Quincaillerie
32,2023-01-01,2023-05-01,500,Sahel Quincaillerie
32,2023-05-02,2023-09-02,500,Sahel Quincaillerie
32,2023-09-03,2024-01-03,500,Sahel Quincaillerie
32,2024-01-04,2024-05-04,425,Sahel Quincaillerie
32,2024-05-05,2024-09-05,400,Sahel Quincaillerie
32,2024-09-06,2025-01-06,375,Sahel Quincaillerie
32,2025-01-07,2025-05-07,325,Sahel Quincaillerie
32,2025-05-08,2025-09-08,400,Sahel Quincaillerie
32,2025-09-09,2026-01-09,400,Sahel Quincaillerie
32,2026-01-10,2026-05-10,375,Sahel Quincaillerie
32,2026-05-11,2026-08-31,400,Sahel Quincaillerie
33,2023-01-01,2023-05-01,725,Sahel Quincaillerie
33,2023-05-02,2023-09-02,800,Sahel Quincaillerie
33,2023-09-03,2024-01-03,775,Sahel Quincaillerie
33,2024-01-04,2024-05-04,725,Sahel Quincaillerie
33,2024-05-05,2024-09-05,750,Sahel Quincaillerie
33,2024-09-06,2025-01-06,800,Sahel Quincaillerie
33,2025-01-07,2025-05-07,750,Sahel Quincaillerie
33,2025-05-08,2025-09-08,825,Sahel Quincaillerie
33,2025-09-09,2026-01-09,825,Sahel Quincaillerie
33,2026-01-10,2026-05-10,675,Sahel Quincaillerie
33,2026-05-11,2026-08-31,575,Sahel Quincaillerie
34,2023-01-01,2023-05-01,375,Sahel Quincaillerie
34,2023-05-02,2023-09-02,425,Sahel Quincaillerie
34,2023-09-03,2024-01-03,400,Sahel Quincaillerie
34,2024-01-04,2024-05-04,400,Sahel Quincaillerie
34,2024-05-05,2024-09-05,400,Sahel Quincaillerie
34,2024-09-06,2025-01-06,375,Sahel Quincaillerie
34,2025-01-07,2025-05-07,400,Sahel Quincaillerie
34,2025-05-08,2025-09-08,400,Sahel Quincaillerie
34,2025-09-09,2026-01-09,375,Sahel Quincaillerie
34,2026-01-10,2026-05-10,350,Sahel Quincaillerie
34,2026-05-11,2026-08-31,300,Sahel Quincaillerie
35,2023-01-01,2023-05-01,475,Sahel Quincaillerie
35,2023-05-02,2023-09-02,500,Sahel Quincaillerie
35,2023-09-03,2024-01-03,550,Sahel Quincaillerie
35,2024-01-04,2024-05-04,500,Sahel Quincaillerie
35,2024-05-05,2024-09-05,550,Sahel Quincaillerie
35,2024-09-06,2025-01-06,525,Sahel Quincaillerie
35,2025-01-07,2025-05-07,525,Sahel Quincaillerie
35,2025-05-08,2025-09-08,475,Sahel Quincaillerie
35,2025-09-09,2026-01-09,400,Sahel Quincaillerie
35,2026-01-10,2026-05-10,425,Sahel Quincaillerie
35,2026-05-11,2026-08-31,425,Sahel Quincaillerie
36,2023-01-01,2023-05-01,700,Sahel Quincaillerie
36,2023-05-02,2023-09-02,675,Sahel Quincaillerie
36,2023-09-03,2024-01-03,775,Sahel Quincaillerie
36,2024-01-04,2024-05-04,775,Sahel Quincaillerie
36,2024-05-05,2024-09-05,875,Sahel Quincaillerie
36,2024-09-06,2025-01-06,975,Sahel Quincaillerie
36,2025-01-07,2025-05-07,950,Sahel Quincaillerie
36,2025-05-08,2025-09-08,1025,Sahel Quincaillerie
36,2025-09-09,2026-01-09,1050,Sahel Quincaillerie
36,2026-01-10,2026-05-10,975,Sahel Quincaillerie
36,2026-05-11,2026-08-31,975,Sahel Quincaillerie
37,2023-01-01,2023-05-01,375,Sahel Quincaillerie
37,2023-05-02,2023-09-02,350,Sahel Quincaillerie
37,2023-09-03,2024-01-03,350,Sahel Quincaillerie
37,2024-01-04,2024-05-04,325,Sahel Quincaillerie
37,2024-05-05,2024-09-05,350,Sahel Quincaillerie
37,2024-09-06,2025-01-06,375,Sahel Quincaillerie
37,2025-01-07,2025-05-07,400,Sahel Quincaillerie
37,2025-05-08,2025-09-08,350,Sahel Quincaillerie
37,2025-09-09,2026-01-09,375,Sahel Quincaillerie
37,2026-01-10,2026-05-10,400,Sahel Quincaillerie
37,2026-05-11,2026-08-31,425,Sahel Quincaillerie
38,2023-01-01,2023-05-01,625,Sahel Quincaillerie
38,2023-05-02,2023-09-02,650,Sahel Quincaillerie
38,2023-09-03,2024-01-03,650,Sahel Quincaillerie
38,2024-01-04,2024-05-04,600,Sahel Quincaillerie
38,2024-05-05,2024-09-05,575,Sahel Quincaillerie
38,2024-09-06,2025-01-06,575,Sahel Quincaillerie
38,2025-01-07,2025-05-07,525,Sahel Quincaillerie
38,2025-05-08,2025-09-08,575,Sahel Quincaillerie
38,2025-09-09,2026-01-09,475,Sahel Quincaillerie
38,2026-01-10,2026-05-10,425,Sahel Quincaillerie
38,2026-05-11,2026-08-31,525,Sahel Quincaillerie
39,2023-01-01,2023-05-01,425,Sahel Quincaillerie
39,2023-05-02,2023-09-02,350,Sahel Quincaillerie
39,2023-09-03,2024-01-03,300,Sahel Quincaillerie
39,2024-01-04,2024-05-04,250,Sahel Quincaillerie
39,2024-05-05,2024-09-05,250,Sahel Quincaillerie
39,2024-09-06,2025-01-06,250,Sahel Quincaillerie
39,2025-01-07,2025-05-07,250,Sahel Quincaillerie
39,2025-05-08,2025-09-08,275,Sahel Quincaillerie
39,2025-09-09,2026-01-09,300,Sahel Quincaillerie
39,2026-01-10,2026-05-10,250,Sahel Quincaillerie
39,2026-05-11,2026-08-31,275,Sahel Quincaillerie
40,2023-01-01,2023-05-01,625,Sahel Quincaillerie
40,2023-05-02,2023-09-02,625,Sahel Quincaillerie
40,2023-09-03,2024-01-03,750,Sahel Quincaillerie
40,2024-01-04,2024-05-04,750,Sahel Quincaillerie
40,2024-05-05,2024-09-05,675,Sahel Quincaillerie
40,2024-09-06,2025-01-06,625,Sahel Quincaillerie
40,2025-01-07,2025-05-07,625,Sahel Quincaillerie
40,2025-05-08,2025-09-08,600,Sahel Quincaillerie
40,2025-09-09,2026-01-09,625,Sahel Quincaillerie
40,2026-01-10,2026-05-10,700,Sahel Quincaillerie
40,2026-05-11,2026-08-31,800,Sahel Quincaillerie
41,2023-01-01,2023-05-01,450,Sahel Quincaillerie
41,2023-05-02,2023-09-02,425,Sahel Quincaillerie
41,2023-09-03,2024-01-03,375,Sahel Quincaillerie
41,2024-01-04,2024-05-04,425,Sahel Quincaillerie
41,2024-05-05,2024-09-05,450,Sahel Quincaillerie
41,2024-09-06,2025-01-06,375,Sahel Quincaillerie
41,2025-01-07,2025-05-07,300,Sahel Quincaillerie
41,2025-05-08,2025-09-08,300,Sahel Quincaillerie
41,2025-09-09,2026-01-09,300,Sahel Quincaillerie
41,2026-01-10,2026-05-10,300,Sahel Quincaillerie
41,2026-05-11,2026-08-31,375,Sahel Quincaillerie
42,2023-01-01,2023-05-01,600,Sahel Quincaillerie
42,2023-05-02,2023-09-02,575,Sahel Quincaillerie
42,2023-09-03,2024-01-03,500,Sahel Quincaillerie
42,2024-01-04,2024-05-04,525,Sahel Quincaillerie
42,2024-05-05,2024-09-05,500,Sahel Quincaillerie
42,2024-09-06,2025-01-06,475,Sahel Quincaillerie
42,2025-01-07,2025-05-07,425,Sahel Quincaillerie
42,2025-05-08,2025-09-08,375,Sahel Quincaillerie
42,2025-09-09,2026-01-09,300,Sahel Quincaillerie
42,2026-01-10,2026-05-10,325,Sahel Quincaillerie
42,2026-05-11,2026-08-31,450,Sahel Quincaillerie
43,2023-01-01,2023-05-01,2900,Outil Pro SA
43,2023-05-02,2023-09-02,2825,Outil Pro SA
43,2023-09-03,2024-01-03,2625,Outil Pro SA
43,2024-01-04,2024-05-04,2175,Outil Pro SA
43,2024-05-05,2024-09-05,2075,Outil Pro SA
43,2024-09-06,2025-01-06,1975,Outil Pro SA
43,2025-01-07,2025-05-07,1975,Outil Pro SA
43,2025-05-08,2025-09-08,2325,Outil Pro SA
43,2025-09-09,2026-01-09,2325,Outil Pro SA
43,2026-01-10,2026-05-10,1950,Outil Pro SA
43,2026-05-11,2026-08-31,1825,Outil Pro SA
44,2023-01-01,2023-05-01,2175,Outil Pro SA
44,2023-05-02,2023-09-02,2200,Outil Pro SA
44,2023-09-03,2024-01-03,2025,Outil Pro SA
44,2024-01-04,2024-05-04,1775,Outil Pro SA
44,2024-05-05,2024-09-05,1500,Outil Pro SA
44,2024-09-06,2025-01-06,1350,Outil Pro SA
44,2025-01-07,2025-05-07,1400,Outil Pro SA
44,2025-05-08,2025-09-08,1900,Outil Pro SA
44,2025-09-09,2026-01-09,1550,Outil Pro SA
44,2026-01-10,2026-05-10,1400,Outil Pro SA
44,2026-05-11,2026-08-31,1625,Outil Pro SA
45,2023-01-01,2023-05-01,2550,Outil Pro SA
45,2023-05-02,2023-09-02,3050,Outil Pro SA
45,2023-09-03,2024-01-03,3175,Outil Pro SA
45,2024-01-04,2024-05-04,3325,Outil Pro SA
45,2024-05-05,2024-09-05,3250,Outil Pro SA
45,2024-09-06,2025-01-06,3225,Outil Pro SA
45,2025-01-07,2025-05-07,3475,Outil Pro SA
45,2025-05-08,2025-09-08,3275,Outil Pro SA
45,2025-09-09,2026-01-09,3650,Outil Pro SA
45,2026-01-10,2026-05-10,3425,Outil Pro SA
45,2026-05-11,2026-08-31,2950,Outil Pro SA
46,2023-01-01,2023-05-01,2350,Outil Pro SA
46,2023-05-02,2023-09-02,2175,Outil Pro SA
46,2023-09-03,2024-01-03,2500,Outil Pro SA
46,2024-01-04,2024-05-04,2375,Outil Pro SA
46,2024-05-05,2024-09-05,2525,Outil Pro SA
46,2024-09-06,2025-01-06,2400,Outil Pro SA
46,2025-01-07,2025-05-07,2325,Outil Pro SA
46,2025-05-08,2025-09-08,2625,Outil Pro SA
46,2025-09-09,2026-01-09,2500,Outil Pro SA
46,2026-01-10,2026-05-10,2625,Outil Pro SA
46,2026-05-11,2026-08-31,3000,Outil Pro SA
47,2023-01-01,2023-05-01,2775,Outil Pro SA
47,2023-05-02,2023-09-02,2550,Outil Pro SA
47,2023-09-03,2024-01-03,2450,Outil Pro SA
47,2024-01-04,2024-05-04,2375,Outil Pro SA
47,2024-05-05,2024-09-05,2175,Outil Pro SA
47,2024-09-06,2025-01-06,2250,Outil Pro SA
47,2025-01-07,2025-05-07,1850,Outil Pro SA
47,2025-05-08,2025-09-08,2000,Outil Pro SA
47,2025-09-09,2026-01-09,1700,Outil Pro SA
47,2026-01-10,2026-05-10,1875,Outil Pro SA
47,2026-05-11,2026-08-31,2000,Outil Pro SA
48,2023-01-01,2023-05-01,2900,Outil Pro SA
48,2023-05-02,2023-09-02,2625,Outil Pro SA
48,2023-09-03,2024-01-03,2850,Outil Pro SA
48,2024-01-04,2024-05-04,2675,Outil Pro SA
48,2024-05-05,2024-09-05,2725,Outil Pro SA
48,2024-09-06,2025-01-06,2050,Outil Pro SA
48,2025-01-07,2025-05-07,1775,Outil Pro SA
48,2025-05-08,2025-09-08,1700,Outil Pro SA
48,2025-09-09,2026-01-09,1800,Outil Pro SA
48,2026-01-10,2026-05-10,1625,Outil Pro SA
48,2026-05-11,2026-08-31,1625,Outil Pro SA
49,2023-01-01,2023-05-01,2175,Outil Pro SA
49,2023-05-02,2023-09-02,1900,Outil Pro SA
49,2023-09-03,2024-01-03,1875,Outil Pro SA
49,2024-01-04,2024-05-04,1975,Outil Pro SA
49,2024-05-05,2024-09-05,2050,Outil Pro SA
49,2024-09-06,2025-01-06,1925,Outil Pro SA
49,2025-01-07,2025-05-07,1550,Outil Pro SA
49,2025-05-08,2025-09-08,1575,Outil Pro SA
49,2025-09-09,2026-01-09,1825,Outil Pro SA
49,2026-01-10,2026-05-10,1575,Outil Pro SA
49,2026-05-11,2026-08-31,2050,Outil Pro SA
50,2023-01-01,2023-05-01,1575,Outil Pro SA
50,2023-05-02,2023-09-02,1500,Outil Pro SA
50,2023-09-03,2024-01-03,1475,Outil Pro SA
50,2024-01-04,2024-05-04,1375,Outil Pro SA
50,2024-05-05,2024-09-05,1725,Outil Pro SA
50,2024-09-06,2025-01-06,1775,Outil Pro SA
50,2025-01-07,2025-05-07,1825,Outil Pro SA
50,2025-05-08,2025-09-08,1775,Outil Pro SA
50,2025-09-09,2026-01-09,1825,Outil Pro SA
50,2026-01-10,2026-05-10,1675,Outil Pro SA
50,2026-05-11,2026-08-31,1700,Outil Pro SA
51,2023-01-01,2023-05-01,1975,Outil Pro SA
51,2023-05-02,2023-09-02,1800,Outil Pro SA
51,2023-09-03,2024-01-03,1925,Outil Pro SA
51,2024-01-04,2024-05-04,1925,Outil Pro SA
51,2024-05-05,2024-09-05,1850,Outil Pro SA
51,2024-09-06,2025-01-06,2125,Outil Pro SA
51,2025-01-07,2025-05-07,2125,Outil Pro SA
51,2025-05-08,2025-09-08,2275,Outil Pro SA
51,2025-09-09,2026-01-09,2050,Outil Pro SA
51,2026-01-10,2026-05-10,2175,Outil Pro SA
51,2026-05-11,2026-08-31,1900,Outil Pro SA
52,2023-01-01,2023-05-01,1775,Outil Pro SA
52,2023-05-02,2023-09-02,1775,Outil Pro SA
52,2023-09-03,2024-01-03,1775,Outil Pro SA
52,2024-01-04,2024-05-04,1975,Outil Pro SA
52,2024-05-05,2024-09-05,2025,Outil Pro SA
52,2024-09-06,2025-01-06,2300,Outil Pro SA
52,2025-01-07,2025-05-07,2025,Outil Pro SA
52,2025-05-08,2025-09-08,2075,Outil Pro SA
52,2025-09-09,2026-01-09,1850,Outil Pro SA
52,2026-01-10,2026-05-10,1950,Outil Pro SA
52,2026-05-11,2026-08-31,2100,Outil Pro SA
53,2023-01-01,2023-05-01,1625,Outil Pro SA
53,2023-05-02,2023-09-02,1775,Outil Pro SA
53,2023-09-03,2024-01-03,1825,Outil Pro SA
53,2024-01-04,2024-05-04,1875,Outil Pro SA
53,2024-05-05,2024-09-05,1975,Outil Pro SA
53,2024-09-06,2025-01-06,1950,Outil Pro SA
53,2025-01-07,2025-05-07,1700,Outil Pro SA
53,2025-05-08,2025-09-08,1575,Outil Pro SA
53,2025-09-09,2026-01-09,1500,Outil Pro SA
53,2026-01-10,2026-05-10,1400,Outil Pro SA
53,2026-05-11,2026-08-31,1600,Outil Pro SA
54,2023-01-01,2023-05-01,2525,Outil Pro SA
54,2023-05-02,2023-09-02,2500,Outil Pro SA
54,2023-09-03,2024-01-03,2325,Outil Pro SA
54,2024-01-04,2024-05-04,2300,Outil Pro SA
54,2024-05-05,2024-09-05,2275,Outil Pro SA
54,2024-09-06,2025-01-06,1700,Outil Pro SA
54,2025-01-07,2025-05-07,2150,Outil Pro SA
54,2025-05-08,2025-09-08,1925,Outil Pro SA
54,2025-09-09,2026-01-09,1625,Outil Pro SA
54,2026-01-10,2026-05-10,1600,Outil Pro SA
54,2026-05-11,2026-08-31,1600,Outil Pro SA
55,2023-01-01,2023-05-01,2500,Outil Pro SA
55,2023-05-02,2023-09-02,2625,Outil Pro SA
55,2023-09-03,2024-01-03,2350,Outil Pro SA
55,2024-01-04,2024-05-04,3100,Outil Pro SA
55,2024-05-05,2024-09-05,3100,Outil Pro SA
55,2024-09-06,2025-01-06,2750,Outil Pro SA
55,2025-01-07,2025-05-07,3025,Outil Pro SA
55,2025-05-08,2025-09-08,3225,Outil Pro SA
55,2025-09-09,2026-01-09,3325,Outil Pro SA
55,2026-01-10,2026-05-10,3825,Outil Pro SA
55,2026-05-11,2026-08-31,3625,Outil Pro SA
56,2023-01-01,2023-05-01,1300,Outil Pro SA
56,2023-05-02,2023-09-02,1100,Outil Pro SA
56,2023-09-03,2024-01-03,1150,Outil Pro SA
56,2024-01-04,2024-05-04,1175,Outil Pro SA
56,2024-05-05,2024-09-05,1375,Outil Pro SA
56,2024-09-06,2025-01-06,1225,Outil Pro SA
56,2025-01-07,2025-05-07,1225,Outil Pro SA
56,2025-05-08,2025-09-08,1075,Outil Pro SA
56,2025-09-09,2026-01-09,1025,Outil Pro SA
56,2026-01-10,2026-05-10,1050,Outil Pro SA
56,2026-05-11,2026-08-31,1075,Outil Pro SA
57,2023-01-01,2023-05-01,2350,Outil Pro SA
57,2023-05-02,2023-09-02,2425,Outil Pro SA
57,2023-09-03,2024-01-03,2300,Outil Pro SA
57,2024-01-04,2024-05-04,2250,Outil Pro SA
57,2024-05-05,2024-09-05,2300,Outil Pro SA
57,2024-09-06,2025-01-06,2475,Outil Pro SA
57,2025-01-07,2025-05-07,2625,Outil Pro SA
57,2025-05-08,2025-09-08,2875,Outil Pro SA
57,2025-09-09,2026-01-09,2875,Outil Pro SA
57,2026-01-10,2026-05-10,2650,Outil Pro SA
57,2026-05-11,2026-08-31,2775,Outil Pro SA
58,2023-01-01,2023-05-01,1625,Outil Pro SA
58,2023-05-02,2023-09-02,1600,Outil Pro SA
58,2023-09-03,2024-01-03,1525,Outil Pro SA
58,2024-01-04,2024-05-04,1525,Outil Pro SA
58,2024-05-05,2024-09-05,1275,Outil Pro SA
58,2024-09-06,2025-01-06,1400,Outil Pro SA
58,2025-01-07,2025-05-07,1250,Outil Pro SA
58,2025-05-08,2025-09-08,1200,Outil Pro SA
58,2025-09-09,2026-01-09,1025,Outil Pro SA
58,2026-01-10,2026-05-10,1000,Outil Pro SA
58,2026-05-11,2026-08-31,950,Outil Pro SA
59,2023-01-01,2023-05-01,2525,Outil Pro SA
59,2023-05-02,2023-09-02,2150,Outil Pro SA
59,2023-09-03,2024-01-03,2125,Outil Pro SA
59,2024-01-04,2024-05-04,2175,Outil Pro SA
59,2024-05-05,2024-09-05,2150,Outil Pro SA
59,2024-09-06,2025-01-06,2000,Outil Pro SA
59,2025-01-07,2025-05-07,2350,Outil Pro SA
59,2025-05-08,2025-09-08,1900,Outil Pro SA
59,2025-09-09,2026-01-09,1850,Outil Pro SA
59,2026-01-10,2026-05-10,1450,Outil Pro SA
59,2026-05-11,2026-08-31,1250,Outil Pro SA
60,2023-01-01,2023-05-01,1575,Outil Pro SA
60,2023-05-02,2023-09-02,1450,Outil Pro SA
60,2023-09-03,2024-01-03,1525,Outil Pro SA
60,2024-01-04,2024-05-04,1575,Outil Pro SA
60,2024-05-05,2024-09-05,1575,Outil Pro SA
60,2024-09-06,2025-01-06,1750,Outil Pro SA
60,2025-01-07,2025-05-07,1525,Outil Pro SA
60,2025-05-08,2025-09-08,1625,Outil Pro SA
60,2025-09-09,2026-01-09,1825,Outil Pro SA
60,2026-01-10,2026-05-10,2025,Outil Pro SA
60,2026-05-11,2026-08-31,1975,Outil Pro SA
61,2023-01-01,2023-05-01,900,Hydro Ouest
61,2023-05-02,2023-09-02,1000,Hydro Ouest
61,2023-09-03,2024-01-03,975,Hydro Ouest
61,2024-01-04,2024-05-04,1000,Hydro Ouest
61,2024-05-05,2024-09-05,1100,Hydro Ouest
61,2024-09-06,2025-01-06,1350,Hydro Ouest
61,2025-01-07,2025-05-07,1450,Hydro Ouest
61,2025-05-08,2025-09-08,1450,Hydro Ouest
61,2025-09-09,2026-01-09,1400,Hydro Ouest
61,2026-01-10,2026-05-10,1400,Hydro Ouest
61,2026-05-11,2026-08-31,1450,Hydro Ouest
62,2023-01-01,2023-05-01,1225,Hydro Ouest
62,2023-05-02,2023-09-02,1175,Hydro Ouest
62,2023-09-03,2024-01-03,1025,Hydro Ouest
62,2024-01-04,2024-05-04,975,Hydro Ouest
62,2024-05-05,2024-09-05,975,Hydro Ouest
62,2024-09-06,2025-01-06,900,Hydro Ouest
62,2025-01-07,2025-05-07,875,Hydro Ouest
62,2025-05-08,2025-09-08,725,Hydro Ouest
62,2025-09-09,2026-01-09,650,Hydro Ouest
62,2026-01-10,2026-05-10,600,Hydro Ouest
62,2026-05-11,2026-08-31,600,Hydro Ouest
63,2023-01-01,2023-05-01,850,Hydro Ouest
63,2023-05-02,2023-09-02,1000,Hydro Ouest
63,2023-09-03,2024-01-03,1075,Hydro Ouest
63,2024-01-04,2024-05-04,1100,Hydro Ouest
63,2024-05-05,2024-09-05,1275,Hydro Ouest
63,2024-09-06,2025-01-06,1325,Hydro Ouest
63,2025-01-07,2025-05-07,1300,Hydro Ouest
63,2025-05-08,2025-09-08,1225,Hydro Ouest
63,2025-09-09,2026-01-09,1200,Hydro Ouest
63,2026-01-10,2026-05-10,1225,Hydro Ouest
63,2026-05-11,2026-08-31,1175,Hydro Ouest
64,2023-01-01,2023-05-01,950,Hydro Ouest
64,2023-05-02,2023-09-02,925,Hydro Ouest
64,2023-09-03,2024-01-03,900,Hydro Ouest
64,2024-01-04,2024-05-04,875,Hydro Ouest
64,2024-05-05,2024-09-05,825,Hydro Ouest
64,2024-09-06,2025-01-06,875,Hydro Ouest
64,2025-01-07,2025-05-07,925,Hydro Ouest
64,2025-05-08,2025-09-08,950,Hydro Ouest
64,2025-09-09,2026-01-09,975,Hydro Ouest
64,2026-01-10,2026-05-10,875,Hydro Ouest
64,2026-05-11,2026-08-31,950,Hydro Ouest
65,2023-01-01,2023-05-01,1225,Hydro Ouest
65,2023-05-02,2023-09-02,1250,Hydro Ouest
65,2023-09-03,2024-01-03,1400,Hydro Ouest
65,2024-01-04,2024-05-04,1250,Hydro Ouest
65,2024-05-05,2024-09-05,1100,Hydro Ouest
65,2024-09-06,2025-01-06,1200,Hydro Ouest
65,2025-01-07,2025-05-07,1325,Hydro Ouest
65,2025-05-08,2025-09-08,1425,Hydro Ouest
65,2025-09-09,2026-01-09,1300,Hydro Ouest
65,2026-01-10,2026-05-10,1325,Hydro Ouest
65,2026-05-11,2026-08-31,1300,Hydro Ouest
66,2023-01-01,2023-05-01,1425,Hydro Ouest
66,2023-05-02,2023-09-02,1475,Hydro Ouest
66,2023-09-03,2024-01-03,1475,Hydro Ouest
66,2024-01-04,2024-05-04,1225,Hydro Ouest
66,2024-05-05,2024-09-05,1175,Hydro Ouest
66,2024-09-06,2025-01-06,1000,Hydro Ouest
66,2025-01-07,2025-05-07,925,Hydro Ouest
66,2025-05-08,2025-09-08,1025,Hydro Ouest
66,2025-09-09,2026-01-09,1225,Hydro Ouest
66,2026-01-10,2026-05-10,1175,Hydro Ouest
66,2026-05-11,2026-08-31,1350,Hydro Ouest
67,2023-01-01,2023-05-01,975,Hydro Ouest
67,2023-05-02,2023-09-02,850,Hydro Ouest
67,2023-09-03,2024-01-03,950,Hydro Ouest
67,2024-01-04,2024-05-04,1050,Hydro Ouest
67,2024-05-05,2024-09-05,1050,Hydro Ouest
67,2024-09-06,2025-01-06,1075,Hydro Ouest
67,2025-01-07,2025-05-07,1150,Hydro Ouest
67,2025-05-08,2025-09-08,1175,Hydro Ouest
67,2025-09-09,2026-01-09,1100,Hydro Ouest
67,2026-01-10,2026-05-10,1200,Hydro Ouest
67,2026-05-11,2026-08-31,1200,Hydro Ouest
68,2023-01-01,2023-05-01,825,Hydro Ouest
68,2023-05-02,2023-09-02,850,Hydro Ouest
68,2023-09-03,2024-01-03,875,Hydro Ouest
68,2024-01-04,2024-05-04,900,Hydro Ouest
68,2024-05-05,2024-09-05,900,Hydro Ouest
68,2024-09-06,2025-01-06,1000,Hydro Ouest
68,2025-01-07,2025-05-07,925,Hydro Ouest
68,2025-05-08,2025-09-08,900,Hydro Ouest
68,2025-09-09,2026-01-09,1025,Hydro Ouest
68,2026-01-10,2026-05-10,1150,Hydro Ouest
68,2026-05-11,2026-08-31,1175,Hydro Ouest
69,2023-01-01,2023-05-01,800,Hydro Ouest
69,2023-05-02,2023-09-02,775,Hydro Ouest
69,2023-09-03,2024-01-03,675,Hydro Ouest
69,2024-01-04,2024-05-04,725,Hydro Ouest
69,2024-05-05,2024-09-05,650,Hydro Ouest
69,2024-09-06,2025-01-06,575,Hydro Ouest
69,2025-01-07,2025-05-07,550,Hydro Ouest
69,2025-05-08,2025-09-08,525,Hydro Ouest
69,2025-09-09,2026-01-09,575,Hydro Ouest
69,2026-01-10,2026-05-10,600,Hydro Ouest
69,2026-05-11,2026-08-31,550,Hydro Ouest
70,2023-01-01,2023-05-01,1300,Hydro Ouest
70,2023-05-02,2023-09-02,1350,Hydro Ouest
70,2023-09-03,2024-01-03,1375,Hydro Ouest
70,2024-01-04,2024-05-04,1425,Hydro Ouest
70,2024-05-05,2024-09-05,1575,Hydro Ouest
70,2024-09-06,2025-01-06,1550,Hydro Ouest
70,2025-01-07,2025-05-07,1650,Hydro Ouest
70,2025-05-08,2025-09-08,1625,Hydro Ouest
70,2025-09-09,2026-01-09,1475,Hydro Ouest
70,2026-01-10,2026-05-10,1500,Hydro Ouest
70,2026-05-11,2026-08-31,1725,Hydro Ouest
71,2023-01-01,2023-05-01,925,Hydro Ouest
71,2023-05-02,2023-09-02,900,Hydro Ouest
71,2023-09-03,2024-01-03,875,Hydro Ouest
71,2024-01-04,2024-05-04,950,Hydro Ouest
71,2024-05-05,2024-09-05,800,Hydro Ouest
71,2024-09-06,2025-01-06,850,Hydro Ouest
71,2025-01-07,2025-05-07,900,Hydro Ouest
71,2025-05-08,2025-09-08,850,Hydro Ouest
71,2025-09-09,2026-01-09,875,Hydro Ouest
71,2026-01-10,2026-05-10,825,Hydro Ouest
71,2026-05-11,2026-08-31,900,Hydro Ouest
72,2023-01-01,2023-05-01,1000,Hydro Ouest
72,2023-05-02,2023-09-02,1000,Hydro Ouest
72,2023-09-03,2024-01-03,950,Hydro Ouest
72,2024-01-04,2024-05-04,950,Hydro Ouest
72,2024-05-05,2024-09-05,950,Hydro Ouest
72,2024-09-06,2025-01-06,950,Hydro Ouest
72,2025-01-07,2025-05-07,1025,Hydro Ouest
72,2025-05-08,2025-09-08,975,Hydro Ouest
72,2025-09-09,2026-01-09,1025,Hydro Ouest
72,2026-01-10,2026-05-10,975,Hydro Ouest
72,2026-05-11,2026-08-31,1075,Hydro Ouest
73,2023-01-01,2023-05-01,7325,Hydro Ouest
73,2023-05-02,2023-09-02,8450,Hydro Ouest
73,2023-09-03,2024-01-03,6725,Hydro Ouest
73,2024-01-04,2024-05-04,7475,Hydro Ouest
73,2024-05-05,2024-09-05,6725,Hydro Ouest
73,2024-09-06,2025-01-06,6000,Hydro Ouest
73,2025-01-07,2025-05-07,5825,Hydro Ouest
73,2025-05-08,2025-09-08,5075,Hydro Ouest
73,2025-09-09,2026-01-09,5275,Hydro Ouest
73,2026-01-10,2026-05-10,5075,Hydro Ouest
73,2026-05-11,2026-08-31,5075,Hydro Ouest
74,2023-01-01,2023-05-01,10375,Hydro Ouest
74,2023-05-02,2023-09-02,9325,Hydro Ouest
74,2023-09-03,2024-01-03,9250,Hydro Ouest
74,2024-01-04,2024-05-04,10600,Hydro Ouest
74,2024-05-05,2024-09-05,9775,Hydro Ouest
74,2024-09-06,2025-01-06,9775,Hydro Ouest
74,2025-01-07,2025-05-07,9375,Hydro Ouest
74,2025-05-08,2025-09-08,8350,Hydro Ouest
74,2025-09-09,2026-01-09,9000,Hydro Ouest
74,2026-01-10,2026-05-10,10450,Hydro Ouest
74,2026-05-11,2026-08-31,11125,Hydro Ouest
75,2023-01-01,2023-05-01,7975,Hydro Ouest
75,2023-05-02,2023-09-02,6875,Hydro Ouest
75,2023-09-03,2024-01-03,6700,Hydro Ouest
75,2024-01-04,2024-05-04,6275,Hydro Ouest
75,2024-05-05,2024-09-05,5850,Hydro Ouest
75,2024-09-06,2025-01-06,5050,Hydro Ouest
75,2025-01-07,2025-05-07,4925,Hydro Ouest
75,2025-05-08,2025-09-08,5775,Hydro Ouest
75,2025-09-09,2026-01-09,5775,Hydro Ouest
75,2026-01-10,2026-05-10,5925,Hydro Ouest
75,2026-05-11,2026-08-31,6575,Hydro Ouest
76,2023-01-01,2023-05-01,4725,Hydro Ouest
76,2023-05-02,2023-09-02,4850,Hydro Ouest
76,2023-09-03,2024-01-03,5500,Hydro Ouest
76,2024-01-04,2024-05-04,4900,Hydro Ouest
76,2024-05-05,2024-09-05,4075,Hydro Ouest
76,2024-09-06,2025-01-06,4475,Hydro Ouest
76,2025-01-07,2025-05-07,3075,Hydro Ouest
76,2025-05-08,2025-09-08,3625,Hydro Ouest
76,2025-09-09,2026-01-09,3175,Hydro Ouest
76,2026-01-10,2026-05-10,3425,Hydro Ouest
76,2026-05-11,2026-08-31,3475,Hydro Ouest
77,2023-01-01,2023-05-01,8675,Hydro Ouest
77,2023-05-02,2023-09-02,9700,Hydro Ouest
77,2023-09-03,2024-01-03,10900,Hydro Ouest
77,2024-01-04,2024-05-04,11525,Hydro Ouest
77,2024-05-05,2024-09-05,11475,Hydro Ouest
77,2024-09-06,2025-01-06,10725,Hydro Ouest
77,2025-01-07,2025-05-07,10750,Hydro Ouest
77,2025-05-08,2025-09-08,11275,Hydro Ouest
77,2025-09-09,2026-01-09,10775,Hydro Ouest
77,2026-01-10,2026-05-10,9875,Hydro Ouest
77,2026-05-11,2026-08-31,9125,Hydro Ouest
78,2023-01-01,2023-05-01,9450,Hydro Ouest
78,2023-05-02,2023-09-02,9125,Hydro Ouest
78,2023-09-03,2024-01-03,9275,Hydro Ouest
78,2024-01-04,2024-05-04,8625,Hydro Ouest
78,2024-05-05,2024-09-05,9450,Hydro Ouest
78,2024-09-06,2025-01-06,9175,Hydro Ouest
78,2025-01-07,2025-05-07,8950,Hydro Ouest
78,2025-05-08,2025-09-08,8250,Hydro Ouest
78,2025-09-09,2026-01-09,8725,Hydro Ouest
78,2026-01-10,2026-05-10,8950,Hydro Ouest
78,2026-05-11,2026-08-31,8750,Hydro Ouest
79,2023-01-01,2023-05-01,9225,Hydro Ouest
79,2023-05-02,2023-09-02,9775,Hydro Ouest
79,2023-09-03,2024-01-03,11025,Hydro Ouest
79,2024-01-04,2024-05-04,11475,Hydro Ouest
79,2024-05-05,2024-09-05,12275,Hydro Ouest
79,2024-09-06,2025-01-06,10775,Hydro Ouest
79,2025-01-07,2025-05-07,10850,Hydro Ouest
79,2025-05-08,2025-09-08,10250,Hydro Ouest
79,2025-09-09,2026-01-09,11300,Hydro Ouest
79,2026-01-10,2026-05-10,9925,Hydro Ouest
79,2026-05-11,2026-08-31,10625,Hydro Ouest
80,2023-01-01,2023-05-01,9350,Hydro Ouest
80,2023-05-02,2023-09-02,10300,Hydro Ouest
80,2023-09-03,2024-01-03,10800,Hydro Ouest
80,2024-01-04,2024-05-04,10450,Hydro Ouest
80,2024-05-05,2024-09-05,10350,Hydro Ouest
80,2024-09-06,2025-01-06,11500,Hydro Ouest
80,2025-01-07,2025-05-07,10050,Hydro Ouest
80,2025-05-08,2025-09-08,10150,Hydro Ouest
80,2025-09-09,2026-01-09,9800,Hydro Ouest
80,2026-01-10,2026-05-10,9950,Hydro Ouest
80,2026-05-11,2026-08-31,9875,Hydro Ouest
81,2023-01-01,2023-05-01,10825,Hydro Ouest
81,2023-05-02,2023-09-02,10650,Hydro Ouest
81,2023-09-03,2024-01-03,9950,Hydro Ouest
81,2024-01-04,2024-05-04,9850,Hydro Ouest
81,2024-05-05,2024-09-05,11375,Hydro Ouest
81,2024-09-06,2025-01-06,9875,Hydro Ouest
81,2025-01-07,2025-05-07,10075,Hydro Ouest
81,2025-05-08,2025-09-08,8400,Hydro Ouest
81,2025-09-09,2026-01-09,8275,Hydro Ouest
81,2026-01-10,2026-05-10,6975,Hydro Ouest
81,2026-05-11,2026-08-31,5950,Hydro Ouest
82,2023-01-01,2023-05-01,10100,Hydro Ouest
82,2023-05-02,2023-09-02,10175,Hydro Ouest
82,2023-09-03,2024-01-03,11225,Hydro Ouest
82,2024-01-04,2024-05-04,10250,Hydro Ouest
82,2024-05-05,2024-09-05,10725,Hydro Ouest
82,2024-09-06,2025-01-06,11450,Hydro Ouest
82,2025-01-07,2025-05-07,9200,Hydro Ouest
82,2025-05-08,2025-09-08,11925,Hydro Ouest
82,2025-09-09,2026-01-09,11725,Hydro Ouest
82,2026-01-10,2026-05-10,11875,Hydro Ouest
82,2026-05-11,2026-08-31,11875,Hydro Ouest
83,2023-01-01,2023-05-01,6300,Hydro Ouest
83,2023-05-02,2023-09-02,6375,Hydro Ouest
83,2023-09-03,2024-01-03,4950,Hydro Ouest
83,2024-01-04,2024-05-04,5950,Hydro Ouest
83,2024-05-05,2024-09-05,5650,Hydro Ouest
83,2024-09-06,2025-01-06,6525,Hydro Ouest
83,2025-01-07,2025-05-07,5750,Hydro Ouest
83,2025-05-08,2025-09-08,5800,Hydro Ouest
83,2025-09-09,2026-01-09,6750,Hydro Ouest
83,2026-01-10,2026-05-10,7400,Hydro Ouest
83,2026-05-11,2026-08-31,7425,Hydro Ouest
84,2023-01-01,2023-05-01,9050,Hydro Ouest
84,2023-05-02,2023-09-02,9575,Hydro Ouest
84,2023-09-03,2024-01-03,9950,Hydro Ouest
84,2024-01-04,2024-05-04,10875,Hydro Ouest
84,2024-05-05,2024-09-05,10600,Hydro Ouest
84,2024-09-06,2025-01-06,10250,Hydro Ouest
84,2025-01-07,2025-05-07,9150,Hydro Ouest
84,2025-05-08,2025-09-08,9275,Hydro Ouest
84,2025-09-09,2026-01-09,9000,Hydro Ouest
84,2026-01-10,2026-05-10,9625,Hydro Ouest
84,2026-05-11,2026-08-31,9850,Hydro Ouest
85,2023-01-01,2023-05-01,3100,Élec-Faso
85,2023-05-02,2023-09-02,3050,Élec-Faso
85,2023-09-03,2024-01-03,2700,Élec-Faso
85,2024-01-04,2024-05-04,3350,Élec-Faso
85,2024-05-05,2024-09-05,2950,Élec-Faso
85,2024-09-06,2025-01-06,3125,Élec-Faso
85,2025-01-07,2025-05-07,3325,Élec-Faso
85,2025-05-08,2025-09-08,3875,Élec-Faso
85,2025-09-09,2026-01-09,3650,Élec-Faso
85,2026-01-10,2026-05-10,3375,Élec-Faso
85,2026-05-11,2026-08-31,3450,Élec-Faso
86,2023-01-01,2023-05-01,2225,Élec-Faso
86,2023-05-02,2023-09-02,2425,Élec-Faso
86,2023-09-03,2024-01-03,2325,Élec-Faso
86,2024-01-04,2024-05-04,2000,Élec-Faso
86,2024-05-05,2024-09-05,2050,Élec-Faso
86,2024-09-06,2025-01-06,2575,Élec-Faso
86,2025-01-07,2025-05-07,2400,Élec-Faso
86,2025-05-08,2025-09-08,2100,Élec-Faso
86,2025-09-09,2026-01-09,2550,Élec-Faso
86,2026-01-10,2026-05-10,3225,Élec-Faso
86,2026-05-11,2026-08-31,3550,Élec-Faso
87,2023-01-01,2023-05-01,2650,Élec-Faso
87,2023-05-02,2023-09-02,2775,Élec-Faso
87,2023-09-03,2024-01-03,2875,Élec-Faso
87,2024-01-04,2024-05-04,2825,Élec-Faso
87,2024-05-05,2024-09-05,2975,Élec-Faso
87,2024-09-06,2025-01-06,2975,Élec-Faso
87,2025-01-07,2025-05-07,3175,Élec-Faso
87,2025-05-08,2025-09-08,3425,Élec-Faso
87,2025-09-09,2026-01-09,3600,Élec-Faso
87,2026-01-10,2026-05-10,3725,Élec-Faso
87,2026-05-11,2026-08-31,3875,Élec-Faso
88,2023-01-01,2023-05-01,4575,Élec-Faso
88,2023-05-02,2023-09-02,4425,Élec-Faso
88,2023-09-03,2024-01-03,4925,Élec-Faso
88,2024-01-04,2024-05-04,4875,Élec-Faso
88,2024-05-05,2024-09-05,5875,Élec-Faso
88,2024-09-06,2025-01-06,5625,Élec-Faso
88,2025-01-07,2025-05-07,5925,Élec-Faso
88,2025-05-08,2025-09-08,5600,Élec-Faso
88,2025-09-09,2026-01-09,5325,Élec-Faso
88,2026-01-10,2026-05-10,5050,Élec-Faso
88,2026-05-11,2026-08-31,5150,Élec-Faso
89,2023-01-01,2023-05-01,2975,Élec-Faso
89,2023-05-02,2023-09-02,3200,Élec-Faso
89,2023-09-03,2024-01-03,2925,Élec-Faso
89,2024-01-04,2024-05-04,2775,Élec-Faso
89,2024-05-05,2024-09-05,2925,Élec-Faso
89,2024-09-06,2025-01-06,2800,Élec-Faso
89,2025-01-07,2025-05-07,3025,Élec-Faso
89,2025-05-08,2025-09-08,3050,Élec-Faso
89,2025-09-09,2026-01-09,2800,Élec-Faso
89,2026-01-10,2026-05-10,2950,Élec-Faso
89,2026-05-11,2026-08-31,2775,Élec-Faso
90,2023-01-01,2023-05-01,2825,Élec-Faso
90,2023-05-02,2023-09-02,2825,Élec-Faso
90,2023-09-03,2024-01-03,2800,Élec-Faso
90,2024-01-04,2024-05-04,2925,Élec-Faso
90,2024-05-05,2024-09-05,2925,Élec-Faso
90,2024-09-06,2025-01-06,2850,Élec-Faso
90,2025-01-07,2025-05-07,3075,Élec-Faso
90,2025-05-08,2025-09-08,3600,Élec-Faso
90,2025-09-09,2026-01-09,4075,Élec-Faso
90,2026-01-10,2026-05-10,3825,Élec-Faso
90,2026-05-11,2026-08-31,4100,Élec-Faso
91,2023-01-01,2023-05-01,2500,Élec-Faso
91,2023-05-02,2023-09-02,2775,Élec-Faso
91,2023-09-03,2024-01-03,3075,Élec-Faso
91,2024-01-04,2024-05-04,3100,Élec-Faso
91,2024-05-05,2024-09-05,2725,Élec-Faso
91,2024-09-06,2025-01-06,2675,Élec-Faso
91,2025-01-07,2025-05-07,2525,Élec-Faso
91,2025-05-08,2025-09-08,2475,Élec-Faso
91,2025-09-09,2026-01-09,2950,Élec-Faso
91,2026-01-10,2026-05-10,2500,Élec-Faso
91,2026-05-11,2026-08-31,2925,Élec-Faso
92,2023-01-01,2023-05-01,2975,Élec-Faso
92,2023-05-02,2023-09-02,2950,Élec-Faso
92,2023-09-03,2024-01-03,2750,Élec-Faso
92,2024-01-04,2024-05-04,3075,Élec-Faso
92,2024-05-05,2024-09-05,2800,Élec-Faso
92,2024-09-06,2025-01-06,3025,Élec-Faso
92,2025-01-07,2025-05-07,3100,Élec-Faso
92,2025-05-08,2025-09-08,2800,Élec-Faso
92,2025-09-09,2026-01-09,3150,Élec-Faso
92,2026-01-10,2026-05-10,3575,Élec-Faso
92,2026-05-11,2026-08-31,3350,Élec-Faso
93,2023-01-01,2023-05-01,2350,Élec-Faso
93,2023-05-02,2023-09-02,2475,Élec-Faso
93,2023-09-03,2024-01-03,2225,Élec-Faso
93,2024-01-04,2024-05-04,2400,Élec-Faso
93,2024-05-05,2024-09-05,2175,Élec-Faso
93,2024-09-06,2025-01-06,2050,Élec-Faso
93,2025-01-07,2025-05-07,2175,Élec-Faso
93,2025-05-08,2025-09-08,1875,Élec-Faso
93,2025-09-09,2026-01-09,2025,Élec-Faso
93,2026-01-10,2026-05-10,2425,Élec-Faso
93,2026-05-11,2026-08-31,2250,Élec-Faso
94,2023-01-01,2023-05-01,2800,Élec-Faso
94,2023-05-02,2023-09-02,2500,Élec-Faso
94,2023-09-03,2024-01-03,2225,Élec-Faso
94,2024-01-04,2024-05-04,2025,Élec-Faso
94,2024-05-05,2024-09-05,1900,Élec-Faso
94,2024-09-06,2025-01-06,2200,Élec-Faso
94,2025-01-07,2025-05-07,2050,Élec-Faso
94,2025-05-08,2025-09-08,2200,Élec-Faso
94,2025-09-09,2026-01-09,1900,Élec-Faso
94,2026-01-10,2026-05-10,1925,Élec-Faso
94,2026-05-11,2026-08-31,1875,Élec-Faso
95,2023-01-01,2023-05-01,3775,Élec-Faso
95,2023-05-02,2023-09-02,3700,Élec-Faso
95,2023-09-03,2024-01-03,4200,Élec-Faso
95,2024-01-04,2024-05-04,4175,Élec-Faso
95,2024-05-05,2024-09-05,4200,Élec-Faso
95,2024-09-06,2025-01-06,4400,Élec-Faso
95,2025-01-07,2025-05-07,4175,Élec-Faso
95,2025-05-08,2025-09-08,4675,Élec-Faso
95,2025-09-09,2026-01-09,4100,Élec-Faso
95,2026-01-10,2026-05-10,3650,Élec-Faso
95,2026-05-11,2026-08-31,3550,Élec-Faso
96,2023-01-01,2023-05-01,4375,Élec-Faso
96,2023-05-02,2023-09-02,4050,Élec-Faso
96,2023-09-03,2024-01-03,4375,Élec-Faso
96,2024-01-04,2024-05-04,3300,Élec-Faso
96,2024-05-05,2024-09-05,3475,Élec-Faso
96,2024-09-06,2025-01-06,2925,Élec-Faso
96,2025-01-07,2025-05-07,2850,Élec-Faso
96,2025-05-08,2025-09-08,2850,Élec-Faso
96,2025-09-09,2026-01-09,3025,Élec-Faso
96,2026-01-10,2026-05-10,2850,Élec-Faso
96,2026-05-11,2026-08-31,2850,Élec-Faso
97,2023-01-01,2023-05-01,4250,Élec-Faso
97,2023-05-02,2023-09-02,3700,Élec-Faso
97,2023-09-03,2024-01-03,3925,Élec-Faso
97,2024-01-04,2024-05-04,4200,Élec-Faso
97,2024-05-05,2024-09-05,4200,Élec-Faso
97,2024-09-06,2025-01-06,4350,Élec-Faso
97,2025-01-07,2025-05-07,3825,Élec-Faso
97,2025-05-08,2025-09-08,4125,Élec-Faso
97,2025-09-09,2026-01-09,5075,Élec-Faso
97,2026-01-10,2026-05-10,4875,Élec-Faso
97,2026-05-11,2026-08-31,4925,Élec-Faso
98,2023-01-01,2023-05-01,4800,Élec-Faso
98,2023-05-02,2023-09-02,4900,Élec-Faso
98,2023-09-03,2024-01-03,4300,Élec-Faso
98,2024-01-04,2024-05-04,4450,Élec-Faso
98,2024-05-05,2024-09-05,4900,Élec-Faso
98,2024-09-06,2025-01-06,5250,Élec-Faso
98,2025-01-07,2025-05-07,4600,Élec-Faso
98,2025-05-08,2025-09-08,4475,Élec-Faso
98,2025-09-09,2026-01-09,4475,Élec-Faso
98,2026-01-10,2026-05-10,4300,Élec-Faso
98,2026-05-11,2026-08-31,4325,Élec-Faso
99,2023-01-01,2023-05-01,3025,Solaire Sahel SARL
99,2023-05-02,2023-09-02,2900,Solaire Sahel SARL
99,2023-09-03,2024-01-03,3225,Solaire Sahel SARL
99,2024-01-04,2024-05-04,3225,Solaire Sahel SARL
99,2024-05-05,2024-09-05,3050,Solaire Sahel SARL
99,2024-09-06,2025-01-06,2850,Solaire Sahel SARL
99,2025-01-07,2025-05-07,2875,Solaire Sahel SARL
99,2025-05-08,2025-09-08,2700,Solaire Sahel SARL
99,2025-09-09,2026-01-09,2350,Solaire Sahel SARL
99,2026-01-10,2026-05-10,2350,Solaire Sahel SARL
99,2026-05-11,2026-08-31,2475,Solaire Sahel SARL
100,2023-01-01,2023-05-01,5200,Solaire Sahel SARL
100,2023-05-02,2023-09-02,5900,Solaire Sahel SARL
100,2023-09-03,2024-01-03,6075,Solaire Sahel SARL
100,2024-01-04,2024-05-04,6275,Solaire Sahel SARL
100,2024-05-05,2024-09-05,6100,Solaire Sahel SARL
100,2024-09-06,2025-01-06,6250,Solaire Sahel SARL
100,2025-01-07,2025-05-07,5800,Solaire Sahel SARL
100,2025-05-08,2025-09-08,5800,Solaire Sahel SARL
100,2025-09-09,2026-01-09,5575,Solaire Sahel SARL
100,2026-01-10,2026-05-10,5075,Solaire Sahel SARL
100,2026-05-11,2026-08-31,5975,Solaire Sahel SARL
101,2023-01-01,2023-05-01,2300,Solaire Sahel SARL
101,2023-05-02,2023-09-02,2525,Solaire Sahel SARL
101,2023-09-03,2024-01-03,2750,Solaire Sahel SARL
101,2024-01-04,2024-05-04,2650,Solaire Sahel SARL
101,2024-05-05,2024-09-05,2875,Solaire Sahel SARL
101,2024-09-06,2025-01-06,2875,Solaire Sahel SARL
101,2025-01-07,2025-05-07,2700,Solaire Sahel SARL
101,2025-05-08,2025-09-08,2350,Solaire Sahel SARL
101,2025-09-09,2026-01-09,2100,Solaire Sahel SARL
101,2026-01-10,2026-05-10,2225,Solaire Sahel SARL
101,2026-05-11,2026-08-31,2275,Solaire Sahel SARL
102,2023-01-01,2023-05-01,4725,Solaire Sahel SARL
102,2023-05-02,2023-09-02,4950,Solaire Sahel SARL
102,2023-09-03,2024-01-03,5175,Solaire Sahel SARL
102,2024-01-04,2024-05-04,5500,Solaire Sahel SARL
102,2024-05-05,2024-09-05,5350,Solaire Sahel SARL
102,2024-09-06,2025-01-06,4425,Solaire Sahel SARL
102,2025-01-07,2025-05-07,4400,Solaire Sahel SARL
102,2025-05-08,2025-09-08,4825,Solaire Sahel SARL
102,2025-09-09,2026-01-09,5825,Solaire Sahel SARL
102,2026-01-10,2026-05-10,5625,Solaire Sahel SARL
102,2026-05-11,2026-08-31,5500,Solaire Sahel SARL
103,2023-01-01,2023-05-01,3900,Solaire Sahel SARL
103,2023-05-02,2023-09-02,4150,Solaire Sahel SARL
103,2023-09-03,2024-01-03,4375,Solaire Sahel SARL
103,2024-01-04,2024-05-04,4700,Solaire Sahel SARL
103,2024-05-05,2024-09-05,5050,Solaire Sahel SARL
103,2024-09-06,2025-01-06,5025,Solaire Sahel SARL
103,2025-01-07,2025-05-07,5725,Solaire Sahel SARL
103,2025-05-08,2025-09-08,6050,Solaire Sahel SARL
103,2025-09-09,2026-01-09,6200,Solaire Sahel SARL
103,2026-01-10,2026-05-10,6250,Solaire Sahel SARL
103,2026-05-11,2026-08-31,5700,Solaire Sahel SARL
104,2023-01-01,2023-05-01,6125,Solaire Sahel SARL
104,2023-05-02,2023-09-02,6575,Solaire Sahel SARL
104,2023-09-03,2024-01-03,6400,Solaire Sahel SARL
104,2024-01-04,2024-05-04,7225,Solaire Sahel SARL
104,2024-05-05,2024-09-05,7450,Solaire Sahel SARL
104,2024-09-06,2025-01-06,7200,Solaire Sahel SARL
104,2025-01-07,2025-05-07,6925,Solaire Sahel SARL
104,2025-05-08,2025-09-08,7775,Solaire Sahel SARL
104,2025-09-09,2026-01-09,7500,Solaire Sahel SARL
104,2026-01-10,2026-05-10,8150,Solaire Sahel SARL
104,2026-05-11,2026-08-31,8150,Solaire Sahel SARL
105,2023-01-01,2023-05-01,6275,Solaire Sahel SARL
105,2023-05-02,2023-09-02,6375,Solaire Sahel SARL
105,2023-09-03,2024-01-03,5775,Solaire Sahel SARL
105,2024-01-04,2024-05-04,6025,Solaire Sahel SARL
105,2024-05-05,2024-09-05,6750,Solaire Sahel SARL
105,2024-09-06,2025-01-06,6525,Solaire Sahel SARL
105,2025-01-07,2025-05-07,6925,Solaire Sahel SARL
105,2025-05-08,2025-09-08,6575,Solaire Sahel SARL
105,2025-09-09,2026-01-09,6850,Solaire Sahel SARL
105,2026-01-10,2026-05-10,6725,Solaire Sahel SARL
105,2026-05-11,2026-08-31,6775,Solaire Sahel SARL
106,2023-01-01,2023-05-01,2975,Solaire Sahel SARL
106,2023-05-02,2023-09-02,3125,Solaire Sahel SARL
106,2023-09-03,2024-01-03,3050,Solaire Sahel SARL
106,2024-01-04,2024-05-04,2825,Solaire Sahel SARL
106,2024-05-05,2024-09-05,2650,Solaire Sahel SARL
106,2024-09-06,2025-01-06,2550,Solaire Sahel SARL
106,2025-01-07,2025-05-07,2400,Solaire Sahel SARL
106,2025-05-08,2025-09-08,1725,Solaire Sahel SARL
106,2025-09-09,2026-01-09,2350,Solaire Sahel SARL
106,2026-01-10,2026-05-10,2675,Solaire Sahel SARL
106,2026-05-11,2026-08-31,2975,Solaire Sahel SARL
107,2023-01-01,2023-05-01,2600,Solaire Sahel SARL
107,2023-05-02,2023-09-02,2775,Solaire Sahel SARL
107,2023-09-03,2024-01-03,2800,Solaire Sahel SARL
107,2024-01-04,2024-05-04,3025,Solaire Sahel SARL
107,2024-05-05,2024-09-05,2675,Solaire Sahel SARL
107,2024-09-06,2025-01-06,2925,Solaire Sahel SARL
107,2025-01-07,2025-05-07,2950,Solaire Sahel SARL
107,2025-05-08,2025-09-08,2925,Solaire Sahel SARL
107,2025-09-09,2026-01-09,3350,Solaire Sahel SARL
107,2026-01-10,2026-05-10,3750,Solaire Sahel SARL
107,2026-05-11,2026-08-31,3650,Solaire Sahel SARL
108,2023-01-01,2023-05-01,5200,Solaire Sahel SARL
108,2023-05-02,2023-09-02,5250,Solaire Sahel SARL
108,2023-09-03,2024-01-03,4550,Solaire Sahel SARL
108,2024-01-04,2024-05-04,4050,Solaire Sahel SARL
108,2024-05-05,2024-09-05,3750,Solaire Sahel SARL
108,2024-09-06,2025-01-06,3850,Solaire Sahel SARL
108,2025-01-07,2025-05-07,3700,Solaire Sahel SARL
108,2025-05-08,2025-09-08,4325,Solaire Sahel SARL
108,2025-09-09,2026-01-09,5000,Solaire Sahel SARL
108,2026-01-10,2026-05-10,5550,Solaire Sahel SARL
108,2026-05-11,2026-08-31,6200,Solaire Sahel SARL
109,2023-01-01,2023-05-01,2650,Solaire Sahel SARL
109,2023-05-02,2023-09-02,2825,Solaire Sahel SARL
109,2023-09-03,2024-01-03,2450,Solaire Sahel SARL
109,2024-01-04,2024-05-04,2500,Solaire Sahel SARL
109,2024-05-05,2024-09-05,2525,Solaire Sahel SARL
109,2024-09-06,2025-01-06,2625,Solaire Sahel SARL
109,2025-01-07,2025-05-07,1875,Solaire Sahel SARL
109,2025-05-08,2025-09-08,2200,Solaire Sahel SARL
109,2025-09-09,2026-01-09,2425,Solaire Sahel SARL
109,2026-01-10,2026-05-10,2625,Solaire Sahel SARL
109,2026-05-11,2026-08-31,2875,Solaire Sahel SARL
110,2023-01-01,2023-05-01,4475,Solaire Sahel SARL
110,2023-05-02,2023-09-02,3450,Solaire Sahel SARL
110,2023-09-03,2024-01-03,3650,Solaire Sahel SARL
110,2024-01-04,2024-05-04,3550,Solaire Sahel SARL
110,2024-05-05,2024-09-05,3825,Solaire Sahel SARL
110,2024-09-06,2025-01-06,4000,Solaire Sahel SARL
110,2025-01-07,2025-05-07,3950,Solaire Sahel SARL
110,2025-05-08,2025-09-08,4100,Solaire Sahel SARL
110,2025-09-09,2026-01-09,4200,Solaire Sahel SARL
110,2026-01-10,2026-05-10,4025,Solaire Sahel SARL
110,2026-05-11,2026-08-31,4525,Solaire Sahel SARL
111,2023-01-01,2023-05-01,5650,Solaire Sahel SARL
111,2023-05-02,2023-09-02,5925,Solaire Sahel SARL
111,2023-09-03,2024-01-03,5375,Solaire Sahel SARL
111,2024-01-04,2024-05-04,5100,Solaire Sahel SARL
111,2024-05-05,2024-09-05,5350,Solaire Sahel SARL
111,2024-09-06,2025-01-06,5625,Solaire Sahel SARL
111,2025-01-07,2025-05-07,6500,Solaire Sahel SARL
111,2025-05-08,2025-09-08,6350,Solaire Sahel SARL
111,2025-09-09,2026-01-09,6900,Solaire Sahel SARL
111,2026-01-10,2026-05-10,7000,Solaire Sahel SARL
111,2026-05-11,2026-08-31,6900,Solaire Sahel SARL
112,2023-01-01,2023-05-01,5400,Solaire Sahel SARL
112,2023-05-02,2023-09-02,6025,Solaire Sahel SARL
112,2023-09-03,2024-01-03,5200,Solaire Sahel SARL
112,2024-01-04,2024-05-04,4800,Solaire Sahel SARL
112,2024-05-05,2024-09-05,5300,Solaire Sahel SARL
112,2024-09-06,2025-01-06,4125,Solaire Sahel SARL
112,2025-01-07,2025-05-07,4625,Solaire Sahel SARL
112,2025-05-08,2025-09-08,3900,Solaire Sahel SARL
112,2025-09-09,2026-01-09,3800,Solaire Sahel SARL
112,2026-01-10,2026-05-10,3375,Solaire Sahel SARL
112,2026-05-11,2026-08-31,4050,Solaire Sahel SARL
113,2023-01-01,2023-05-01,1000,Peinture Saaba
113,2023-05-02,2023-09-02,1050,Peinture Saaba
113,2023-09-03,2024-01-03,1050,Peinture Saaba
113,2024-01-04,2024-05-04,1025,Peinture Saaba
113,2024-05-05,2024-09-05,975,Peinture Saaba
113,2024-09-06,2025-01-06,850,Peinture Saaba
113,2025-01-07,2025-05-07,800,Peinture Saaba
113,2025-05-08,2025-09-08,775,Peinture Saaba
113,2025-09-09,2026-01-09,825,Peinture Saaba
113,2026-01-10,2026-05-10,700,Peinture Saaba
113,2026-05-11,2026-08-31,775,Peinture Saaba
114,2023-01-01,2023-05-01,1975,Peinture Saaba
114,2023-05-02,2023-09-02,2250,Peinture Saaba
114,2023-09-03,2024-01-03,2100,Peinture Saaba
114,2024-01-04,2024-05-04,2025,Peinture Saaba
114,2024-05-05,2024-09-05,1850,Peinture Saaba
114,2024-09-06,2025-01-06,1725,Peinture Saaba
114,2025-01-07,2025-05-07,1775,Peinture Saaba
114,2025-05-08,2025-09-08,1775,Peinture Saaba
114,2025-09-09,2026-01-09,1850,Peinture Saaba
114,2026-01-10,2026-05-10,1900,Peinture Saaba
114,2026-05-11,2026-08-31,1975,Peinture Saaba
115,2023-01-01,2023-05-01,850,Peinture Saaba
115,2023-05-02,2023-09-02,750,Peinture Saaba
115,2023-09-03,2024-01-03,800,Peinture Saaba
115,2024-01-04,2024-05-04,925,Peinture Saaba
115,2024-05-05,2024-09-05,925,Peinture Saaba
115,2024-09-06,2025-01-06,925,Peinture Saaba
115,2025-01-07,2025-05-07,950,Peinture Saaba
115,2025-05-08,2025-09-08,1100,Peinture Saaba
115,2025-09-09,2026-01-09,1075,Peinture Saaba
115,2026-01-10,2026-05-10,1175,Peinture Saaba
115,2026-05-11,2026-08-31,1150,Peinture Saaba
116,2023-01-01,2023-05-01,1150,Peinture Saaba
116,2023-05-02,2023-09-02,1125,Peinture Saaba
116,2023-09-03,2024-01-03,1125,Peinture Saaba
116,2024-01-04,2024-05-04,1225,Peinture Saaba
116,2024-05-05,2024-09-05,1225,Peinture Saaba
116,2024-09-06,2025-01-06,1125,Peinture Saaba
116,2025-01-07,2025-05-07,1050,Peinture Saaba
116,2025-05-08,2025-09-08,1100,Peinture Saaba
116,2025-09-09,2026-01-09,1050,Peinture Saaba
116,2026-01-10,2026-05-10,975,Peinture Saaba
116,2026-05-11,2026-08-31,975,Peinture Saaba
117,2023-01-01,2023-05-01,1075,Peinture Saaba
117,2023-05-02,2023-09-02,1300,Peinture Saaba
117,2023-09-03,2024-01-03,1275,Peinture Saaba
117,2024-01-04,2024-05-04,1175,Peinture Saaba
117,2024-05-05,2024-09-05,1250,Peinture Saaba
117,2024-09-06,2025-01-06,1200,Peinture Saaba
117,2025-01-07,2025-05-07,1100,Peinture Saaba
117,2025-05-08,2025-09-08,1150,Peinture Saaba
117,2025-09-09,2026-01-09,975,Peinture Saaba
117,2026-01-10,2026-05-10,1100,Peinture Saaba
117,2026-05-11,2026-08-31,1150,Peinture Saaba
118,2023-01-01,2023-05-01,1425,Peinture Saaba
118,2023-05-02,2023-09-02,1475,Peinture Saaba
118,2023-09-03,2024-01-03,1800,Peinture Saaba
118,2024-01-04,2024-05-04,1800,Peinture Saaba
118,2024-05-05,2024-09-05,1675,Peinture Saaba
118,2024-09-06,2025-01-06,1825,Peinture Saaba
118,2025-01-07,2025-05-07,1675,Peinture Saaba
118,2025-05-08,2025-09-08,1750,Peinture Saaba
118,2025-09-09,2026-01-09,1625,Peinture Saaba
118,2026-01-10,2026-05-10,1850,Peinture Saaba
118,2026-05-11,2026-08-31,1675,Peinture Saaba
119,2023-01-01,2023-05-01,1300,Peinture Saaba
119,2023-05-02,2023-09-02,1400,Peinture Saaba
119,2023-09-03,2024-01-03,1200,Peinture Saaba
119,2024-01-04,2024-05-04,1275,Peinture Saaba
119,2024-05-05,2024-09-05,1250,Peinture Saaba
119,2024-09-06,2025-01-06,1350,Peinture Saaba
119,2025-01-07,2025-05-07,1275,Peinture Saaba
119,2025-05-08,2025-09-08,1300,Peinture Saaba
119,2025-09-09,2026-01-09,1125,Peinture Saaba
119,2026-01-10,2026-05-10,1150,Peinture Saaba
119,2026-05-11,2026-08-31,1075,Peinture Saaba
120,2023-01-01,2023-05-01,1175,Peinture Saaba
120,2023-05-02,2023-09-02,1175,Peinture Saaba
120,2023-09-03,2024-01-03,950,Peinture Saaba
120,2024-01-04,2024-05-04,925,Peinture Saaba
120,2024-05-05,2024-09-05,975,Peinture Saaba
120,2024-09-06,2025-01-06,1150,Peinture Saaba
120,2025-01-07,2025-05-07,1200,Peinture Saaba
120,2025-05-08,2025-09-08,1300,Peinture Saaba
120,2025-09-09,2026-01-09,1325,Peinture Saaba
120,2026-01-10,2026-05-10,1500,Peinture Saaba
120,2026-05-11,2026-08-31,1400,Peinture Saaba
121,2023-01-01,2023-05-01,1300,Peinture Saaba
121,2023-05-02,2023-09-02,1100,Peinture Saaba
121,2023-09-03,2024-01-03,1250,Peinture Saaba
121,2024-01-04,2024-05-04,1275,Peinture Saaba
121,2024-05-05,2024-09-05,1425,Peinture Saaba
121,2024-09-06,2025-01-06,1375,Peinture Saaba
121,2025-01-07,2025-05-07,1300,Peinture Saaba
121,2025-05-08,2025-09-08,1200,Peinture Saaba
121,2025-09-09,2026-01-09,1275,Peinture Saaba
121,2026-01-10,2026-05-10,1500,Peinture Saaba
121,2026-05-11,2026-08-31,1525,Peinture Saaba
122,2023-01-01,2023-05-01,2150,Peinture Saaba
122,2023-05-02,2023-09-02,1825,Peinture Saaba
122,2023-09-03,2024-01-03,1900,Peinture Saaba
122,2024-01-04,2024-05-04,1700,Peinture Saaba
122,2024-05-05,2024-09-05,1825,Peinture Saaba
122,2024-09-06,2025-01-06,1900,Peinture Saaba
122,2025-01-07,2025-05-07,1975,Peinture Saaba
122,2025-05-08,2025-09-08,1750,Peinture Saaba
122,2025-09-09,2026-01-09,1650,Peinture Saaba
122,2026-01-10,2026-05-10,1875,Peinture Saaba
122,2026-05-11,2026-08-31,2275,Peinture Saaba
123,2023-01-01,2023-05-01,1050,Peinture Saaba
123,2023-05-02,2023-09-02,900,Peinture Saaba
123,2023-09-03,2024-01-03,950,Peinture Saaba
123,2024-01-04,2024-05-04,1075,Peinture Saaba
123,2024-05-05,2024-09-05,1125,Peinture Saaba
123,2024-09-06,2025-01-06,1200,Peinture Saaba
123,2025-01-07,2025-05-07,1375,Peinture Saaba
123,2025-05-08,2025-09-08,1200,Peinture Saaba
123,2025-09-09,2026-01-09,1050,Peinture Saaba
123,2026-01-10,2026-05-10,1000,Peinture Saaba
123,2026-05-11,2026-08-31,1050,Peinture Saaba
124,2023-01-01,2023-05-01,1625,Peinture Saaba
124,2023-05-02,2023-09-02,1750,Peinture Saaba
124,2023-09-03,2024-01-03,1975,Peinture Saaba
124,2024-01-04,2024-05-04,2225,Peinture Saaba
124,2024-05-05,2024-09-05,2300,Peinture Saaba
124,2024-09-06,2025-01-06,2100,Peinture Saaba
124,2025-01-07,2025-05-07,2600,Peinture Saaba
124,2025-05-08,2025-09-08,2525,Peinture Saaba
124,2025-09-09,2026-01-09,2150,Peinture Saaba
124,2026-01-10,2026-05-10,2300,Peinture Saaba
124,2026-05-11,2026-08-31,2525,Peinture Saaba
125,2023-01-01,2023-05-01,1075,Peinture Saaba
125,2023-05-02,2023-09-02,1225,Peinture Saaba
125,2023-09-03,2024-01-03,1075,Peinture Saaba
125,2024-01-04,2024-05-04,1100,Peinture Saaba
125,2024-05-05,2024-09-05,1225,Peinture Saaba
125,2024-09-06,2025-01-06,1225,Peinture Saaba
125,2025-01-07,2025-05-07,1400,Peinture Saaba
125,2025-05-08,2025-09-08,1400,Peinture Saaba
125,2025-09-09,2026-01-09,1300,Peinture Saaba
125,2026-01-10,2026-05-10,1400,Peinture Saaba
125,2026-05-11,2026-08-31,1500,Peinture Saaba
126,2023-01-01,2023-05-01,1050,Peinture Saaba
126,2023-05-02,2023-09-02,1025,Peinture Saaba
126,2023-09-03,2024-01-03,1075,Peinture Saaba
126,2024-01-04,2024-05-04,975,Peinture Saaba
126,2024-05-05,2024-09-05,900,Peinture Saaba
126,2024-09-06,2025-01-06,925,Peinture Saaba
126,2025-01-07,2025-05-07,950,Peinture Saaba
126,2025-05-08,2025-09-08,950,Peinture Saaba
126,2025-09-09,2026-01-09,825,Peinture Saaba
126,2026-01-10,2026-05-10,950,Peinture Saaba
126,2026-05-11,2026-08-31,1025,Peinture Saaba
127,2023-01-01,2023-05-01,5500,Boissonnerie de Koudougou
127,2023-05-02,2023-09-02,5550,Boissonnerie de Koudougou
127,2023-09-03,2024-01-03,6275,Boissonnerie de Koudougou
127,2024-01-04,2024-05-04,5825,Boissonnerie de Koudougou
127,2024-05-05,2024-09-05,5600,Boissonnerie de Koudougou
127,2024-09-06,2025-01-06,4925,Boissonnerie de Koudougou
127,2025-01-07,2025-05-07,5175,Boissonnerie de Koudougou
127,2025-05-08,2025-09-08,5225,Boissonnerie de Koudougou
127,2025-09-09,2026-01-09,5350,Boissonnerie de Koudougou
127,2026-01-10,2026-05-10,5325,Boissonnerie de Koudougou
127,2026-05-11,2026-08-31,5575,Boissonnerie de Koudougou
128,2023-01-01,2023-05-01,5025,Boissonnerie de Koudougou
128,2023-05-02,2023-09-02,4575,Boissonnerie de Koudougou
128,2023-09-03,2024-01-03,4775,Boissonnerie de Koudougou
128,2024-01-04,2024-05-04,4675,Boissonnerie de Koudougou
128,2024-05-05,2024-09-05,4800,Boissonnerie de Koudougou
128,2024-09-06,2025-01-06,5000,Boissonnerie de Koudougou
128,2025-01-07,2025-05-07,4800,Boissonnerie de Koudougou
128,2025-05-08,2025-09-08,4875,Boissonnerie de Koudougou
128,2025-09-09,2026-01-09,5125,Boissonnerie de Koudougou
128,2026-01-10,2026-05-10,5500,Boissonnerie de Koudougou
128,2026-05-11,2026-08-31,4900,Boissonnerie de Koudougou
129,2023-01-01,2023-05-01,5225,Boissonnerie de Koudougou
129,2023-05-02,2023-09-02,4700,Boissonnerie de Koudougou
129,2023-09-03,2024-01-03,3875,Boissonnerie de Koudougou
129,2024-01-04,2024-05-04,4625,Boissonnerie de Koudougou
129,2024-05-05,2024-09-05,4900,Boissonnerie de Koudougou
129,2024-09-06,2025-01-06,5250,Boissonnerie de Koudougou
129,2025-01-07,2025-05-07,5425,Boissonnerie de Koudougou
129,2025-05-08,2025-09-08,5000,Boissonnerie de Koudougou
129,2025-09-09,2026-01-09,4550,Boissonnerie de Koudougou
129,2026-01-10,2026-05-10,4575,Boissonnerie de Koudougou
129,2026-05-11,2026-08-31,5000,Boissonnerie de Koudougou
130,2023-01-01,2023-05-01,6675,Boissonnerie de Koudougou
130,2023-05-02,2023-09-02,6675,Boissonnerie de Koudougou
130,2023-09-03,2024-01-03,6925,Boissonnerie de Koudougou
130,2024-01-04,2024-05-04,7075,Boissonnerie de Koudougou
130,2024-05-05,2024-09-05,6475,Boissonnerie de Koudougou
130,2024-09-06,2025-01-06,7475,Boissonnerie de Koudougou
130,2025-01-07,2025-05-07,7775,Boissonnerie de Koudougou
130,2025-05-08,2025-09-08,8150,Boissonnerie de Koudougou
130,2025-09-09,2026-01-09,8150,Boissonnerie de Koudougou
130,2026-01-10,2026-05-10,7700,Boissonnerie de Koudougou
130,2026-05-11,2026-08-31,6875,Boissonnerie de Koudougou
131,2023-01-01,2023-05-01,2975,Boissonnerie de Koudougou
131,2023-05-02,2023-09-02,3075,Boissonnerie de Koudougou
131,2023-09-03,2024-01-03,3000,Boissonnerie de Koudougou
131,2024-01-04,2024-05-04,2950,Boissonnerie de Koudougou
131,2024-05-05,2024-09-05,3000,Boissonnerie de Koudougou
131,2024-09-06,2025-01-06,3025,Boissonnerie de Koudougou
131,2025-01-07,2025-05-07,3100,Boissonnerie de Koudougou
131,2025-05-08,2025-09-08,3000,Boissonnerie de Koudougou
131,2025-09-09,2026-01-09,3375,Boissonnerie de Koudougou
131,2026-01-10,2026-05-10,3475,Boissonnerie de Koudougou
131,2026-05-11,2026-08-31,3600,Boissonnerie de Koudougou
132,2023-01-01,2023-05-01,3650,Boissonnerie de Koudougou
132,2023-05-02,2023-09-02,4025,Boissonnerie de Koudougou
132,2023-09-03,2024-01-03,3425,Boissonnerie de Koudougou
132,2024-01-04,2024-05-04,2975,Boissonnerie de Koudougou
132,2024-05-05,2024-09-05,3925,Boissonnerie de Koudougou
132,2024-09-06,2025-01-06,3375,Boissonnerie de Koudougou
132,2025-01-07,2025-05-07,4600,Boissonnerie de Koudougou
132,2025-05-08,2025-09-08,4000,Boissonnerie de Koudougou
132,2025-09-09,2026-01-09,4375,Boissonnerie de Koudougou
132,2026-01-10,2026-05-10,4900,Boissonnerie de Koudougou
132,2026-05-11,2026-08-31,4175,Boissonnerie de Koudougou
133,2023-01-01,2023-05-01,2275,Boissonnerie de Koudougou
133,2023-05-02,2023-09-02,2475,Boissonnerie de Koudougou
133,2023-09-03,2024-01-03,2475,Boissonnerie de Koudougou
133,2024-01-04,2024-05-04,2550,Boissonnerie de Koudougou
133,2024-05-05,2024-09-05,2550,Boissonnerie de Koudougou
133,2024-09-06,2025-01-06,2325,Boissonnerie de Koudougou
133,2025-01-07,2025-05-07,2275,Boissonnerie de Koudougou
133,2025-05-08,2025-09-08,1850,Boissonnerie de Koudougou
133,2025-09-09,2026-01-09,1925,Boissonnerie de Koudougou
133,2026-01-10,2026-05-10,2175,Boissonnerie de Koudougou
133,2026-05-11,2026-08-31,2200,Boissonnerie de Koudougou
134,2023-01-01,2023-05-01,3225,Boissonnerie de Koudougou
134,2023-05-02,2023-09-02,3100,Boissonnerie de Koudougou
134,2023-09-03,2024-01-03,3450,Boissonnerie de Koudougou
134,2024-01-04,2024-05-04,4100,Boissonnerie de Koudougou
134,2024-05-05,2024-09-05,3800,Boissonnerie de Koudougou
134,2024-09-06,2025-01-06,3750,Boissonnerie de Koudougou
134,2025-01-07,2025-05-07,3750,Boissonnerie de Koudougou
134,2025-05-08,2025-09-08,3075,Boissonnerie de Koudougou
134,2025-09-09,2026-01-09,2900,Boissonnerie de Koudougou
134,2026-01-10,2026-05-10,2325,Boissonnerie de Koudougou
134,2026-05-11,2026-08-31,2625,Boissonnerie de Koudougou
135,2023-01-01,2023-05-01,3625,Boissonnerie de Koudougou
135,2023-05-02,2023-09-02,3200,Boissonnerie de Koudougou
135,2023-09-03,2024-01-03,2800,Boissonnerie de Koudougou
135,2024-01-04,2024-05-04,2750,Boissonnerie de Koudougou
135,2024-05-05,2024-09-05,2625,Boissonnerie de Koudougou
135,2024-09-06,2025-01-06,2225,Boissonnerie de Koudougou
135,2025-01-07,2025-05-07,1825,Boissonnerie de Koudougou
135,2025-05-08,2025-09-08,1750,Boissonnerie de Koudougou
135,2025-09-09,2026-01-09,1800,Boissonnerie de Koudougou
135,2026-01-10,2026-05-10,2100,Boissonnerie de Koudougou
135,2026-05-11,2026-08-31,2250,Boissonnerie de Koudougou
136,2023-01-01,2023-05-01,3475,Boissonnerie de Koudougou
136,2023-05-02,2023-09-02,3350,Boissonnerie de Koudougou
136,2023-09-03,2024-01-03,3250,Boissonnerie de Koudougou
136,2024-01-04,2024-05-04,3150,Boissonnerie de Koudougou
136,2024-05-05,2024-09-05,3175,Boissonnerie de Koudougou
136,2024-09-06,2025-01-06,3500,Boissonnerie de Koudougou
136,2025-01-07,2025-05-07,2850,Boissonnerie de Koudougou
136,2025-05-08,2025-09-08,2825,Boissonnerie de Koudougou
136,2025-09-09,2026-01-09,3250,Boissonnerie de Koudougou
136,2026-01-10,2026-05-10,2850,Boissonnerie de Koudougou
136,2026-05-11,2026-08-31,2900,Boissonnerie de Koudougou
137,2023-01-01,2023-05-01,1300,EPI Faso
137,2023-05-02,2023-09-02,1175,EPI Faso
137,2023-09-03,2024-01-03,1075,EPI Faso
137,2024-01-04,2024-05-04,1025,EPI Faso
137,2024-05-05,2024-09-05,875,EPI Faso
137,2024-09-06,2025-01-06,900,EPI Faso
137,2025-01-07,2025-05-07,850,EPI Faso
137,2025-05-08,2025-09-08,825,EPI Faso
137,2025-09-09,2026-01-09,825,EPI Faso
137,2026-01-10,2026-05-10,825,EPI Faso
137,2026-05-11,2026-08-31,825,EPI Faso
138,2023-01-01,2023-05-01,1400,EPI Faso
138,2023-05-02,2023-09-02,1475,EPI Faso
138,2023-09-03,2024-01-03,1475,EPI Faso
138,2024-01-04,2024-05-04,1475,EPI Faso
138,2024-05-05,2024-09-05,1450,EPI Faso
138,2024-09-06,2025-01-06,1475,EPI Faso
138,2025-01-07,2025-05-07,1225,EPI Faso
138,2025-05-08,2025-09-08,1175,EPI Faso
138,2025-09-09,2026-01-09,1225,EPI Faso
138,2026-01-10,2026-05-10,1100,EPI Faso
138,2026-05-11,2026-08-31,1125,EPI Faso
139,2023-01-01,2023-05-01,2775,EPI Faso
139,2023-05-02,2023-09-02,2775,EPI Faso
139,2023-09-03,2024-01-03,2900,EPI Faso
139,2024-01-04,2024-05-04,3075,EPI Faso
139,2024-05-05,2024-09-05,3050,EPI Faso
139,2024-09-06,2025-01-06,2775,EPI Faso
139,2025-01-07,2025-05-07,3150,EPI Faso
139,2025-05-08,2025-09-08,3350,EPI Faso
139,2025-09-09,2026-01-09,3150,EPI Faso
139,2026-01-10,2026-05-10,3500,EPI Faso
139,2026-05-11,2026-08-31,3400,EPI Faso
140,2023-01-01,2023-05-01,1400,EPI Faso
140,2023-05-02,2023-09-02,1400,EPI Faso
140,2023-09-03,2024-01-03,1200,EPI Faso
140,2024-01-04,2024-05-04,1150,EPI Faso
140,2024-05-05,2024-09-05,1100,EPI Faso
140,2024-09-06,2025-01-06,1125,EPI Faso
140,2025-01-07,2025-05-07,1300,EPI Faso
140,2025-05-08,2025-09-08,1200,EPI Faso
140,2025-09-09,2026-01-09,1350,EPI Faso
140,2026-01-10,2026-05-10,1500,EPI Faso
140,2026-05-11,2026-08-31,1375,EPI Faso
141,2023-01-01,2023-05-01,1625,EPI Faso
141,2023-05-02,2023-09-02,1575,EPI Faso
141,2023-09-03,2024-01-03,1525,EPI Faso
141,2024-01-04,2024-05-04,1575,EPI Faso
141,2024-05-05,2024-09-05,1650,EPI Faso
141,2024-09-06,2025-01-06,1750,EPI Faso
141,2025-01-07,2025-05-07,1775,EPI Faso
141,2025-05-08,2025-09-08,1725,EPI Faso
141,2025-09-09,2026-01-09,1575,EPI Faso
141,2026-01-10,2026-05-10,1525,EPI Faso
141,2026-05-11,2026-08-31,1550,EPI Faso
142,2023-01-01,2023-05-01,2400,EPI Faso
142,2023-05-02,2023-09-02,2375,EPI Faso
142,2023-09-03,2024-01-03,2275,EPI Faso
142,2024-01-04,2024-05-04,2125,EPI Faso
142,2024-05-05,2024-09-05,2125,EPI Faso
142,2024-09-06,2025-01-06,1700,EPI Faso
142,2025-01-07,2025-05-07,1925,EPI Faso
142,2025-05-08,2025-09-08,2225,EPI Faso
142,2025-09-09,2026-01-09,1925,EPI Faso
142,2026-01-10,2026-05-10,1925,EPI Faso
142,2026-05-11,2026-08-31,1550,EPI Faso
143,2023-01-01,2023-05-01,2375,EPI Faso
143,2023-05-02,2023-09-02,2400,EPI Faso
143,2023-09-03,2024-01-03,2700,EPI Faso
143,2024-01-04,2024-05-04,2600,EPI Faso
143,2024-05-05,2024-09-05,2800,EPI Faso
143,2024-09-06,2025-01-06,3025,EPI Faso
143,2025-01-07,2025-05-07,3300,EPI Faso
143,2025-05-08,2025-09-08,3175,EPI Faso
143,2025-09-09,2026-01-09,3200,EPI Faso
143,2026-01-10,2026-05-10,3325,EPI Faso
143,2026-05-11,2026-08-31,3300,EPI Faso
144,2023-01-01,2023-05-01,2250,EPI Faso
144,2023-05-02,2023-09-02,2425,EPI Faso
144,2023-09-03,2024-01-03,2250,EPI Faso
144,2024-01-04,2024-05-04,1825,EPI Faso
144,2024-05-05,2024-09-05,1650,EPI Faso
144,2024-09-06,2025-01-06,1225,EPI Faso
144,2025-01-07,2025-05-07,1425,EPI Faso
144,2025-05-08,2025-09-08,1300,EPI Faso
144,2025-09-09,2026-01-09,1200,EPI Faso
144,2026-01-10,2026-05-10,1200,EPI Faso
144,2026-05-11,2026-08-31,1200,EPI Faso
145,2023-01-01,2023-05-01,2850,EPI Faso
145,2023-05-02,2023-09-02,2475,EPI Faso
145,2023-09-03,2024-01-03,2450,EPI Faso
145,2024-01-04,2024-05-04,2225,EPI Faso
145,2024-05-05,2024-09-05,2700,EPI Faso
145,2024-09-06,2025-01-06,2750,EPI Faso
145,2025-01-07,2025-05-07,2400,EPI Faso
145,2025-05-08,2025-09-08,2575,EPI Faso
145,2025-09-09,2026-01-09,2375,EPI Faso
145,2026-01-10,2026-05-10,2200,EPI Faso
145,2026-05-11,2026-08-31,2475,EPI Faso
146,2023-01-01,2023-05-01,2725,EPI Faso
146,2023-05-02,2023-09-02,2875,EPI Faso
146,2023-09-03,2024-01-03,3050,EPI Faso
146,2024-01-04,2024-05-04,3250,EPI Faso
146,2024-05-05,2024-09-05,3150,EPI Faso
146,2024-09-06,2025-01-06,3300,EPI Faso
146,2025-01-07,2025-05-07,3175,EPI Faso
146,2025-05-08,2025-09-08,2950,EPI Faso
146,2025-09-09,2026-01-09,3550,EPI Faso
146,2026-01-10,2026-05-10,3425,EPI Faso
146,2026-05-11,2026-08-31,3375,EPI Faso
147,2023-01-01,2023-05-01,2125,EPI Faso
147,2023-05-02,2023-09-02,2025,EPI Faso
147,2023-09-03,2024-01-03,1825,EPI Faso
147,2024-01-04,2024-05-04,1925,EPI Faso
147,2024-05-05,2024-09-05,2100,EPI Faso
147,2024-09-06,2025-01-06,2350,EPI Faso
147,2025-01-07,2025-05-07,2300,EPI Faso
147,2025-05-08,2025-09-08,2475,EPI Faso
147,2025-09-09,2026-01-09,2300,EPI Faso
147,2026-01-10,2026-05-10,2500,EPI Faso
147,2026-05-11,2026-08-31,2325,EPI Faso
148,2023-01-01,2023-05-01,2675,EPI Faso
148,2023-05-02,2023-09-02,2650,EPI Faso
148,2023-09-03,2024-01-03,2825,EPI Faso
148,2024-01-04,2024-05-04,2525,EPI Faso
148,2024-05-05,2024-09-05,2200,EPI Faso
148,2024-09-06,2025-01-06,2250,EPI Faso
148,2025-01-07,2025-05-07,2250,EPI Faso
148,2025-05-08,2025-09-08,1875,EPI Faso
148,2025-09-09,2026-01-09,1975,EPI Faso
148,2026-01-10,2026-05-10,2225,EPI Faso
148,2026-05-11,2026-08-31,2025,EPI Faso
149,2023-01-01,2023-05-01,2850,EPI Faso
149,2023-05-02,2023-09-02,2450,EPI Faso
149,2023-09-03,2024-01-03,2275,EPI Faso
149,2024-01-04,2024-05-04,1925,EPI Faso
149,2024-05-05,2024-09-05,1975,EPI Faso
149,2024-09-06,2025-01-06,2150,EPI Faso
149,2025-01-07,2025-05-07,2125,EPI Faso
149,2025-05-08,2025-09-08,2150,EPI Faso
149,2025-09-09,2026-01-09,2250,EPI Faso
149,2026-01-10,2026-05-10,2200,EPI Faso
149,2026-05-11,2026-08-31,2600,EPI Faso
150,2023-01-01,2023-05-01,1575,EPI Faso
150,2023-05-02,2023-09-02,1475,EPI Faso
150,2023-09-03,2024-01-03,1475,EPI Faso
150,2024-01-04,2024-05-04,1275,EPI Faso
150,2024-05-05,2024-09-05,1225,EPI Faso
150,2024-09-06,2025-01-06,1175,EPI Faso
150,2025-01-07,2025-05-07,1125,EPI Faso
150,2025-05-08,2025-09-08,1100,EPI Faso
150,2025-09-09,2026-01-09,900,EPI Faso
150,2026-01-10,2026-05-10,825,EPI Faso
150,2026-05-11,2026-08-31,975,EPI Faso
151,2023-01-01,2023-05-01,1900,EPI Faso
151,2023-05-02,2023-09-02,2075,EPI Faso
151,2023-09-03,2024-01-03,1675,EPI Faso
151,2024-01-04,2024-05-04,1450,EPI Faso
151,2024-05-05,2024-09-05,1475,EPI Faso
151,2024-09-06,2025-01-06,1325,EPI Faso
151,2025-01-07,2025-05-07,1600,EPI Faso
151,2025-05-08,2025-09-08,1450,EPI Faso
151,2025-09-09,2026-01-09,1600,EPI Faso
151,2026-01-10,2026-05-10,1525,EPI Faso
151,2026-05-11,2026-08-31,1575,EPI Faso
152,2023-01-01,2023-05-01,1275,EPI Faso
152,2023-05-02,2023-09-02,900,EPI Faso
152,2023-09-03,2024-01-03,1075,EPI Faso
152,2024-01-04,2024-05-04,1025,EPI Faso
152,2024-05-05,2024-09-05,975,EPI Faso
152,2024-09-06,2025-01-06,825,EPI Faso
152,2025-01-07,2025-05-07,800,EPI Faso
152,2025-05-08,2025-09-08,750,EPI Faso
152,2025-09-09,2026-01-09,750,EPI Faso
152,2026-01-10,2026-05-10,800,EPI Faso
152,2026-05-11,2026-08-31,750,EPI Faso
153,2023-01-01,2023-05-01,2025,EPI Faso
153,2023-05-02,2023-09-02,2325,EPI Faso
153,2023-09-03,2024-01-03,2200,EPI Faso
153,2024-01-04,2024-05-04,2000,EPI Faso
153,2024-05-05,2024-09-05,1725,EPI Faso
153,2024-09-06,2025-01-06,1575,EPI Faso
153,2025-01-07,2025-05-07,1450,EPI Faso
153,2025-05-08,2025-09-08,1500,EPI Faso
153,2025-09-09,2026-01-09,1300,EPI Faso
153,2026-01-10,2026-05-10,1300,EPI Faso
153,2026-05-11,2026-08-31,1400,EPI Faso
154,2023-01-01,2023-05-01,1350,EPI Faso
154,2023-05-02,2023-09-02,1375,EPI Faso
154,2023-09-03,2024-01-03,1100,EPI Faso
154,2024-01-04,2024-05-04,1200,EPI Faso
154,2024-05-05,2024-09-05,1450,EPI Faso
154,2024-09-06,2025-01-06,1475,EPI Faso
154,2025-01-07,2025-05-07,1625,EPI Faso
154,2025-05-08,2025-09-08,1825,EPI Faso
154,2025-09-09,2026-01-09,1975,EPI Faso
154,2026-01-10,2026-05-10,2125,EPI Faso
154,2026-05-11,2026-08-31,2225,EPI Faso
