id_absence,id_eleve,date,type,duree_jours
A000001,E0001,2025-10-10,absence,1
A000002,E0001,2026-05-20,absence,1
A000003,E0001,2026-04-27,absence,1
A000004,E0001,2026-04-10,absence,1
A000005,E0001,2025-10-14,absence,1
A000006,E0003,2025-09-12,tardif,0
A000007,E0003,2025-10-03,absence,1
A000008,E0003,2026-06-17,absence,1
A000009,E0003,2025-09-12,absence,1
A000010,E0003,2026-04-22,tardif,0
A000011,E0003,2025-12-12,absence,1
A000012,E0004,2025-09-26,absence,1
A000013,E0004,2025-10-15,absence,1
A000014,E0004,2025-09-30,tardif,0
A000015,E0004,2026-01-08,absence,1
A000016,E0004,2025-10-21,absence,1
A000017,E0005,2025-09-11,absence,1
A000018,E0005,2026-02-03,absence,1
A000019,E0005,2026-01-26,absence,1
A000020,E0006,2026-06-23,absence,1
A000021,E0006,2026-02-20,absence,1
A000022,E0006,2026-06-22,absence,1
A000023,E0006,2026-01-21,absence,1
A000024,E0006,2025-10-10,absence,1
A000025,E0006,2025-10-10,tardif,0
A000026,E0006,2026-01-07,absence,1
A000027,E0007,2026-06-17,absence,1
A000028,E0007,2026-02-02,absence,1
A000029,E0007,2026-03-20,absence,1
A000030,E0007,2026-02-18,absence,1
A000031,E0007,2026-01-16,tardif,0
A000032,E0007,2025-11-03,absence,1
A000033,E0007,2025-12-31,tardif,0
A000034,E0007,2026-06-10,absence,1
A000035,E0007,2026-02-05,absence,1
A000036,E0007,2026-06-09,absence,1
A000037,E0008,2026-04-30,absence,1
A000038,E0008,2025-09-03,absence,1
A000039,E0009,2025-09-25,absence,1
A000040,E0009,2025-10-17,absence,1
A000041,E0009,2025-11-28,tardif,0
A000042,E0009,2026-06-12,tardif,0
A000043,E0010,2026-03-13,tardif,0
A000044,E0010,2026-01-16,tardif,0
A000045,E0011,2026-02-05,absence,1
A000046,E0011,2026-03-31,absence,1
A000047,E0011,2025-10-08,absence,1
A000048,E0011,2026-01-12,tardif,0
A000049,E0011,2025-09-19,tardif,0
A000050,E0011,2025-12-24,tardif,0
A000051,E0011,2026-04-27,absence,1
A000052,E0011,2025-11-13,absence,1
A000053,E0012,2026-05-14,absence,1
A000054,E0012,2026-03-30,absence,1
A000055,E0012,2026-01-15,absence,1
A000056,E0012,2026-02-17,absence,1
A000057,E0012,2025-12-24,absence,1
A000058,E0013,2026-05-12,absence,1
A000059,E0013,2026-06-15,absence,1
A000060,E0013,2025-09-30,tardif,0
A000061,E0015,2026-04-30,absence,1
A000062,E0015,2025-10-06,tardif,0
A000063,E0015,2026-02-02,absence,1
A000064,E0015,2025-09-18,absence,1
A000065,E0016,2025-12-29,tardif,0
A000066,E0016,2026-06-30,tardif,0
A000067,E0016,2026-02-05,tardif,0
A000068,E0016,2025-09-03,absence,1
A000069,E0016,2026-02-16,tardif,0
A000070,E0016,2026-05-22,tardif,0
A000071,E0016,2026-02-13,tardif,0
A000072,E0017,2026-06-11,absence,1
A000073,E0017,2026-01-22,absence,1
A000074,E0017,2025-09-05,absence,1
A000075,E0018,2025-10-02,tardif,0
A000076,E0018,2026-03-16,tardif,0
A000077,E0018,2025-11-20,absence,1
A000078,E0019,2025-10-06,absence,1
A000079,E0019,2026-03-02,absence,1
A000080,E0020,2025-09-11,absence,1
A000081,E0020,2025-11-05,absence,1
A000082,E0020,2026-03-23,absence,1
A000083,E0020,2026-05-11,absence,1
A000084,E0020,2026-03-02,absence,1
A000085,E0020,2026-01-02,absence,1
A000086,E0020,2025-10-20,absence,1
A000087,E0021,2026-06-24,absence,1
A000088,E0021,2026-01-30,absence,1
A000089,E0021,2025-12-02,tardif,0
A000090,E0021,2025-12-23,tardif,0
A000091,E0021,2025-11-18,tardif,0
A000092,E0021,2026-06-12,absence,1
A000093,E0021,2025-12-24,absence,1
A000094,E0021,2026-03-06,absence,1
A000095,E0022,2026-06-15,absence,1
A000096,E0022,2025-12-17,absence,1
A000097,E0022,2026-05-28,absence,1
A000098,E0022,2026-04-15,absence,1
A000099,E0022,2025-10-20,absence,1
A000100,E0023,2026-06-23,absence,1
A000101,E0023,2025-12-16,absence,1
A000102,E0023,2025-10-29,absence,1
A000103,E0023,2025-12-22,absence,1
A000104,E0024,2025-12-24,tardif,0
A000105,E0024,2026-01-23,absence,1
A000106,E0024,2026-01-23,tardif,0
A000107,E0024,2026-03-26,absence,1
A000108,E0025,2025-09-29,tardif,0
A000109,E0025,2026-05-07,absence,1
A000110,E0025,2025-12-11,absence,1
A000111,E0025,2026-03-23,tardif,0
A000112,E0025,2026-05-15,absence,1
A000113,E0025,2026-02-11,absence,1
A000114,E0025,2025-10-16,absence,1
A000115,E0025,2025-12-16,absence,1
A000116,E0025,2026-01-27,absence,1
A000117,E0025,2026-06-04,absence,1
A000118,E0026,2026-02-03,absence,1
A000119,E0026,2026-01-26,tardif,0
A000120,E0026,2026-01-12,absence,1
A000121,E0027,2025-10-31,absence,1
A000122,E0027,2026-04-07,absence,1
A000123,E0028,2026-05-28,absence,1
A000124,E0028,2026-04-27,absence,1
A000125,E0028,2025-12-12,absence,1
A000126,E0028,2026-06-09,absence,1
A000127,E0028,2026-06-30,absence,1
A000128,E0030,2025-11-03,absence,1
A000129,E0030,2025-10-07,absence,1
A000130,E0030,2025-10-06,absence,1
A000131,E0031,2025-09-16,tardif,0
A000132,E0031,2025-10-23,tardif,0
A000133,E0031,2026-05-07,tardif,0
A000134,E0032,2026-04-03,tardif,0
A000135,E0032,2026-04-24,absence,1
A000136,E0033,2026-05-12,absence,1
A000137,E0033,2026-04-13,tardif,0
A000138,E0033,2025-12-08,absence,1
A000139,E0034,2026-06-10,absence,1
A000140,E0034,2025-09-29,absence,1
A000141,E0034,2026-01-16,tardif,0
A000142,E0035,2025-10-02,absence,1
A000143,E0035,2026-04-02,tardif,0
A000144,E0035,2026-02-19,absence,1
A000145,E0035,2025-10-21,absence,1
A000146,E0036,2026-06-01,tardif,0
A000147,E0037,2026-02-24,tardif,0
A000148,E0037,2025-10-10,absence,1
A000149,E0039,2025-10-17,absence,1
A000150,E0040,2026-02-24,absence,1
A000151,E0041,2025-11-24,absence,1
A000152,E0041,2026-05-06,tardif,0
A000153,E0041,2026-01-12,absence,1
A000154,E0041,2026-04-01,tardif,0
A000155,E0041,2026-01-26,absence,1
A000156,E0041,2026-05-14,tardif,0
A000157,E0041,2026-05-04,tardif,0
A000158,E0041,2026-06-30,tardif,0
A000159,E0041,2025-09-23,absence,1
A000160,E0041,2026-04-08,tardif,0
A000161,E0041,2026-05-04,tardif,0
A000162,E0041,2026-06-26,absence,1
A000163,E0041,2026-03-02,absence,1
A000164,E0042,2026-02-03,absence,1
A000165,E0043,2025-11-13,absence,1
A000166,E0043,2025-10-08,absence,1
A000167,E0043,2025-11-21,tardif,0
A000168,E0043,2025-09-03,absence,1
A000169,E0043,2026-03-27,absence,1
A000170,E0043,2026-06-08,absence,1
A000171,E0043,2025-10-20,absence,1
A000172,E0044,2025-09-15,tardif,0
A000173,E0044,2025-12-24,absence,1
A000174,E0044,2025-09-02,absence,1
A000175,E0044,2026-06-26,absence,1
A000176,E0044,2026-03-13,absence,1
A000177,E0044,2026-02-12,tardif,0
A000178,E0044,2026-03-17,absence,1
A000179,E0044,2026-06-25,absence,1
A000180,E0046,2026-05-14,absence,1
A000181,E0046,2025-12-24,absence,1
A000182,E0046,2025-12-24,tardif,0
A000183,E0047,2026-03-23,tardif,0
A000184,E0047,2026-03-10,absence,1
A000185,E0047,2026-04-29,absence,1
A000186,E0048,2026-05-20,tardif,0
A000187,E0048,2025-11-18,tardif,0
A000188,E0048,2026-04-02,absence,1
A000189,E0048,2026-06-12,absence,1
A000190,E0048,2025-10-20,absence,1
A000191,E0048,2026-02-06,tardif,0
A000192,E0048,2026-03-04,absence,1
A000193,E0048,2026-02-27,absence,1
A000194,E0048,2025-12-15,absence,1
A000195,E0048,2026-02-03,absence,1
A000196,E0048,2026-02-18,absence,1
A000197,E0048,2026-02-04,absence,1
A000198,E0049,2026-04-29,absence,1
A000199,E0049,2025-12-29,absence,1
A000200,E0050,2025-09-26,absence,1
A000201,E0050,2025-12-23,tardif,0
A000202,E0050,2025-11-03,absence,1
A000203,E0050,2026-04-03,absence,1
A000204,E0050,2025-09-09,absence,1
A000205,E0050,2025-12-22,absence,1
A000206,E0050,2026-02-06,absence,1
A000207,E0051,2025-10-27,tardif,0
A000208,E0052,2026-02-03,absence,1
A000209,E0052,2025-12-16,absence,1
A000210,E0053,2025-09-30,absence,1
A000211,E0054,2025-12-05,absence,1
A000212,E0054,2026-05-27,absence,1
A000213,E0054,2025-09-01,absence,1
A000214,E0054,2026-03-11,absence,1
A000215,E0054,2026-06-09,tardif,0
A000216,E0054,2025-11-14,absence,1
A000217,E0054,2025-12-31,tardif,0
A000218,E0054,2026-06-09,absence,1
A000219,E0055,2025-09-12,absence,1
A000220,E0055,2025-09-19,tardif,0
A000221,E0056,2025-09-10,absence,1
A000222,E0056,2025-09-01,absence,1
A000223,E0057,2026-03-25,absence,1
A000224,E0057,2026-05-21,absence,1
A000225,E0057,2026-01-22,absence,1
A000226,E0057,2026-01-29,absence,1
A000227,E0057,2026-04-22,absence,1
A000228,E0058,2026-01-21,tardif,0
A000229,E0058,2025-12-19,absence,1
A000230,E0058,2026-02-27,absence,1
A000231,E0058,2026-03-30,absence,1
A000232,E0059,2026-03-10,absence,1
A000233,E0059,2025-11-04,absence,1
A000234,E0059,2026-02-27,absence,1
A000235,E0060,2026-05-21,tardif,0
A000236,E0060,2026-01-22,absence,1
A000237,E0060,2026-05-19,absence,1
A000238,E0060,2026-03-12,tardif,0
A000239,E0060,2026-03-04,absence,1
A000240,E0060,2026-03-03,tardif,0
A000241,E0060,2026-06-19,absence,1
A000242,E0061,2025-10-28,absence,1
A000243,E0061,2026-01-29,absence,1
A000244,E0061,2025-09-24,tardif,0
A000245,E0061,2026-01-16,absence,1
A000246,E0061,2026-04-13,absence,1
A000247,E0061,2026-02-05,absence,1
A000248,E0061,2026-01-22,absence,1
A000249,E0062,2026-03-26,absence,1
A000250,E0062,2025-09-29,absence,1
A000251,E0062,2026-01-06,absence,1
A000252,E0063,2025-11-18,absence,1
A000253,E0063,2026-04-17,absence,1
A000254,E0063,2025-10-30,absence,1
A000255,E0064,2026-03-10,absence,1
A000256,E0064,2025-12-18,absence,1
A000257,E0064,2025-12-18,tardif,0
A000258,E0064,2026-05-26,absence,1
A000259,E0064,2025-09-12,absence,1
A000260,E0064,2026-06-17,absence,1
A000261,E0064,2026-05-01,absence,1
A000262,E0064,2026-05-29,tardif,0
A000263,E0064,2026-01-15,absence,1
A000264,E0064,2026-04-02,absence,1
A000265,E0065,2026-04-20,tardif,0
A000266,E0065,2025-12-19,absence,1
A000267,E0065,2025-10-01,tardif,0
A000268,E0065,2025-09-11,absence,1
A000269,E0065,2025-09-30,absence,1
A000270,E0065,2025-10-01,tardif,0
A000271,E0066,2026-05-08,absence,1
A000272,E0067,2026-06-09,absence,1
A000273,E0067,2025-11-21,absence,1
A000274,E0067,2026-02-11,absence,1
A000275,E0068,2026-04-21,absence,1
A000276,E0069,2025-09-15,tardif,0
A000277,E0069,2026-06-16,absence,1
A000278,E0070,2026-05-04,absence,1
A000279,E0070,2026-01-02,absence,1
A000280,E0070,2025-10-15,absence,1
A000281,E0070,2026-02-04,absence,1
A000282,E0070,2025-09-03,absence,1
A000283,E0070,2026-02-05,absence,1
A000284,E0070,2026-01-12,absence,1
A000285,E0070,2025-12-05,absence,1
A000286,E0070,2025-12-01,absence,1
A000287,E0070,2026-06-05,absence,1
A000288,E0071,2026-04-20,tardif,0
A000289,E0072,2025-10-30,tardif,0
A000290,E0072,2025-09-04,absence,1
A000291,E0073,2025-10-03,absence,1
A000292,E0073,2026-04-23,absence,1
A000293,E0073,2025-12-19,tardif,0
A000294,E0073,2025-12-29,absence,1
A000295,E0074,2025-09-09,absence,1
A000296,E0074,2026-05-11,absence,1
A000297,E0075,2026-04-06,absence,1
A000298,E0075,2025-09-09,tardif,0
A000299,E0075,2026-04-29,absence,1
A000300,E0075,2026-04-28,tardif,0
A000301,E0075,2026-06-22,absence,1
A000302,E0076,2025-12-12,absence,1
A000303,E0076,2025-10-07,tardif,0
A000304,E0076,2026-01-12,absence,1
A000305,E0076,2026-01-05,tardif,0
A000306,E0076,2026-03-18,absence,1
A000307,E0076,2025-11-11,absence,1
A000308,E0076,2026-06-02,absence,1
A000309,E0076,2026-06-15,tardif,0
A000310,E0076,2025-10-24,absence,1
A000311,E0076,2026-01-27,absence,1
A000312,E0076,2026-02-19,tardif,0
A000313,E0077,2026-04-13,absence,1
A000314,E0077,2026-05-14,tardif,0
A000315,E0077,2025-11-17,absence,1
A000316,E0077,2025-10-03,tardif,0
A000317,E0077,2026-01-02,absence,1
A000318,E0078,2026-02-06,absence,1
A000319,E0078,2025-11-13,tardif,0
A000320,E0080,2026-02-04,tardif,0
A000321,E0080,2026-04-28,absence,1
A000322,E0080,2025-11-20,absence,1
A000323,E0081,2026-03-06,absence,1
A000324,E0081,2025-12-18,absence,1
A000325,E0082,2026-05-20,tardif,0
A000326,E0082,2026-03-25,absence,1
A000327,E0082,2025-12-01,absence,1
A000328,E0082,2026-05-04,absence,1
A000329,E0082,2026-06-09,tardif,0
A000330,E0082,2026-06-04,absence,1
A000331,E0083,2025-09-25,tardif,0
A000332,E0083,2026-01-23,absence,1
A000333,E0083,2025-12-09,absence,1
A000334,E0084,2025-11-14,tardif,0
A000335,E0084,2026-05-01,tardif,0
A000336,E0085,2026-03-02,absence,1
A000337,E0085,2025-11-12,absence,1
A000338,E0085,2026-06-30,absence,1
A000339,E0085,2026-05-12,absence,1
A000340,E0086,2026-03-20,absence,1
A000341,E0086,2026-04-28,absence,1
A000342,E0086,2026-01-21,absence,1
A000343,E0087,2025-10-06,absence,1
A000344,E0087,2025-10-30,absence,1
A000345,E0087,2025-09-10,absence,1
A000346,E0087,2026-02-06,absence,1
A000347,E0087,2026-04-09,tardif,0
A000348,E0087,2025-11-10,absence,1
A000349,E0087,2025-10-30,absence,1
A000350,E0087,2025-09-10,tardif,0
A000351,E0088,2025-11-28,absence,1
A000352,E0088,2025-11-11,absence,1
A000353,E0088,2026-04-21,absence,1
A000354,E0088,2026-01-12,tardif,0
A000355,E0089,2025-09-03,tardif,0
A000356,E0089,2026-06-05,absence,1
A000357,E0089,2026-06-23,absence,1
A000358,E0089,2026-06-16,absence,1
A000359,E0089,2026-04-28,absence,1
A000360,E0089,2026-01-23,absence,1
A000361,E0090,2025-11-03,absence,1
A000362,E0090,2026-02-02,absence,1
A000363,E0090,2026-03-10,absence,1
A000364,E0091,2025-09-30,tardif,0
A000365,E0092,2025-09-15,tardif,0
A000366,E0092,2026-01-05,absence,1
A000367,E0092,2026-02-18,absence,1
A000368,E0092,2026-01-08,absence,1
A000369,E0092,2025-12-30,absence,1
A000370,E0092,2025-12-23,tardif,0
A000371,E0092,2026-01-20,absence,1
A000372,E0092,2025-10-28,absence,1
A000373,E0092,2025-11-06,absence,1
A000374,E0092,2026-01-13,tardif,0
A000375,E0093,2025-10-10,absence,1
A000376,E0093,2026-01-13,absence,1
A000377,E0093,2026-06-25,absence,1
A000378,E0093,2026-03-19,absence,1
A000379,E0094,2025-09-25,absence,1
A000380,E0094,2026-03-09,absence,1
A000381,E0094,2025-09-30,absence,1
A000382,E0094,2026-06-30,tardif,0
A000383,E0094,2025-11-04,absence,1
A000384,E0095,2025-12-12,absence,1
A000385,E0095,2026-06-18,absence,1
A000386,E0095,2026-04-02,absence,1
A000387,E0095,2026-03-06,absence,1
A000388,E0095,2026-04-27,tardif,0
A000389,E0095,2026-05-19,absence,1
A000390,E0096,2025-10-21,absence,1
A000391,E0096,2025-09-09,absence,1
A000392,E0097,2025-11-27,absence,1
A000393,E0097,2025-10-28,tardif,0
A000394,E0098,2026-06-15,absence,1
A000395,E0098,2026-02-16,absence,1
A000396,E0099,2026-03-10,absence,1
A000397,E0099,2026-05-27,absence,1
A000398,E0099,2026-04-23,tardif,0
A000399,E0101,2025-10-17,tardif,0
A000400,E0101,2026-04-27,absence,1
A000401,E0101,2025-10-17,absence,1
A000402,E0101,2025-09-12,absence,1
A000403,E0101,2025-09-04,tardif,0
A000404,E0102,2026-02-11,absence,1
A000405,E0102,2026-01-29,absence,1
A000406,E0102,2025-11-27,tardif,0
A000407,E0102,2026-02-16,tardif,0
A000408,E0103,2025-11-24,absence,1
A000409,E0103,2026-06-23,absence,1
A000410,E0103,2025-10-31,absence,1
A000411,E0103,2026-01-06,absence,1
A000412,E0104,2025-12-03,absence,1
A000413,E0105,2026-01-05,absence,1
A000414,E0105,2026-04-16,absence,1
A000415,E0106,2026-05-05,absence,1
A000416,E0106,2025-09-08,absence,1
A000417,E0106,2025-10-30,tardif,0
A000418,E0106,2026-01-19,absence,1
A000419,E0106,2025-11-28,absence,1
A000420,E0106,2025-10-14,tardif,0
A000421,E0106,2025-10-14,absence,1
A000422,E0106,2026-04-20,tardif,0
A000423,E0106,2025-12-22,absence,1
A000424,E0107,2026-01-28,absence,1
A000425,E0107,2025-09-11,absence,1
A000426,E0107,2026-02-27,absence,1
A000427,E0107,2026-06-09,tardif,0
A000428,E0107,2026-04-08,absence,1
A000429,E0108,2026-06-24,absence,1
A000430,E0108,2026-02-04,tardif,0
A000431,E0109,2025-09-18,absence,1
A000432,E0109,2025-12-03,absence,1
A000433,E0109,2026-03-17,tardif,0
A000434,E0109,2026-02-05,absence,1
A000435,E0109,2026-06-08,absence,1
A000436,E0109,2026-06-04,absence,1
A000437,E0109,2026-01-19,absence,1
A000438,E0110,2026-01-09,absence,1
A000439,E0110,2026-01-27,absence,1
A000440,E0110,2026-06-18,absence,1
A000441,E0110,2026-06-29,absence,1
A000442,E0110,2025-11-04,tardif,0
A000443,E0111,2026-02-26,absence,1
A000444,E0111,2026-06-22,tardif,0
A000445,E0111,2026-04-16,absence,1
A000446,E0112,2026-06-12,absence,1
A000447,E0112,2026-05-27,absence,1
A000448,E0112,2025-12-29,tardif,0
A000449,E0112,2026-04-13,absence,1
A000450,E0112,2025-10-17,absence,1
A000451,E0113,2026-01-29,tardif,0
A000452,E0113,2026-06-11,absence,1
A000453,E0113,2026-04-30,absence,1
A000454,E0113,2025-12-16,absence,1
A000455,E0113,2025-10-09,absence,1
A000456,E0113,2025-11-10,absence,1
A000457,E0113,2026-05-26,absence,1
A000458,E0113,2026-01-12,absence,1
A000459,E0113,2026-04-16,absence,1
A000460,E0114,2026-04-20,absence,1
A000461,E0114,2025-12-01,absence,1
A000462,E0114,2026-01-02,tardif,0
A000463,E0114,2025-09-05,absence,1
A000464,E0114,2025-09-12,absence,1
A000465,E0114,2026-06-23,tardif,0
A000466,E0114,2025-09-16,absence,1
A000467,E0114,2025-11-06,absence,1
A000468,E0114,2025-12-19,absence,1
A000469,E0114,2026-06-02,absence,1
A000470,E0114,2026-01-19,tardif,0
A000471,E0115,2025-10-14,absence,1
A000472,E0115,2026-01-20,absence,1
A000473,E0116,2025-11-17,absence,1
A000474,E0116,2025-11-28,tardif,0
A000475,E0117,2026-03-20,absence,1
A000476,E0117,2026-01-20,absence,1
A000477,E0117,2026-01-21,absence,1
A000478,E0117,2026-04-01,absence,1
A000479,E0117,2026-01-08,absence,1
A000480,E0117,2026-04-21,absence,1
A000481,E0117,2026-05-01,absence,1
A000482,E0117,2026-03-03,absence,1
A000483,E0117,2026-03-27,absence,1
A000484,E0118,2025-11-20,absence,1
A000485,E0118,2025-12-22,absence,1
A000486,E0118,2025-12-15,tardif,0
A000487,E0118,2026-05-12,absence,1
A000488,E0119,2026-04-06,absence,1
A000489,E0119,2025-11-26,absence,1
A000490,E0119,2026-04-14,absence,1
A000491,E0119,2025-12-04,absence,1
A000492,E0119,2025-09-08,absence,1
A000493,E0119,2025-09-29,tardif,0
A000494,E0119,2025-12-18,tardif,0
A000495,E0119,2025-12-10,absence,1
A000496,E0119,2025-12-30,absence,1
A000497,E0119,2026-02-16,absence,1
A000498,E0120,2026-03-13,absence,1
A000499,E0120,2026-03-10,absence,1
A000500,E0120,2025-11-25,absence,1
A000501,E0120,2026-05-05,absence,1
A000502,E0121,2026-05-11,absence,1
A000503,E0121,2025-12-02,tardif,0
A000504,E0121,2026-02-23,absence,1
A000505,E0121,2025-09-15,absence,1
A000506,E0121,2025-10-14,absence,1
A000507,E0121,2026-01-14,absence,1
A000508,E0121,2025-10-30,absence,1
A000509,E0121,2026-03-30,absence,1
A000510,E0122,2025-12-12,absence,1
A000511,E0123,2025-12-31,absence,1
A000512,E0123,2026-02-26,absence,1
A000513,E0123,2025-09-16,absence,1
A000514,E0123,2026-02-27,absence,1
A000515,E0123,2026-05-08,absence,1
A000516,E0123,2026-06-19,absence,1
A000517,E0123,2026-02-13,tardif,0
A000518,E0124,2025-09-29,absence,1
A000519,E0124,2026-04-14,absence,1
A000520,E0124,2026-04-24,absence,1
A000521,E0124,2026-04-10,absence,1
A000522,E0124,2026-04-21,absence,1
A000523,E0124,2026-05-13,absence,1
A000524,E0124,2026-01-22,tardif,0
A000525,E0124,2026-04-13,absence,1
A000526,E0124,2026-04-27,absence,1
A000527,E0125,2026-02-09,absence,1
A000528,E0125,2025-12-18,absence,1
A000529,E0125,2026-01-07,absence,1
A000530,E0125,2026-01-15,absence,1
A000531,E0126,2026-06-16,absence,1
A000532,E0126,2026-03-17,absence,1
A000533,E0126,2025-09-15,absence,1
A000534,E0126,2026-06-18,tardif,0
A000535,E0127,2025-09-24,tardif,0
A000536,E0127,2026-02-17,absence,1
A000537,E0127,2025-10-28,absence,1
A000538,E0127,2025-11-24,absence,1
A000539,E0127,2025-09-09,absence,1
A000540,E0127,2025-09-12,absence,1
A000541,E0127,2026-06-19,tardif,0
A000542,E0127,2025-10-27,tardif,0
A000543,E0128,2025-12-24,absence,1
A000544,E0128,2026-04-15,tardif,0
A000545,E0128,2025-11-03,absence,1
A000546,E0128,2025-12-01,absence,1
A000547,E0128,2025-11-04,absence,1
A000548,E0128,2026-03-11,absence,1
A000549,E0128,2025-10-01,tardif,0
A000550,E0129,2026-02-02,absence,1
A000551,E0129,2025-12-16,absence,1
A000552,E0129,2026-06-01,absence,1
A000553,E0129,2026-02-25,tardif,0
A000554,E0129,2025-09-12,absence,1
A000555,E0129,2026-06-10,absence,1
A000556,E0129,2026-02-24,absence,1
A000557,E0129,2025-09-24,absence,1
A000558,E0129,2025-12-09,absence,1
A000559,E0129,2026-01-02,absence,1
A000560,E0130,2026-04-16,absence,1
A000561,E0130,2025-09-03,tardif,0
A000562,E0130,2026-05-22,absence,1
A000563,E0130,2026-02-20,absence,1
A000564,E0130,2026-01-02,absence,1
A000565,E0131,2026-01-14,absence,1
A000566,E0131,2025-12-23,absence,1
A000567,E0131,2025-10-23,absence,1
A000568,E0131,2026-01-28,tardif,0
A000569,E0131,2026-02-17,absence,1
A000570,E0132,2025-09-26,absence,1
A000571,E0132,2025-12-05,absence,1
A000572,E0132,2026-01-19,absence,1
A000573,E0133,2026-06-23,absence,1
A000574,E0133,2026-03-23,absence,1
A000575,E0134,2025-09-05,absence,1
A000576,E0134,2026-04-10,absence,1
A000577,E0134,2025-10-03,absence,1
A000578,E0134,2025-12-12,absence,1
A000579,E0134,2026-03-12,absence,1
A000580,E0134,2026-06-16,absence,1
A000581,E0134,2026-03-06,absence,1
A000582,E0134,2026-02-12,absence,1
A000583,E0134,2026-06-22,absence,1
A000584,E0135,2025-11-24,absence,1
A000585,E0135,2026-02-16,absence,1
A000586,E0135,2026-01-19,absence,1
A000587,E0135,2026-02-05,absence,1
A000588,E0135,2026-01-02,absence,1
A000589,E0135,2025-10-16,absence,1
A000590,E0135,2026-01-12,absence,1
A000591,E0136,2025-09-22,absence,1
A000592,E0136,2025-10-10,tardif,0
A000593,E0136,2025-10-17,tardif,0
A000594,E0136,2025-10-15,absence,1
A000595,E0137,2026-02-26,tardif,0
A000596,E0137,2025-11-05,absence,1
A000597,E0137,2026-03-24,absence,1
A000598,E0137,2026-05-20,absence,1
A000599,E0137,2026-04-30,tardif,0
A000600,E0137,2025-09-10,absence,1
A000601,E0137,2026-04-07,absence,1
A000602,E0137,2025-10-22,absence,1
A000603,E0137,2025-10-23,absence,1
A000604,E0137,2026-06-02,tardif,0
A000605,E0138,2025-10-02,absence,1
A000606,E0138,2026-03-26,absence,1
A000607,E0138,2026-06-01,absence,1
A000608,E0139,2026-05-12,tardif,0
A000609,E0139,2025-11-26,tardif,0
A000610,E0139,2026-02-12,absence,1
A000611,E0139,2026-02-20,absence,1
A000612,E0139,2026-06-26,tardif,0
A000613,E0139,2026-02-24,absence,1
A000614,E0139,2026-03-11,absence,1
A000615,E0139,2026-05-25,absence,1
A000616,E0140,2026-04-02,absence,1
A000617,E0140,2025-12-03,absence,1
A000618,E0140,2025-12-16,tardif,0
A000619,E0140,2026-02-26,absence,1
A000620,E0140,2026-06-24,absence,1
A000621,E0140,2026-04-27,absence,1
A000622,E0140,2025-09-30,absence,1
A000623,E0140,2026-02-23,absence,1
A000624,E0140,2025-12-23,absence,1
A000625,E0140,2026-01-12,absence,1
A000626,E0141,2026-03-02,absence,1
A000627,E0141,2026-01-13,absence,1
A000628,E0141,2025-10-10,absence,1
A000629,E0141,2025-09-10,tardif,0
A000630,E0142,2025-11-05,absence,1
A000631,E0143,2026-03-25,absence,1
A000632,E0143,2025-09-29,absence,1
A000633,E0143,2026-06-19,absence,1
A000634,E0143,2026-01-20,absence,1
A000635,E0143,2025-12-24,absence,1
A000636,E0143,2025-10-14,absence,1
A000637,E0143,2025-10-06,absence,1
A000638,E0143,2026-06-17,tardif,0
A000639,E0143,2025-12-17,absence,1
A000640,E0143,2026-05-26,absence,1
A000641,E0144,2025-09-30,absence,1
A000642,E0144,2025-11-14,absence,1
A000643,E0144,2026-03-27,absence,1
A000644,E0144,2026-04-29,tardif,0
A000645,E0144,2025-11-13,absence,1
A000646,E0144,2025-09-10,absence,1
A000647,E0144,2026-01-20,tardif,0
A000648,E0144,2025-10-22,absence,1
A000649,E0144,2025-10-17,tardif,0
A000650,E0144,2026-06-08,absence,1
A000651,E0145,2025-09-10,tardif,0
A000652,E0146,2025-12-17,absence,1
A000653,E0146,2026-02-24,absence,1
A000654,E0146,2026-02-17,absence,1
A000655,E0146,2026-05-21,absence,1
A000656,E0146,2026-05-28,absence,1
A000657,E0146,2025-11-13,tardif,0
A000658,E0147,2025-10-29,tardif,0
A000659,E0147,2026-02-04,absence,1
A000660,E0147,2026-06-24,absence,1
A000661,E0147,2026-02-06,absence,1
A000662,E0147,2026-01-28,tardif,0
A000663,E0148,2026-06-04,tardif,0
A000664,E0148,2025-09-25,tardif,0
A000665,E0148,2025-12-01,absence,1
A000666,E0148,2025-11-21,absence,1
A000667,E0148,2025-11-05,absence,1
A000668,E0148,2026-04-02,absence,1
A000669,E0148,2026-03-10,absence,1
A000670,E0149,2026-04-14,absence,1
A000671,E0149,2026-04-03,absence,1
A000672,E0149,2026-04-09,tardif,0
A000673,E0150,2026-06-03,absence,1
A000674,E0150,2026-04-06,absence,1
A000675,E0150,2025-12-18,absence,1
A000676,E0151,2025-09-12,absence,1
A000677,E0151,2025-10-28,tardif,0
A000678,E0151,2026-05-14,absence,1
A000679,E0151,2026-04-17,absence,1
A000680,E0151,2026-03-30,absence,1
A000681,E0151,2026-06-02,tardif,0
A000682,E0151,2026-05-05,absence,1
A000683,E0151,2025-10-03,absence,1
A000684,E0151,2025-10-27,absence,1
A000685,E0151,2025-10-27,absence,1
A000686,E0151,2025-12-05,tardif,0
A000687,E0151,2025-09-18,absence,1
A000688,E0152,2026-02-18,tardif,0
A000689,E0152,2025-11-14,tardif,0
A000690,E0152,2025-09-15,tardif,0
A000691,E0153,2025-10-01,absence,1
A000692,E0153,2026-03-17,tardif,0
A000693,E0153,2025-12-04,absence,1
A000694,E0153,2026-06-02,absence,1
A000695,E0154,2025-12-10,absence,1
A000696,E0154,2026-01-20,tardif,0
A000697,E0154,2026-04-28,absence,1
A000698,E0154,2026-03-19,absence,1
A000699,E0154,2025-09-11,absence,1
A000700,E0154,2026-01-30,absence,1
A000701,E0154,2026-06-25,absence,1
A000702,E0154,2025-11-06,absence,1
A000703,E0155,2025-09-08,tardif,0
A000704,E0155,2025-10-31,absence,1
A000705,E0155,2026-03-24,absence,1
A000706,E0155,2025-09-18,absence,1
A000707,E0155,2026-06-18,absence,1
A000708,E0155,2026-02-06,absence,1
A000709,E0155,2025-11-24,absence,1
A000710,E0155,2025-11-21,absence,1
A000711,E0155,2025-11-05,absence,1
A000712,E0156,2025-11-26,tardif,0
A000713,E0156,2025-10-24,absence,1
A000714,E0156,2025-10-14,absence,1
A000715,E0156,2025-09-12,tardif,0
A000716,E0156,2026-04-08,absence,1
A000717,E0156,2026-02-19,absence,1
A000718,E0156,2026-06-15,absence,1
A000719,E0156,2025-09-25,absence,1
A000720,E0157,2026-02-27,absence,1
A000721,E0157,2026-06-01,tardif,0
A000722,E0157,2026-06-12,absence,1
A000723,E0158,2026-06-17,absence,1
A000724,E0158,2025-11-05,tardif,0
A000725,E0158,2026-04-09,absence,1
A000726,E0158,2025-10-27,absence,1
A000727,E0158,2026-04-16,absence,1
A000728,E0158,2026-01-16,tardif,0
A000729,E0158,2026-01-23,tardif,0
A000730,E0159,2026-01-21,absence,1
A000731,E0159,2026-05-08,absence,1
A000732,E0160,2026-05-07,absence,1
A000733,E0160,2026-03-04,absence,1
A000734,E0160,2026-01-02,absence,1
A000735,E0160,2025-11-11,tardif,0
A000736,E0161,2026-01-21,absence,1
A000737,E0161,2025-11-28,absence,1
A000738,E0161,2026-06-01,absence,1
A000739,E0162,2026-06-22,absence,1
A000740,E0162,2026-03-10,absence,1
A000741,E0162,2025-09-26,absence,1
A000742,E0162,2026-05-13,absence,1
A000743,E0162,2025-09-24,tardif,0
A000744,E0162,2026-01-28,absence,1
A000745,E0162,2026-03-20,absence,1
A000746,E0162,2026-03-24,absence,1
A000747,E0162,2026-06-18,absence,1
A000748,E0162,2026-04-14,absence,1
A000749,E0162,2025-12-02,absence,1
A000750,E0162,2026-05-18,absence,1
A000751,E0162,2025-12-15,absence,1
A000752,E0163,2026-03-27,absence,1
A000753,E0163,2026-06-12,absence,1
A000754,E0163,2026-06-23,absence,1
A000755,E0163,2026-04-30,absence,1
A000756,E0164,2026-02-09,absence,1
A000757,E0164,2025-11-24,absence,1
A000758,E0164,2025-09-03,absence,1
A000759,E0164,2025-12-19,absence,1
A000760,E0164,2025-10-27,tardif,0
A000761,E0165,2026-01-05,tardif,0
A000762,E0165,2026-01-05,absence,1
A000763,E0165,2026-02-25,tardif,0
A000764,E0165,2026-04-07,absence,1
A000765,E0165,2025-11-10,absence,1
A000766,E0165,2025-11-28,absence,1
A000767,E0165,2026-03-17,absence,1
A000768,E0165,2026-04-08,absence,1
A000769,E0165,2026-01-26,absence,1
A000770,E0165,2026-02-13,tardif,0
A000771,E0165,2026-02-04,absence,1
A000772,E0165,2026-06-17,absence,1
A000773,E0165,2026-05-29,absence,1
A000774,E0166,2025-11-03,absence,1
A000775,E0167,2026-02-16,absence,1
A000776,E0167,2025-09-24,absence,1
A000777,E0167,2026-01-20,tardif,0
A000778,E0167,2026-04-20,absence,1
A000779,E0167,2026-05-05,absence,1
A000780,E0167,2026-02-11,absence,1
A000781,E0167,2026-06-26,absence,1
A000782,E0167,2026-02-18,tardif,0
A000783,E0169,2026-01-21,absence,1
A000784,E0169,2025-12-03,tardif,0
A000785,E0169,2025-12-18,absence,1
A000786,E0169,2025-10-13,absence,1
A000787,E0169,2025-12-24,absence,1
A000788,E0169,2025-11-13,absence,1
A000789,E0170,2026-01-20,tardif,0
A000790,E0170,2025-10-01,tardif,0
A000791,E0170,2026-04-07,absence,1
A000792,E0170,2026-04-30,tardif,0
A000793,E0170,2026-04-01,absence,1
A000794,E0172,2026-06-09,absence,1
A000795,E0172,2025-09-22,absence,1
A000796,E0173,2026-05-11,absence,1
A000797,E0173,2026-06-22,absence,1
A000798,E0173,2026-06-16,absence,1
A000799,E0174,2025-09-10,absence,1
A000800,E0174,2026-05-20,absence,1
A000801,E0174,2025-12-16,absence,1
A000802,E0174,2025-11-12,absence,1
A000803,E0174,2026-01-27,absence,1
A000804,E0174,2026-01-30,absence,1
A000805,E0174,2026-03-31,absence,1
A000806,E0174,2025-12-18,absence,1
A000807,E0175,2026-06-26,absence,1
A000808,E0175,2026-04-28,absence,1
A000809,E0175,2025-10-14,tardif,0
A000810,E0175,2025-12-18,tardif,0
A000811,E0175,2025-11-24,tardif,0
A000812,E0175,2026-06-22,absence,1
A000813,E0175,2026-06-18,absence,1
A000814,E0175,2025-11-13,absence,1
A000815,E0176,2025-09-10,absence,1
A000816,E0176,2026-05-19,tardif,0
A000817,E0176,2026-05-22,absence,1
A000818,E0176,2026-06-04,absence,1
A000819,E0176,2025-10-30,absence,1
A000820,E0177,2026-05-28,absence,1
A000821,E0177,2026-02-13,absence,1
A000822,E0177,2026-04-15,tardif,0
A000823,E0177,2025-11-12,absence,1
A000824,E0177,2026-02-23,absence,1
A000825,E0177,2025-11-12,absence,1
A000826,E0177,2026-01-05,tardif,0
A000827,E0177,2025-11-10,absence,1
A000828,E0177,2025-10-30,absence,1
A000829,E0177,2026-01-08,absence,1
A000830,E0178,2026-05-12,absence,1
A000831,E0179,2025-10-06,tardif,0
A000832,E0179,2025-09-05,absence,1
A000833,E0180,2025-11-11,absence,1
A000834,E0180,2026-06-18,tardif,0
A000835,E0180,2025-12-15,tardif,0
A000836,E0180,2026-05-18,absence,1
A000837,E0180,2025-12-11,tardif,0
A000838,E0180,2026-02-26,absence,1
A000839,E0181,2026-03-13,absence,1
A000840,E0181,2025-10-29,tardif,0
A000841,E0182,2026-06-18,absence,1
A000842,E0182,2026-03-26,absence,1
A000843,E0182,2026-03-17,absence,1
A000844,E0183,2026-05-12,absence,1
A000845,E0184,2025-12-22,absence,1
A000846,E0184,2026-01-14,tardif,0
A000847,E0184,2026-01-14,absence,1
A000848,E0184,2025-09-17,absence,1
A000849,E0184,2026-06-01,tardif,0
A000850,E0184,2026-06-30,tardif,0
A000851,E0184,2025-09-22,absence,1
A000852,E0184,2025-09-10,absence,1
A000853,E0184,2026-03-30,absence,1
A000854,E0184,2025-11-06,tardif,0
A000855,E0185,2026-06-18,tardif,0
A000856,E0185,2025-09-03,absence,1
A000857,E0185,2025-12-11,absence,1
A000858,E0186,2025-12-08,absence,1
A000859,E0186,2026-01-02,absence,1
A000860,E0188,2026-04-13,absence,1
A000861,E0188,2025-11-27,absence,1
A000862,E0190,2025-10-10,absence,1
A000863,E0190,2026-03-19,absence,1
A000864,E0190,2025-10-15,absence,1
A000865,E0190,2026-06-08,absence,1
A000866,E0191,2026-02-06,tardif,0
A000867,E0191,2026-05-22,tardif,0
A000868,E0191,2026-01-21,tardif,0
A000869,E0191,2026-01-09,absence,1
A000870,E0191,2026-03-11,absence,1
A000871,E0192,2026-04-29,absence,1
A000872,E0192,2025-10-31,tardif,0
A000873,E0192,2026-03-10,absence,1
A000874,E0192,2025-12-18,absence,1
A000875,E0192,2026-06-02,absence,1
A000876,E0193,2026-01-26,tardif,0
A000877,E0193,2026-06-23,tardif,0
A000878,E0193,2026-04-09,absence,1
A000879,E0193,2025-12-30,absence,1
A000880,E0193,2025-10-03,absence,1
A000881,E0193,2025-09-15,tardif,0
A000882,E0193,2026-06-24,absence,1
A000883,E0193,2026-03-25,absence,1
A000884,E0193,2025-10-03,tardif,0
A000885,E0193,2026-05-21,absence,1
A000886,E0193,2026-02-11,absence,1
A000887,E0193,2025-10-08,absence,1
A000888,E0193,2026-06-04,absence,1
A000889,E0193,2026-03-31,absence,1
A000890,E0193,2025-10-22,absence,1
A000891,E0193,2026-03-04,absence,1
A000892,E0193,2025-09-03,absence,1
A000893,E0193,2026-02-25,absence,1
A000894,E0194,2025-12-16,tardif,0
A000895,E0194,2026-05-12,absence,1
A000896,E0194,2026-05-06,tardif,0
A000897,E0195,2026-04-14,absence,1
A000898,E0195,2026-05-13,absence,1
A000899,E0195,2026-06-12,absence,1
A000900,E0195,2026-03-06,tardif,0
A000901,E0195,2026-03-27,absence,1
A000902,E0195,2025-09-30,absence,1
A000903,E0195,2026-03-18,tardif,0
A000904,E0196,2026-01-05,absence,1
A000905,E0196,2025-09-19,absence,1
A000906,E0196,2026-05-05,absence,1
A000907,E0196,2026-02-06,absence,1
A000908,E0196,2025-10-01,absence,1
A000909,E0196,2026-04-02,absence,1
A000910,E0196,2026-04-15,absence,1
A000911,E0197,2026-01-23,absence,1
A000912,E0197,2026-02-25,absence,1
A000913,E0198,2026-02-24,absence,1
A000914,E0198,2026-02-11,absence,1
A000915,E0198,2025-10-17,tardif,0
A000916,E0198,2025-10-10,absence,1
A000917,E0198,2025-09-10,absence,1
A000918,E0198,2025-12-15,absence,1
A000919,E0198,2026-04-01,absence,1
A000920,E0198,2026-03-26,absence,1
A000921,E0198,2025-09-01,absence,1
A000922,E0199,2026-06-03,absence,1
A000923,E0199,2026-01-28,absence,1
A000924,E0199,2026-06-16,absence,1
A000925,E0199,2026-01-08,absence,1
A000926,E0199,2026-04-20,absence,1
A000927,E0199,2026-06-30,absence,1
A000928,E0199,2025-11-18,tardif,0
A000929,E0199,2025-12-19,tardif,0
A000930,E0200,2025-09-16,absence,1
A000931,E0200,2025-09-15,tardif,0
A000932,E0200,2026-06-24,absence,1
A000933,E0200,2025-12-24,tardif,0
A000934,E0200,2026-01-09,absence,1
A000935,E0200,2026-04-30,tardif,0
A000936,E0200,2025-12-17,absence,1
A000937,E0200,2026-06-24,absence,1
A000938,E0201,2025-12-02,absence,1
A000939,E0201,2025-09-18,absence,1
A000940,E0201,2025-12-18,tardif,0
A000941,E0201,2025-09-08,absence,1
A000942,E0201,2026-01-21,absence,1
A000943,E0201,2026-06-24,absence,1
A000944,E0202,2026-03-30,absence,1
A000945,E0202,2026-06-17,absence,1
A000946,E0202,2026-05-14,absence,1
A000947,E0202,2026-02-11,absence,1
A000948,E0202,2026-02-09,absence,1
A000949,E0202,2026-01-21,absence,1
A000950,E0203,2025-10-08,absence,1
A000951,E0203,2025-12-02,absence,1
A000952,E0203,2026-02-04,absence,1
A000953,E0203,2025-09-12,tardif,0
A000954,E0203,2025-11-11,tardif,0
A000955,E0204,2026-04-09,absence,1
A000956,E0204,2026-06-03,absence,1
A000957,E0204,2025-10-08,tardif,0
A000958,E0204,2026-03-26,absence,1
A000959,E0205,2026-04-27,absence,1
A000960,E0205,2026-06-26,tardif,0
A000961,E0206,2026-04-09,tardif,0
A000962,E0206,2026-06-22,absence,1
A000963,E0206,2025-12-18,absence,1
A000964,E0206,2025-09-08,absence,1
A000965,E0206,2026-06-05,tardif,0
A000966,E0207,2026-03-09,tardif,0
A000967,E0207,2026-01-27,tardif,0
A000968,E0208,2026-03-03,absence,1
A000969,E0208,2026-02-23,absence,1
A000970,E0208,2025-12-05,absence,1
A000971,E0209,2026-06-03,tardif,0
A000972,E0209,2026-03-12,tardif,0
A000973,E0209,2026-03-23,absence,1
A000974,E0209,2025-12-30,absence,1
A000975,E0209,2026-01-20,absence,1
A000976,E0209,2025-10-13,absence,1
A000977,E0209,2026-03-25,absence,1
A000978,E0209,2025-10-06,tardif,0
A000979,E0210,2026-04-17,tardif,0
A000980,E0210,2025-12-05,absence,1
A000981,E0210,2025-10-03,absence,1
A000982,E0210,2025-12-18,absence,1
A000983,E0210,2026-05-22,tardif,0
A000984,E0210,2025-11-17,absence,1
A000985,E0211,2025-12-31,absence,1
A000986,E0211,2026-01-05,absence,1
A000987,E0211,2025-12-03,absence,1
A000988,E0211,2025-09-25,tardif,0
A000989,E0211,2025-09-12,absence,1
A000990,E0211,2025-10-22,tardif,0
A000991,E0211,2026-05-05,absence,1
A000992,E0211,2026-02-13,absence,1
A000993,E0211,2026-02-26,absence,1
A000994,E0211,2026-02-03,absence,1
A000995,E0211,2025-10-22,absence,1
A000996,E0211,2025-12-15,absence,1
A000997,E0212,2025-09-04,absence,1
A000998,E0212,2025-10-03,tardif,0
A000999,E0212,2026-03-05,tardif,0
A001000,E0212,2025-12-09,tardif,0
A001001,E0212,2025-10-31,absence,1
A001002,E0213,2025-12-31,absence,1
A001003,E0213,2026-03-16,tardif,0
A001004,E0213,2025-10-16,tardif,0
A001005,E0213,2025-12-08,tardif,0
A001006,E0213,2026-04-10,absence,1
A001007,E0213,2025-09-16,absence,1
A001008,E0213,2026-01-16,absence,1
A001009,E0214,2026-05-07,absence,1
A001010,E0214,2026-06-10,absence,1
A001011,E0214,2025-09-10,absence,1
A001012,E0214,2026-03-09,absence,1
A001013,E0215,2026-04-28,absence,1
A001014,E0215,2025-12-02,absence,1
A001015,E0216,2026-04-01,absence,1
A001016,E0216,2026-03-03,absence,1
A001017,E0216,2026-04-20,absence,1
A001018,E0217,2026-06-04,tardif,0
A001019,E0217,2026-03-12,absence,1
A001020,E0219,2025-12-22,absence,1
A001021,E0219,2026-01-28,absence,1
A001022,E0219,2025-10-23,absence,1
A001023,E0219,2025-11-20,absence,1
A001024,E0219,2025-11-12,tardif,0
A001025,E0219,2026-04-09,absence,1
A001026,E0219,2025-11-03,absence,1
A001027,E0219,2026-01-20,tardif,0
A001028,E0220,2026-04-21,absence,1
A001029,E0220,2026-06-30,tardif,0
A001030,E0220,2026-03-26,absence,1
A001031,E0220,2026-01-15,absence,1
A001032,E0220,2026-06-08,tardif,0
A001033,E0220,2026-03-09,tardif,0
A001034,E0221,2025-10-03,absence,1
A001035,E0221,2025-11-19,absence,1
A001036,E0221,2026-03-24,absence,1
A001037,E0221,2026-01-09,absence,1
A001038,E0221,2026-02-16,tardif,0
A001039,E0221,2025-10-02,absence,1
A001040,E0222,2026-03-19,absence,1
A001041,E0222,2026-02-06,absence,1
A001042,E0222,2025-12-12,absence,1
A001043,E0222,2026-02-23,absence,1
A001044,E0222,2025-11-24,tardif,0
A001045,E0222,2026-03-27,absence,1
A001046,E0222,2026-01-12,tardif,0
A001047,E0222,2025-09-08,tardif,0
A001048,E0223,2026-05-27,tardif,0
A001049,E0223,2025-12-24,absence,1
A001050,E0223,2026-03-20,absence,1
A001051,E0223,2025-11-04,absence,1
A001052,E0223,2026-04-03,absence,1
A001053,E0224,2026-05-21,absence,1
A001054,E0225,2026-02-11,absence,1
A001055,E0225,2026-05-19,tardif,0
A001056,E0226,2025-12-23,absence,1
A001057,E0227,2026-02-17,absence,1
A001058,E0227,2025-09-24,absence,1
A001059,E0227,2025-12-24,absence,1
A001060,E0227,2025-10-31,absence,1
A001061,E0228,2025-09-19,tardif,0
A001062,E0228,2026-04-27,absence,1
A001063,E0228,2025-10-15,absence,1
A001064,E0228,2026-06-19,absence,1
A001065,E0228,2026-01-08,tardif,0
A001066,E0228,2025-09-30,absence,1
A001067,E0229,2026-02-06,absence,1
A001068,E0229,2026-06-03,absence,1
A001069,E0230,2026-04-27,tardif,0
A001070,E0231,2025-12-02,absence,1
A001071,E0232,2025-12-05,absence,1
A001072,E0233,2025-09-12,absence,1
A001073,E0233,2026-04-28,absence,1
A001074,E0233,2025-10-31,tardif,0
A001075,E0236,2025-10-02,absence,1
A001076,E0236,2026-03-05,tardif,0
A001077,E0236,2025-10-29,absence,1
A001078,E0236,2025-12-17,absence,1
A001079,E0237,2026-06-03,absence,1
A001080,E0237,2026-01-08,absence,1
A001081,E0237,2026-04-28,tardif,0
A001082,E0237,2025-12-18,absence,1
A001083,E0238,2026-05-05,tardif,0
A001084,E0238,2026-04-29,tardif,0
A001085,E0240,2026-03-12,absence,1
A001086,E0240,2026-02-05,tardif,0
A001087,E0240,2026-06-22,absence,1
A001088,E0241,2026-05-13,absence,1
A001089,E0241,2025-12-05,absence,1
A001090,E0242,2026-04-15,absence,1
A001091,E0243,2026-01-06,absence,1
A001092,E0243,2025-09-15,tardif,0
A001093,E0243,2026-03-04,absence,1
A001094,E0243,2025-11-05,tardif,0
A001095,E0245,2026-01-26,absence,1
A001096,E0245,2026-06-02,tardif,0
A001097,E0246,2026-06-03,absence,1
A001098,E0246,2026-04-22,absence,1
A001099,E0246,2025-09-18,absence,1
A001100,E0246,2026-05-19,tardif,0
A001101,E0246,2026-06-15,tardif,0
A001102,E0246,2025-09-19,absence,1
A001103,E0246,2025-09-01,tardif,0
A001104,E0246,2026-01-02,absence,1
A001105,E0246,2025-11-24,absence,1
A001106,E0247,2026-04-23,tardif,0
A001107,E0247,2026-04-24,tardif,0
A001108,E0247,2025-10-17,absence,1
A001109,E0248,2026-01-08,absence,1
A001110,E0248,2025-11-27,absence,1
A001111,E0248,2026-03-12,absence,1
A001112,E0249,2026-02-04,tardif,0
A001113,E0249,2026-03-18,absence,1
A001114,E0249,2026-03-18,absence,1
A001115,E0249,2026-03-31,tardif,0
A001116,E0249,2026-04-28,tardif,0
A001117,E0250,2025-09-16,absence,1
A001118,E0250,2026-02-27,tardif,0
A001119,E0250,2026-01-15,tardif,0
A001120,E0250,2026-05-08,absence,1
A001121,E0250,2025-12-09,absence,1
A001122,E0250,2026-05-15,absence,1
A001123,E0250,2026-01-20,tardif,0
A001124,E0250,2026-03-23,absence,1
A001125,E0250,2026-05-01,tardif,0
A001126,E0250,2026-01-26,absence,1
A001127,E0250,2025-12-09,tardif,0
A001128,E0250,2026-01-13,absence,1
A001129,E0250,2026-06-23,absence,1
A001130,E0250,2026-04-23,absence,1
A001131,E0251,2025-11-24,absence,1
A001132,E0251,2026-04-23,absence,1
A001133,E0251,2026-05-05,absence,1
A001134,E0251,2026-01-29,absence,1
A001135,E0251,2025-09-16,absence,1
A001136,E0252,2026-06-11,absence,1
A001137,E0252,2026-01-30,tardif,0
A001138,E0252,2025-09-19,absence,1
A001139,E0253,2025-09-17,tardif,0
A001140,E0253,2026-06-19,tardif,0
A001141,E0253,2026-02-18,absence,1
A001142,E0253,2026-03-17,tardif,0
A001143,E0253,2026-06-29,absence,1
A001144,E0253,2026-04-21,tardif,0
A001145,E0253,2026-03-11,absence,1
A001146,E0253,2025-09-23,absence,1
A001147,E0253,2026-04-02,tardif,0
A001148,E0253,2025-09-01,absence,1
A001149,E0254,2025-11-28,tardif,0
A001150,E0255,2025-12-29,absence,1
A001151,E0256,2026-04-24,absence,1
A001152,E0257,2026-02-26,absence,1
A001153,E0257,2026-02-06,tardif,0
A001154,E0257,2025-11-26,absence,1
A001155,E0258,2026-02-27,tardif,0
A001156,E0259,2026-04-13,tardif,0
A001157,E0259,2026-01-27,absence,1
A001158,E0259,2026-04-21,tardif,0
A001159,E0259,2025-10-20,tardif,0
A001160,E0259,2025-11-06,absence,1
A001161,E0259,2026-04-22,tardif,0
A001162,E0260,2026-06-18,absence,1
A001163,E0260,2025-10-08,absence,1
A001164,E0261,2026-04-06,absence,1
A001165,E0261,2026-03-13,absence,1
A001166,E0261,2026-01-27,absence,1
A001167,E0261,2026-01-16,absence,1
A001168,E0261,2026-04-10,absence,1
A001169,E0261,2026-06-15,absence,1
A001170,E0261,2026-03-03,absence,1
A001171,E0262,2026-06-16,tardif,0
A001172,E0262,2026-02-20,absence,1
A001173,E0263,2026-01-28,absence,1
A001174,E0263,2026-02-12,absence,1
A001175,E0264,2025-12-03,absence,1
A001176,E0264,2025-12-29,tardif,0
A001177,E0264,2026-06-18,absence,1
A001178,E0264,2026-06-23,absence,1
A001179,E0265,2025-12-24,tardif,0
A001180,E0265,2026-06-24,absence,1
A001181,E0265,2026-06-04,absence,1
A001182,E0265,2025-10-21,tardif,0
A001183,E0265,2026-02-09,tardif,0
A001184,E0265,2026-03-16,absence,1
A001185,E0265,2026-04-27,absence,1
A001186,E0265,2026-05-22,absence,1
A001187,E0265,2026-05-14,tardif,0
A001188,E0265,2026-04-20,absence,1
A001189,E0265,2026-06-24,absence,1
A001190,E0266,2026-01-07,absence,1
A001191,E0266,2025-09-24,absence,1
A001192,E0266,2026-06-08,absence,1
A001193,E0266,2025-12-18,absence,1
A001194,E0267,2026-01-05,absence,1
A001195,E0267,2026-03-10,tardif,0
A001196,E0267,2025-12-22,absence,1
A001197,E0267,2025-11-26,tardif,0
A001198,E0267,2025-11-20,tardif,0
A001199,E0267,2026-01-27,tardif,0
A001200,E0267,2025-12-04,absence,1
A001201,E0267,2026-01-05,absence,1
A001202,E0267,2026-04-21,tardif,0
A001203,E0268,2025-11-03,absence,1
A001204,E0268,2025-10-16,absence,1
A001205,E0269,2026-02-04,absence,1
A001206,E0270,2026-04-10,absence,1
A001207,E0271,2026-02-04,absence,1
A001208,E0271,2025-12-23,tardif,0
A001209,E0272,2025-10-23,tardif,0
A001210,E0272,2026-06-26,tardif,0
A001211,E0272,2025-10-29,absence,1
A001212,E0272,2026-06-03,absence,1
A001213,E0272,2026-04-06,absence,1
A001214,E0272,2026-06-10,absence,1
A001215,E0272,2026-02-04,absence,1
A001216,E0272,2026-04-02,absence,1
A001217,E0272,2026-02-09,tardif,0
A001218,E0272,2026-04-22,absence,1
A001219,E0273,2025-12-22,tardif,0
A001220,E0274,2026-04-29,absence,1
A001221,E0274,2025-12-02,absence,1
A001222,E0274,2026-04-21,absence,1
A001223,E0274,2026-01-30,tardif,0
A001224,E0275,2025-09-04,absence,1
A001225,E0275,2025-09-12,tardif,0
A001226,E0275,2026-01-23,tardif,0
A001227,E0275,2026-04-24,absence,1
A001228,E0275,2026-06-08,absence,1
A001229,E0276,2026-03-17,absence,1
A001230,E0277,2025-10-28,tardif,0
A001231,E0277,2025-10-28,absence,1
A001232,E0277,2025-10-24,absence,1
A001233,E0277,2026-05-27,tardif,0
A001234,E0278,2025-12-23,absence,1
A001235,E0279,2025-09-10,absence,1
A001236,E0279,2026-05-29,absence,1
A001237,E0280,2025-11-18,absence,1
A001238,E0280,2026-01-06,tardif,0
A001239,E0280,2026-06-18,absence,1
A001240,E0280,2026-05-22,absence,1
A001241,E0280,2026-06-05,absence,1
A001242,E0281,2025-09-30,absence,1
A001243,E0281,2025-12-17,absence,1
A001244,E0281,2025-09-30,absence,1
A001245,E0281,2026-04-17,absence,1
A001246,E0281,2026-04-23,absence,1
A001247,E0282,2026-02-19,absence,1
A001248,E0283,2026-02-13,absence,1
A001249,E0284,2026-06-24,absence,1
A001250,E0284,2026-05-04,absence,1
A001251,E0284,2026-02-20,absence,1
A001252,E0284,2025-10-09,absence,1
A001253,E0284,2025-10-22,tardif,0
A001254,E0284,2025-11-06,absence,1
A001255,E0284,2025-09-08,absence,1
A001256,E0284,2025-12-01,absence,1
A001257,E0284,2026-01-06,absence,1
A001258,E0284,2026-02-12,absence,1
A001259,E0284,2026-04-20,tardif,0
A001260,E0284,2026-06-01,absence,1
A001261,E0284,2025-12-16,absence,1
A001262,E0285,2025-11-10,absence,1
A001263,E0285,2026-02-23,tardif,0
A001264,E0285,2026-04-29,tardif,0
A001265,E0285,2025-09-03,absence,1
A001266,E0285,2025-11-14,absence,1
A001267,E0285,2026-06-16,absence,1
A001268,E0286,2026-03-18,absence,1
A001269,E0286,2026-01-02,absence,1
A001270,E0286,2026-01-09,absence,1
A001271,E0286,2026-01-29,absence,1
A001272,E0286,2025-12-23,tardif,0
A001273,E0286,2025-10-02,tardif,0
A001274,E0286,2026-01-07,absence,1
A001275,E0286,2025-12-05,tardif,0
A001276,E0286,2026-03-06,absence,1
A001277,E0286,2026-03-10,absence,1
A001278,E0286,2026-04-24,tardif,0
A001279,E0286,2025-12-11,tardif,0
A001280,E0287,2025-10-30,absence,1
A001281,E0287,2025-12-10,absence,1
A001282,E0287,2025-12-04,absence,1
A001283,E0287,2026-03-27,absence,1
A001284,E0287,2026-06-04,absence,1
A001285,E0287,2025-09-03,tardif,0
A001286,E0287,2026-03-18,absence,1
A001287,E0287,2026-01-14,tardif,0
A001288,E0287,2026-01-27,absence,1
A001289,E0288,2025-10-03,absence,1
A001290,E0288,2025-12-02,absence,1
A001291,E0288,2025-11-25,absence,1
A001292,E0288,2025-11-21,absence,1
A001293,E0289,2026-06-02,tardif,0
A001294,E0290,2026-03-10,absence,1
A001295,E0290,2026-01-09,absence,1
A001296,E0290,2026-01-14,tardif,0
A001297,E0290,2025-12-30,absence,1
A001298,E0291,2026-03-30,absence,1
A001299,E0291,2025-10-02,tardif,0
A001300,E0291,2026-01-06,absence,1
A001301,E0292,2026-04-20,absence,1
A001302,E0292,2025-09-10,absence,1
A001303,E0293,2026-01-13,absence,1
A001304,E0293,2025-10-10,tardif,0
A001305,E0294,2026-01-02,absence,1
A001306,E0294,2025-09-12,absence,1
A001307,E0294,2025-12-31,absence,1
A001308,E0294,2026-02-02,absence,1
A001309,E0294,2025-10-09,absence,1
A001310,E0294,2025-09-11,tardif,0
A001311,E0294,2026-02-18,absence,1
A001312,E0294,2025-12-19,tardif,0
A001313,E0294,2025-12-09,absence,1
A001314,E0294,2025-11-05,absence,1
A001315,E0295,2026-06-08,tardif,0
A001316,E0295,2026-03-03,absence,1
A001317,E0295,2025-11-27,tardif,0
A001318,E0295,2025-10-29,absence,1
A001319,E0296,2026-04-22,absence,1
A001320,E0296,2025-11-13,absence,1
A001321,E0296,2026-05-07,absence,1
A001322,E0296,2025-09-23,tardif,0
A001323,E0296,2025-12-16,tardif,0
A001324,E0296,2026-01-30,tardif,0
A001325,E0296,2026-04-27,absence,1
A001326,E0296,2026-05-04,tardif,0
A001327,E0297,2025-11-28,absence,1
A001328,E0297,2026-03-04,absence,1
A001329,E0297,2025-12-23,absence,1
A001330,E0297,2026-04-29,absence,1
A001331,E0297,2026-04-27,absence,1
A001332,E0297,2026-01-07,tardif,0
A001333,E0298,2026-05-27,absence,1
A001334,E0298,2026-03-18,absence,1
A001335,E0300,2025-12-05,absence,1
A001336,E0300,2026-04-24,absence,1
A001337,E0300,2025-10-29,tardif,0
A001338,E0300,2026-05-04,absence,1
A001339,E0300,2026-06-16,tardif,0
A001340,E0300,2025-12-09,tardif,0
A001341,E0300,2026-02-19,absence,1
A001342,E0300,2026-05-04,absence,1
A001343,E0301,2026-05-15,tardif,0
A001344,E0301,2025-10-08,absence,1
A001345,E0301,2025-10-22,absence,1
A001346,E0301,2026-05-25,absence,1
A001347,E0302,2026-03-30,tardif,0
A001348,E0302,2025-11-05,tardif,0
A001349,E0302,2025-12-11,absence,1
A001350,E0302,2026-02-04,tardif,0
A001351,E0302,2026-03-26,tardif,0
A001352,E0302,2025-10-22,absence,1
A001353,E0302,2026-05-19,tardif,0
A001354,E0302,2026-03-27,absence,1
A001355,E0303,2026-06-02,absence,1
A001356,E0303,2025-12-12,absence,1
A001357,E0303,2025-09-10,absence,1
A001358,E0304,2026-01-14,absence,1
A001359,E0305,2026-04-28,absence,1
A001360,E0305,2025-09-25,absence,1
A001361,E0305,2025-10-01,absence,1
A001362,E0305,2025-10-09,tardif,0
A001363,E0305,2026-04-16,absence,1
A001364,E0306,2026-04-13,absence,1
A001365,E0307,2026-01-05,absence,1
A001366,E0308,2026-03-17,absence,1
A001367,E0308,2026-02-12,absence,1
A001368,E0308,2026-03-10,absence,1
A001369,E0308,2026-02-19,tardif,0
A001370,E0308,2025-11-27,absence,1
A001371,E0308,2025-11-20,absence,1
A001372,E0309,2026-02-13,absence,1
A001373,E0309,2026-05-14,absence,1
A001374,E0309,2026-05-27,absence,1
A001375,E0309,2026-02-13,absence,1
A001376,E0310,2025-11-13,absence,1
A001377,E0312,2026-03-13,absence,1
A001378,E0313,2025-12-22,absence,1
A001379,E0314,2025-10-14,absence,1
A001380,E0314,2026-01-27,absence,1
A001381,E0315,2026-01-06,absence,1
A001382,E0315,2025-09-03,absence,1
A001383,E0315,2025-10-07,absence,1
A001384,E0316,2026-05-21,absence,1
A001385,E0316,2025-09-15,absence,1
A001386,E0317,2026-04-28,absence,1
A001387,E0317,2026-03-23,absence,1
A001388,E0317,2026-04-20,tardif,0
A001389,E0317,2025-09-18,absence,1
A001390,E0317,2026-05-26,absence,1
A001391,E0317,2025-10-07,absence,1
A001392,E0318,2026-01-20,absence,1
A001393,E0318,2025-12-19,tardif,0
A001394,E0318,2026-02-25,absence,1
A001395,E0318,2026-03-20,tardif,0
A001396,E0319,2025-09-15,tardif,0
A001397,E0321,2025-11-17,absence,1
A001398,E0321,2026-03-12,tardif,0
A001399,E0322,2026-05-06,tardif,0
A001400,E0322,2026-03-11,absence,1
A001401,E0323,2025-12-01,absence,1
A001402,E0323,2026-02-05,tardif,0
A001403,E0323,2025-09-12,absence,1
A001404,E0324,2026-03-11,absence,1
A001405,E0325,2025-11-04,absence,1
A001406,E0325,2026-01-23,absence,1
A001407,E0327,2025-09-11,absence,1
A001408,E0327,2025-09-16,absence,1
A001409,E0327,2026-02-13,tardif,0
A001410,E0327,2026-01-06,absence,1
A001411,E0328,2026-06-19,absence,1
A001412,E0328,2025-12-12,tardif,0
A001413,E0328,2026-05-28,tardif,0
A001414,E0328,2026-05-13,tardif,0
A001415,E0328,2026-05-18,tardif,0
A001416,E0328,2026-02-23,absence,1
A001417,E0329,2026-01-13,tardif,0
A001418,E0330,2025-10-28,absence,1
A001419,E0331,2026-03-03,absence,1
A001420,E0332,2026-01-23,absence,1
A001421,E0333,2026-02-27,absence,1
A001422,E0333,2025-09-19,absence,1
A001423,E0333,2026-05-18,absence,1
A001424,E0333,2025-12-12,absence,1
A001425,E0334,2025-11-27,absence,1
A001426,E0335,2026-05-22,tardif,0
A001427,E0335,2025-12-10,tardif,0
A001428,E0335,2026-01-07,tardif,0
A001429,E0335,2026-02-11,absence,1
A001430,E0335,2025-11-21,absence,1
A001431,E0335,2026-06-17,absence,1
A001432,E0336,2026-04-15,absence,1
A001433,E0336,2025-11-14,absence,1
A001434,E0336,2026-04-30,tardif,0
A001435,E0336,2026-05-04,absence,1
A001436,E0336,2026-03-04,absence,1
A001437,E0336,2025-09-02,absence,1
A001438,E0337,2026-01-30,absence,1
A001439,E0337,2026-06-04,absence,1
A001440,E0338,2025-09-09,absence,1
A001441,E0339,2026-05-04,absence,1
A001442,E0339,2025-11-06,absence,1
A001443,E0340,2025-09-22,absence,1
A001444,E0340,2026-03-05,tardif,0
A001445,E0340,2026-04-22,absence,1
A001446,E0341,2025-09-04,absence,1
A001447,E0341,2025-09-29,absence,1
A001448,E0341,2026-04-27,absence,1
A001449,E0341,2026-05-15,absence,1
A001450,E0341,2026-05-08,tardif,0
A001451,E0342,2026-04-17,absence,1
A001452,E0342,2025-09-23,absence,1
A001453,E0342,2026-06-10,tardif,0
A001454,E0343,2025-09-08,tardif,0
A001455,E0344,2026-03-17,tardif,0
A001456,E0345,2025-09-04,absence,1
A001457,E0345,2025-12-16,absence,1
A001458,E0345,2026-05-29,tardif,0
A001459,E0346,2025-09-30,tardif,0
A001460,E0346,2025-11-21,absence,1
A001461,E0346,2025-10-23,absence,1
A001462,E0346,2025-11-20,tardif,0
A001463,E0347,2025-09-02,absence,1
A001464,E0347,2026-06-03,absence,1
A001465,E0347,2026-06-08,absence,1
A001466,E0347,2026-04-28,absence,1
A001467,E0347,2025-11-12,absence,1
A001468,E0347,2026-06-29,absence,1
A001469,E0347,2026-02-02,absence,1
A001470,E0348,2025-12-15,absence,1
A001471,E0348,2026-05-13,absence,1
A001472,E0348,2026-04-09,absence,1
A001473,E0348,2026-05-01,absence,1
A001474,E0348,2026-04-20,absence,1
A001475,E0348,2025-10-16,tardif,0
A001476,E0349,2025-11-10,tardif,0
A001477,E0349,2025-11-25,absence,1
A001478,E0349,2026-02-24,absence,1
A001479,E0349,2026-04-02,absence,1
A001480,E0350,2026-06-18,absence,1
A001481,E0351,2026-02-05,tardif,0
A001482,E0351,2026-02-02,absence,1
A001483,E0351,2026-06-11,absence,1
A001484,E0351,2026-03-02,absence,1
A001485,E0351,2026-06-05,absence,1
A001486,E0351,2026-05-13,tardif,0
A001487,E0351,2025-09-26,absence,1
A001488,E0351,2026-03-09,absence,1
A001489,E0352,2025-10-06,absence,1
A001490,E0352,2026-05-19,absence,1
A001491,E0352,2025-11-03,absence,1
A001492,E0353,2025-10-10,absence,1
A001493,E0353,2026-01-12,absence,1
A001494,E0353,2026-05-04,absence,1
A001495,E0353,2026-02-02,absence,1
A001496,E0353,2025-12-24,tardif,0
A001497,E0354,2026-03-17,absence,1
A001498,E0354,2026-06-04,absence,1
A001499,E0354,2026-04-10,absence,1
A001500,E0354,2026-03-13,absence,1
A001501,E0354,2025-09-03,tardif,0
A001502,E0354,2026-01-13,absence,1
A001503,E0355,2025-09-26,absence,1
A001504,E0356,2025-10-30,absence,1
A001505,E0356,2025-12-05,tardif,0
A001506,E0357,2025-09-29,absence,1
A001507,E0358,2026-05-14,tardif,0
A001508,E0358,2025-10-21,absence,1
A001509,E0359,2025-10-14,absence,1
A001510,E0359,2026-01-26,absence,1
A001511,E0359,2025-09-11,absence,1
A001512,E0361,2025-09-11,absence,1
A001513,E0361,2026-02-06,absence,1
A001514,E0361,2025-10-15,absence,1
A001515,E0362,2026-06-24,absence,1
A001516,E0362,2025-09-24,tardif,0
A001517,E0362,2026-01-20,absence,1
A001518,E0362,2025-09-05,tardif,0
A001519,E0363,2025-11-27,tardif,0
A001520,E0363,2025-09-29,tardif,0
A001521,E0363,2025-12-17,absence,1
A001522,E0364,2025-12-31,absence,1
A001523,E0364,2026-06-24,absence,1
A001524,E0364,2025-10-13,absence,1
A001525,E0364,2026-01-30,absence,1
A001526,E0364,2025-10-09,absence,1
A001527,E0364,2026-02-04,absence,1
A001528,E0365,2026-02-16,absence,1
A001529,E0365,2026-06-12,absence,1
A001530,E0367,2025-12-12,tardif,0
A001531,E0367,2025-10-02,absence,1
A001532,E0367,2026-01-30,absence,1
A001533,E0368,2026-05-08,absence,1
A001534,E0368,2026-03-03,absence,1
A001535,E0368,2026-01-20,tardif,0
A001536,E0368,2025-10-10,absence,1
A001537,E0369,2026-02-17,tardif,0
A001538,E0370,2025-12-19,tardif,0
A001539,E0370,2025-10-15,absence,1
A001540,E0371,2026-03-24,tardif,0
A001541,E0372,2025-10-27,absence,1
A001542,E0372,2025-09-03,absence,1
A001543,E0373,2026-04-16,absence,1
A001544,E0373,2025-09-29,absence,1
A001545,E0373,2025-09-12,tardif,0
A001546,E0373,2025-09-10,absence,1
A001547,E0373,2025-12-31,absence,1
A001548,E0374,2026-04-08,absence,1
A001549,E0374,2026-03-13,absence,1
A001550,E0374,2026-03-31,absence,1
A001551,E0374,2025-11-11,absence,1
A001552,E0375,2025-12-02,absence,1
A001553,E0376,2026-04-28,tardif,0
A001554,E0376,2025-11-24,absence,1
A001555,E0376,2026-01-13,absence,1
A001556,E0376,2025-09-22,absence,1
A001557,E0376,2026-02-16,tardif,0
A001558,E0376,2026-01-20,tardif,0
A001559,E0376,2025-10-22,absence,1
A001560,E0376,2026-03-30,absence,1
A001561,E0377,2026-01-22,absence,1
A001562,E0377,2025-10-24,absence,1
A001563,E0377,2026-02-06,tardif,0
A001564,E0378,2025-12-16,tardif,0
A001565,E0379,2026-06-25,absence,1
A001566,E0379,2025-09-03,absence,1
A001567,E0379,2026-05-29,tardif,0
A001568,E0380,2026-04-01,absence,1
A001569,E0380,2026-03-13,tardif,0
A001570,E0381,2025-09-22,absence,1
A001571,E0382,2026-05-28,absence,1
A001572,E0386,2026-03-16,tardif,0
A001573,E0386,2025-09-02,absence,1
A001574,E0386,2026-03-18,absence,1
A001575,E0386,2025-12-05,absence,1
A001576,E0386,2025-11-06,absence,1
A001577,E0386,2025-11-17,absence,1
A001578,E0386,2025-12-09,tardif,0
A001579,E0386,2026-01-16,absence,1
A001580,E0386,2026-01-20,absence,1
A001581,E0386,2025-09-26,tardif,0
A001582,E0386,2025-11-03,absence,1
A001583,E0387,2025-11-18,absence,1
A001584,E0387,2025-11-20,absence,1
A001585,E0388,2026-01-05,absence,1
A001586,E0389,2026-01-06,absence,1
A001587,E0390,2026-05-06,tardif,0
A001588,E0390,2025-09-11,absence,1
A001589,E0390,2025-11-18,tardif,0
A001590,E0391,2026-01-22,absence,1
A001591,E0391,2025-11-12,absence,1
A001592,E0391,2025-09-16,absence,1
A001593,E0391,2026-05-21,absence,1
A001594,E0391,2026-04-10,absence,1
A001595,E0391,2025-09-19,absence,1
A001596,E0392,2026-03-09,absence,1
A001597,E0392,2025-11-17,absence,1
A001598,E0392,2025-10-07,absence,1
A001599,E0392,2025-12-08,absence,1
A001600,E0392,2026-02-06,tardif,0
A001601,E0392,2026-06-12,absence,1
A001602,E0392,2026-06-11,absence,1
A001603,E0392,2026-02-20,absence,1
A001604,E0392,2026-04-28,tardif,0
A001605,E0392,2026-06-09,absence,1
A001606,E0392,2026-06-08,absence,1
A001607,E0392,2026-04-29,absence,1
A001608,E0393,2026-02-02,absence,1
A001609,E0393,2025-11-06,absence,1
A001610,E0393,2026-03-04,tardif,0
A001611,E0394,2025-10-07,absence,1
A001612,E0394,2025-11-20,tardif,0
A001613,E0394,2025-12-18,absence,1
A001614,E0394,2026-06-10,tardif,0
A001615,E0394,2026-02-24,absence,1
A001616,E0394,2025-09-15,absence,1
A001617,E0394,2026-01-14,absence,1
A001618,E0394,2025-09-11,absence,1
A001619,E0394,2025-09-30,absence,1
A001620,E0395,2026-03-24,absence,1
A001621,E0395,2026-04-27,absence,1
A001622,E0396,2026-04-29,absence,1
A001623,E0396,2025-10-23,absence,1
A001624,E0397,2026-04-09,absence,1
A001625,E0397,2025-09-04,absence,1
A001626,E0397,2026-01-26,tardif,0
A001627,E0397,2025-09-04,absence,1
A001628,E0397,2026-03-10,absence,1
A001629,E0397,2026-05-11,absence,1
A001630,E0397,2026-04-29,absence,1
A001631,E0398,2025-09-26,absence,1
A001632,E0398,2025-10-24,absence,1
A001633,E0398,2025-09-22,absence,1
A001634,E0398,2026-04-20,tardif,0
A001635,E0398,2026-06-26,absence,1
A001636,E0398,2026-03-30,absence,1
A001637,E0398,2026-02-23,tardif,0
A001638,E0398,2026-03-30,absence,1
A001639,E0398,2026-06-11,absence,1
A001640,E0398,2025-09-01,absence,1
A001641,E0399,2026-05-18,absence,1
A001642,E0399,2025-09-17,absence,1
A001643,E0399,2026-05-06,tardif,0
A001644,E0399,2026-01-09,absence,1
A001645,E0400,2026-03-11,absence,1
A001646,E0400,2026-04-14,absence,1
A001647,E0400,2026-04-23,absence,1
A001648,E0004,2026-02-19,absence,1
A001649,E0004,2025-12-01,absence,1
A001650,E0004,2026-02-11,absence,1
A001651,E0004,2026-02-18,absence,1
A001652,E0004,2026-01-09,absence,1
A001653,E0004,2026-02-27,absence,1
A001654,E0004,2026-02-04,absence,1
A001655,E0004,2025-12-09,absence,1
A001656,E0004,2026-02-16,absence,1
A001657,E0004,2026-01-12,absence,1
A001658,E0004,2026-02-16,absence,1
A001659,E0004,2025-12-09,absence,1
A001660,E0006,2026-02-24,absence,1
A001661,E0006,2026-02-10,absence,1
A001662,E0006,2026-01-29,absence,1
A001663,E0006,2026-02-05,absence,1
A001664,E0006,2025-12-30,absence,1
A001665,E0006,2026-02-19,absence,1
A001666,E0006,2026-01-09,absence,1
A001667,E0006,2026-02-05,absence,1
A001668,E0006,2025-12-01,absence,1
A001669,E0006,2026-01-16,absence,1
A001670,E0006,2025-12-31,absence,1
A001671,E0006,2025-12-09,absence,1
A001672,E0007,2026-01-05,absence,1
A001673,E0007,2026-01-07,absence,1
A001674,E0007,2026-01-12,absence,1
A001675,E0007,2025-12-15,absence,1
A001676,E0007,2026-02-25,absence,1
A001677,E0007,2026-02-25,absence,1
A001678,E0007,2026-02-12,absence,1
A001679,E0007,2026-01-22,absence,1
A001680,E0007,2026-02-12,absence,1
A001681,E0007,2026-02-23,absence,1
A001682,E0007,2026-01-23,absence,1
A001683,E0007,2026-02-19,absence,1
A001684,E0274,2025-11-01,absence,1
A001685,E0057,2025-12-25,absence,1
A001686,E0023,2025-12-26,absence,1
A001687,E0210,2026-01-01,absence,1
