id_eleve,sexe,classe
E0001,M,5e
E0002,M,5e
E0003,F,5e
E0004,F,5e
E0005,F,5e
E0006,F,5e
E0007,M,5e
E0008,F,5e
E0009,F,5e
E0010,M,5e
E0011,F,5e
E0012,F,5e
E0013,M,5e
E0014,M,5e
E0015,M,5e
E0016,M,5e
E0017,M,5e
E0018,M,5e
E0019,F,5e
E0020,F,5e
E0021,M,5e
E0022,M,5e
E0023,F,5e
E0024,M,5e
E0025,M,5e
E0026,F,5e
E0027,M,5e
E0028,F,5e
E0029,F,5e
E0030,M,5e
E0031,F,5e
E0032,F,5e
E0033,M,5e
E0034,F,5e
E0035,M,5e
E0036,F,5e
E0037,M,5e
E0038,M,5e
E0039,M,5e
E0040,F,5e
E0041,F,5e
E0042,M,5e
E0043,M,5e
E0044,M,5e
E0045,F,5e
E0046,F,5e
E0047,F,5e
E0048,M,5e
E0049,F,5e
E0050,F,5e
E0051,M,5e
E0052,M,5e
E0053,M,5e
E0054,F,5e
E0055,M,5e
E0056,M,5e
E0057,F,5e
E0058,M,5e
E0059,M,5e
E0060,M,5e
E0061,F,5e
E0062,M,5e
E0063,M,5e
E0064,F,5e
E0065,F,5e
E0066,F,5e
E0067,F,5e
E0068,F,5e
E0069,M,5e
E0070,M,5e
E0071,M,5e
E0072,F,5e
E0073,M,5e
E0074,M,5e
E0075,F,5e
E0076,M,5e
E0077,F,5e
E0078,M,5e
E0079,F,5e
E0080,F,5e
E0081,M,5e
E0082,F,5e
E0083,M,5e
E0084,F,5e
E0085,M,5e
E0086,M,5e
E0087,M,5e
E0088,M,5e
E0089,F,5e
E0090,M,5e
E0091,F,5e
E0092,F,5e
E0093,F,5e
E0094,M,5e
E0095,M,5e
E0096,F,5e
E0097,F,5e
E0098,M,5e
E0099,F,5e
E0100,F,5e
E0101,F,5e
E0102,M,5e
E0103,M,5e
E0104,M,5e
E0105,M,5e
E0106,M,5e
E0107,F,5e
E0108,M,5e
E0109,F,5e
E0110,M,5e
E0111,F,4e
E0112,F,4e
E0113,F,4e
E0114,M,4e
E0115,F,4e
E0116,F,4e
E0117,M,4e
E0118,F,4e
E0119,M,4e
E0120,M,4e
E0121,M,4e
E0122,M,4e
E0123,M,4e
E0124,F,4e
E0125,M,4e
E0126,F,4e
E0127,M,4e
E0128,F,4e
E0129,M,4e
E0130,F,4e
E0131,M,4e
E0132,M,4e
E0133,F,4e
E0134,F,4e
E0135,M,4e
E0136,F,4e
E0137,F,4e
E0138,F,4e
E0139,M,4e
E0140,F,4e
E0141,M,4e
E0142,M,4e
E0143,F,4e
E0144,M,4e
E0145,F,4e
E0146,F,4e
E0147,M,4e
E0148,M,4e
E0149,F,4e
E0150,M,4e
E0151,F,4e
E0152,M,4e
E0153,M,4e
E0154,F,4e
E0155,M,4e
E0156,M,4e
E0157,M,4e
E0158,M,4e
E0159,M,4e
E0160,M,4e
E0161,M,4e
E0162,M,4e
E0163,M,4e
E0164,F,4e
E0165,F,4e
E0166,M,4e
E0167,M,4e
E0168,M,4e
E0169,M,4e
E0170,M,4e
E0171,M,4e
E0172,F,4e
E0173,M,4e
E0174,F,4e
E0175,F,4e
E0176,M,4e
E0177,F,4e
E0178,F,4e
E0179,M,4e
E0180,M,4e
E0181,F,4e
E0182,F,4e
E0183,F,4e
E0184,M,4e
E0185,M,4e
E0186,M,4e
E0187,M,4e
E0188,F,4e
E0189,M,4e
E0190,F,4e
E0191,F,4e
E0192,F,4e
E0193,M,4e
E0194,M,4e
E0195,F,4e
E0196,M,4e
E0197,M,4e
E0198,M,4e
E0199,M,4e
E0200,M,4e
E0201,M,4e
E0202,F,4e
E0203,F,4e
E0204,F,4e
E0205,M,4e
E0206,M,4e
E0207,F,4e
E0208,M,4e
E0209,F,4e
E0210,F,4e
E0211,F,4e
E0212,M,4e
E0213,F,4e
E0214,F,4e
E0215,F,4e
E0216,F,3e
E0217,M,3e
E0218,M,3e
E0219,F,3e
E0220,F,3e
E0221,M,3e
E0222,F,3e
E0223,F,3e
E0224,M,3e
E0225,M,3e
E0226,F,3e
E0227,M,3e
E0228,F,3e
E0229,F,3e
E0230,F,3e
E0231,M,3e
E0232,M,3e
E0233,F,3e
E0234,F,3e
E0235,F,3e
E0236,M,3e
E0237,M,3e
E0238,F,3e
E0239,F,3e
E0240,F,3e
E0241,F,3e
E0242,M,3e
E0243,M,3e
E0244,M,3e
E0245,M,3e
E0246,F,3e
E0247,M,3e
E0248,M,3e
E0249,F,3e
E0250,F,3e
E0251,M,3e
E0252,M,3e
E0253,M,3e
E0254,F,3e
E0255,M,3e
E0256,M,3e
E0257,M,3e
E0258,M,3e
E0259,F,3e
E0260,F,3e
E0261,F,3e
E0262,F,3e
E0263,M,3e
E0264,F,3e
E0265,F,3e
E0266,F,3e
E0267,M,3e
E0268,F,3e
E0269,M,3e
E0270,M,3e
E0271,M,3e
E0272,F,3e
E0273,F,3e
E0274,F,3e
E0275,M,3e
E0276,F,3e
E0277,F,3e
E0278,F,3e
E0279,M,3e
E0280,M,3e
E0281,M,3e
E0282,M,3e
E0283,F,3e
E0284,M,3e
E0285,M,3e
E0286,M,3e
E0287,M,3e
E0288,F,3e
E0289,M,3e
E0290,F,3e
E0291,M,3e
E0292,F,3e
E0293,F,3e
E0294,F,3e
E0295,M,3e
E0296,F,3e
E0297,M,3e
E0298,F,3e
E0299,F,3e
E0300,F,3e
E0301,F,3e
E0302,M,3e
E0303,M,3e
E0304,M,3e
E0305,M,3e
E0306,F,3e
E0307,F,3e
E0308,F,3e
E0309,F,3e
E0310,F,3e
E0311,F,3e
E0312,M,3e
E0313,M,3e
E0314,M,3e
E0315,M,3e
E0316,M,2nde
E0317,M,2nde
E0318,M,2nde
E0319,M,2nde
E0320,F,2nde
E0321,M,2nde
E0322,M,2nde
E0323,M,2nde
E0324,M,2nde
E0325,M,2nde
E0326,M,2nde
E0327,F,2nde
E0328,F,2nde
E0329,F,2nde
E0330,F,2nde
E0331,M,2nde
E0332,M,2nde
E0333,M,2nde
E0334,F,2nde
E0335,M,2nde
E0336,M,2nde
E0337,F,2nde
E0338,F,2nde
E0339,M,2nde
E0340,M,2nde
E0341,F,2nde
E0342,F,2nde
E0343,F,2nde
E0344,F,2nde
E0345,F,2nde
E0346,F,2nde
E0347,F,2nde
E0348,M,2nde
E0349,M,2nde
E0350,M,2nde
E0351,M,2nde
E0352,F,2nde
E0353,M,2nde
E0354,M,2nde
E0355,M,2nde
E0356,F,2nde
E0357,M,2nde
E0358,F,2nde
E0359,M,2nde
E0360,F,2nde
E0361,M,2nde
E0362,F,2nde
E0363,M,2nde
E0364,M,2nde
E0365,M,2nde
E0366,M,2nde
E0367,F,2nde
E0368,M,2nde
E0369,F,2nde
E0370,M,2nde
E0371,F,2nde
E0372,F,2nde
E0373,F,2nde
E0374,M,2nde
E0375,F,2nde
E0376,F,2nde
E0377,M,2nde
E0378,M,2nde
E0379,M,2nde
E0380,M,2nde
E0381,F,2nde
E0382,F,2nde
E0383,M,2nde
E0384,M,2nde
E0385,M,2nde
E0386,F,2nde
E0387,F,2nde
E0388,F,2nde
E0389,F,2nde
E0390,M,2nde
E0391,F,2nde
E0392,M,2nde
E0393,F,2nde
E0394,F,2nde
E0395,F,2nde
E0396,M,2nde
E0397,F,2nde
E0398,M,2nde
E0399,F,2nde
E0400,F,2nde
E0107,M,5e
E0233,F,3e
