id_produit,id_magasin,mois,jours_rupture,unites_perdues_estimees,ca_perdu_estime_fcfa
1,1,2023-05,2,4,22569
1,2,2023-05,2,4,22569
1,2,2024-01,15,39,217860
1,2,2025-02,7,23,137630
1,2,2025-04,1,3,20364
1,2,2025-08,15,34,199191
1,2,2026-07,4,11,70712
1,3,2024-08,15,36,197550
1,3,2026-06,1,3,18508
1,4,2025-05,15,46,276439
1,4,2025-09,2,6,36389
1,4,2026-02,4,14,88440
1,5,2024-09,7,24,131726
1,5,2026-01,7,22,143055
1,6,2023-12,1,4,19892
1,6,2024-03,7,33,184069
1,6,2026-03,2,9,59272
2,1,2023-12,15,56,309950
2,1,2024-05,15,56,334051
2,2,2023-07,3,6,34036
2,2,2025-05,15,39,254283
2,3,2023-01,1,3,16316
2,3,2025-07,3,9,55326
2,3,2026-04,10,39,264352
2,3,2026-07,3,8,58497
2,4,2023-08,5,11,58063
2,4,2023-09,2,5,27790
2,4,2023-10,1,3,15559
2,4,2024-08,3,6,36544
2,4,2024-09,1,4,21594
2,5,2024-06,10,17,99983
2,5,2024-12,7,22,131826
2,5,2025-05,1,3,16952
2,5,2026-06,1,2,17218
2,5,2026-07,7,20,136492
2,6,2023-07,3,6,34036
2,6,2024-11,4,13,74788
2,6,2026-06,10,25,172179
3,1,2023-07,2,7,34074
3,1,2024-01,2,7,38570
3,1,2024-03,4,19,107108
3,2,2023-12,10,33,174606
3,3,2024-12,1,3,19365
3,3,2025-01,15,34,202479
3,4,2024-01,2,7,38570
3,4,2024-02,15,41,229448
3,5,2024-02,10,27,152965
3,5,2025-02,1,4,21122
3,5,2026-02,3,11,68888
3,5,2026-08,10,30,193094
3,6,2023-09,2,5,27431
4,1,2023-05,2,6,19978
4,1,2024-07,15,24,92219
4,1,2024-08,5,10,39486
4,1,2025-02,1,3,10901
4,1,2026-01,5,22,96636
4,1,2026-03,1,3,13554
4,1,2026-08,3,10,42115
4,2,2024-05,1,4,14347
4,2,2024-11,2,9,33225
4,2,2025-06,7,19,77276
4,3,2023-11,1,4,13294
4,3,2025-06,3,8,33118
4,3,2025-08,7,14,56089
4,3,2026-08,7,23,98269
4,4,2026-06,2,5,20303
4,5,2023-03,1,4,12418
4,5,2023-07,2,3,11409
4,5,2023-08,3,7,25520
4,5,2023-12,4,12,41021
4,5,2024-01,7,15,58390
4,5,2025-08,2,4,16025
4,5,2025-10,1,4,16105
4,5,2026-07,15,31,137379
4,6,2025-12,7,27,111058
5,1,2024-11,7,27,125086
5,1,2025-03,15,63,319800
5,1,2025-05,4,10,52675
5,1,2026-06,4,12,65261
5,2,2024-11,4,15,71478
5,2,2025-03,7,30,149240
5,2,2025-12,10,39,198066
5,3,2023-03,5,21,90647
5,3,2023-05,2,6,25726
5,3,2024-05,15,28,132838
5,3,2024-12,10,34,158039
5,4,2025-02,5,20,103566
5,5,2023-09,4,8,35592
5,5,2024-09,2,5,25313
5,5,2025-07,1,1,7254
5,6,2023-05,2,6,25726
5,6,2024-06,7,22,101813
5,6,2024-09,5,13,63283
5,6,2025-02,7,29,144992
5,6,2025-03,2,8,42640
5,6,2025-08,10,22,112467
5,6,2025-09,2,6,30404
6,1,2023-01,2,5,35102
6,1,2023-07,5,11,74171
6,1,2025-10,2,9,68629
6,2,2023-03,5,18,119778
6,2,2023-11,2,8,54772
6,2,2025-05,2,8,61111
6,2,2026-08,4,12,101426
6,3,2025-07,3,7,55292
6,4,2024-02,15,55,407348
6,4,2025-09,7,23,179091
6,4,2025-12,10,32,257481
6,5,2023-05,15,40,274956
6,5,2024-01,2,6,43561
6,6,2023-09,7,30,201227
6,6,2024-02,3,11,81470
7,1,2023-05,2,5,17843
7,1,2024-09,1,4,14829
7,1,2026-02,10,40,185257
7,2,2024-10,15,61,242566
7,2,2025-07,5,12,50528
7,2,2026-06,10,24,109365
7,3,2024-01,2,6,23905
7,3,2025-08,7,21,90226
7,3,2025-10,4,15,66466
7,3,2026-05,7,23,107070
7,4,2023-06,10,20,73358
7,4,2024-07,10,29,116715
7,4,2026-03,5,23,107843
7,5,2024-03,4,18,72822
7,5,2025-11,10,38,165783
7,5,2026-06,15,36,164048
7,6,2023-01,5,15,55695
7,6,2023-11,2,7,24709
7,6,2026-07,2,5,23649
8,1,2023-05,15,53,265920
8,1,2025-04,3,9,51146
8,2,2024-09,15,52,287336
8,2,2024-10,10,32,177831
8,3,2024-05,5,11,61141
8,3,2024-12,3,10,53210
8,4,2024-03,2,8,44255
8,4,2024-09,2,7,38311
8,4,2025-06,3,7,40848
8,4,2025-12,2,10,60012
8,4,2026-03,2,11,70419
8,5,2025-03,4,17,103946
8,5,2026-02,2,6,37554
8,6,2024-09,7,24,134090
8,6,2026-02,3,9,56330
8,6,2026-05,7,27,173603
9,1,2025-11,15,53,308621
9,1,2025-12,1,4,20849
9,2,2023-05,2,6,27744
9,2,2024-02,4,12,62216
9,2,2024-09,2,8,41322
9,2,2026-01,4,17,107762
9,3,2025-12,7,25,145944
9,4,2023-06,15,32,158624
9,5,2024-01,15,60,323176
9,5,2024-12,10,29,156112
9,6,2023-04,3,9,46532
9,6,2024-04,10,24,130153
9,6,2025-10,3,16,94318
10,1,2023-04,3,8,31382
10,1,2025-04,10,40,175921
10,2,2025-06,2,7,31462
10,3,2023-08,10,20,74085
10,3,2025-02,2,9,38554
10,4,2025-07,10,32,138655
10,4,2025-09,3,11,48487
10,5,2026-04,7,33,155322
10,6,2023-08,3,6,22225
10,6,2025-04,3,12,52776
11,1,2026-04,3,11,86025
11,2,2023-07,7,14,89118
11,2,2025-05,7,30,217192
11,3,2023-04,1,3,16384
11,3,2026-01,2,7,56091
11,4,2023-04,15,40,245756
11,4,2023-10,5,18,111252
11,4,2024-05,2,9,58593
11,4,2026-04,10,37,286751
11,5,2024-04,5,17,112820
11,5,2025-05,4,17,124109
11,5,2026-02,5,16,122747
11,5,2026-04,15,55,430126
11,6,2023-09,5,12,74188
12,1,2023-08,7,15,78319
12,1,2024-06,7,22,130397
12,1,2024-12,3,10,56097
12,1,2025-07,15,32,204722
12,2,2025-05,2,7,45370
12,3,2023-05,2,6,31670
12,3,2025-03,3,14,87145
12,3,2026-08,10,35,239222
12,4,2023-10,7,22,119248
12,5,2024-05,2,6,36444
12,6,2023-07,5,8,45856
12,6,2024-06,7,22,130397
12,6,2024-09,10,39,230355
12,6,2024-11,5,17,96978
12,6,2026-01,7,22,146625
12,6,2026-08,15,53,358832
13,1,2024-03,10,22,29010
13,1,2025-02,10,20,28622
13,1,2025-04,1,3,4878
13,2,2025-05,15,37,53080
13,3,2024-06,7,9,12205
13,4,2023-01,10,18,21672
13,4,2023-10,5,12,14275
13,4,2024-09,15,38,51454
13,4,2025-05,10,25,35387
13,5,2023-09,1,3,3346
13,5,2024-09,10,26,34303
13,5,2026-05,15,41,63203
13,6,2024-07,5,10,12619
14,1,2024-05,3,8,10230
14,1,2026-03,2,7,10544
14,2,2024-03,4,11,13628
14,2,2024-09,5,11,14426
14,3,2025-09,4,10,13354
14,4,2023-03,7,18,20486
14,4,2023-12,2,4,4880
14,4,2025-01,4,12,16018
14,4,2025-04,15,53,72841
14,4,2026-03,1,4,5272
14,5,2023-11,5,14,16026
14,5,2025-06,5,7,9066
14,5,2026-04,4,10,14644
14,6,2024-02,15,28,35548
14,6,2025-09,2,5,6677
15,1,2024-09,15,39,37375
15,1,2025-09,4,13,13011
15,2,2024-06,15,30,28855
15,2,2025-09,5,16,16264
15,3,2024-02,2,3,3306
15,3,2024-10,5,13,12434
15,3,2024-11,2,5,4464
15,3,2025-12,4,10,10531
15,4,2024-11,2,5,4464
15,5,2023-02,5,9,7688
15,5,2024-03,5,17,15961
15,5,2024-10,10,26,24869
15,5,2024-11,5,12,11160
15,5,2025-04,7,23,24026
15,5,2026-04,15,23,25429
15,6,2023-10,2,7,6365
15,6,2026-01,3,6,6969
16,1,2024-01,15,43,27492
16,1,2025-01,2,5,3114
16,1,2025-09,2,9,5928
16,2,2023-11,2,4,2262
16,2,2025-08,4,8,5359
16,3,2024-11,7,16,10154
16,3,2025-06,2,5,3188
16,4,2024-06,2,3,2113
16,4,2024-08,1,2,1099
16,4,2024-12,3,9,5770
16,5,2023-06,4,6,3757
16,6,2023-05,15,24,14222
16,6,2023-09,3,5,3130
16,6,2023-10,4,9,5245
16,6,2024-01,10,29,18328
16,6,2025-07,15,30,21014
16,6,2026-06,10,22,16298
17,1,2024-04,2,4,4083
17,1,2025-03,7,22,22191
17,2,2023-08,10,15,12930
17,2,2024-08,7,9,9012
17,2,2026-02,5,15,16382
17,2,2026-03,15,48,53416
17,3,2023-06,1,2,1599
17,3,2026-01,15,46,50609
17,4,2023-09,10,27,23759
17,4,2026-08,1,2,2110
17,5,2025-01,4,15,15734
17,6,2023-11,1,2,2043
17,6,2024-09,3,5,5139
17,6,2025-05,2,6,6274
17,6,2025-10,7,25,26593
18,1,2024-03,15,40,39150
18,2,2023-10,10,26,23804
18,2,2024-06,2,3,2498
18,2,2025-04,3,6,6036
18,2,2025-10,3,8,8273
18,3,2024-12,2,4,4011
18,3,2025-05,2,6,6732
18,3,2025-11,10,27,28308
18,3,2026-01,7,12,13358
18,4,2023-11,4,7,6402
18,4,2023-12,3,9,7725
18,4,2024-01,1,2,1693
18,4,2024-08,5,8,7955
18,4,2025-09,1,2,1938
18,5,2023-03,7,17,15596
18,5,2023-04,1,3,3088
18,6,2024-10,2,7,7155
18,6,2025-07,7,10,10743
18,6,2025-08,5,13,14220
19,1,2024-05,1,2,2315
19,2,2023-03,4,9,8369
19,2,2024-05,1,2,2315
19,2,2024-12,2,6,5706
19,2,2025-09,7,15,15743
19,2,2026-01,5,17,19134
19,3,2023-07,2,3,2386
19,3,2023-12,1,3,2611
19,5,2025-03,10,22,22896
19,5,2025-11,2,6,6706
19,6,2023-04,10,23,20564
19,6,2023-05,7,15,12925
19,6,2023-06,1,2,1406
19,6,2024-07,10,18,17415
20,1,2024-05,4,7,9473
20,1,2025-07,1,2,2291
20,1,2025-08,4,9,13240
20,1,2026-01,2,4,6324
20,2,2023-03,4,7,8943
20,2,2023-12,3,7,9246
20,2,2024-04,10,19,26661
20,2,2024-07,7,14,20206
20,3,2023-05,3,6,7639
20,3,2023-11,4,9,11647
20,3,2025-01,15,28,42557
20,3,2025-09,2,5,7777
20,4,2024-11,4,13,18187
20,4,2025-12,1,3,4734
20,5,2023-01,1,2,2273
20,5,2023-06,3,3,3828
20,5,2023-07,2,2,2947
20,5,2023-12,15,36,46228
20,5,2024-01,1,2,2813
20,5,2024-02,10,29,40890
20,5,2025-02,3,6,9420
20,5,2025-03,1,4,5843
20,5,2026-03,3,11,17530
20,6,2023-04,5,10,13041
20,6,2025-01,10,19,28371
21,2,2026-01,5,11,12825
21,2,2026-07,1,2,1855
21,3,2026-02,4,11,13119
21,4,2023-08,4,8,8081
21,4,2025-07,7,10,11403
21,5,2026-05,3,6,7123
21,6,2025-07,15,22,24435
22,1,2024-02,10,27,17485
22,1,2024-04,1,3,1760
22,2,2025-04,1,3,1936
22,4,2026-02,2,6,4754
22,5,2023-03,3,7,4194
22,5,2023-11,1,3,1801
22,5,2025-05,5,15,10116
22,6,2026-07,10,17,12378
23,1,2024-11,5,9,215286
23,1,2025-08,1,1,26360
23,1,2026-04,1,2,64606
23,2,2023-12,3,4,93728
23,2,2025-06,7,12,298775
23,2,2026-06,15,26,700304
23,3,2023-02,2,3,63730
23,3,2023-09,2,3,55327
23,3,2023-10,2,4,80974
23,3,2024-02,2,3,74075
23,3,2024-05,15,15,363593
23,3,2025-10,3,6,155701
23,3,2026-08,1,1,30906
23,4,2023-05,7,11,232247
23,4,2023-08,15,18,379194
23,4,2025-06,5,8,213410
23,4,2026-01,2,4,105971
23,4,2026-04,4,9,258422
23,5,2023-01,15,22,468396
23,5,2025-05,4,6,158002
23,5,2026-03,5,8,226806
23,6,2023-04,15,24,530884
23,6,2023-11,5,7,157490
23,6,2026-05,1,2,51792
24,1,2025-05,1,2,46806
24,1,2025-07,1,1,17406
24,2,2025-07,5,3,87028
24,4,2023-03,2,3,73055
24,4,2023-09,1,2,33660
24,4,2024-03,10,17,400879
24,4,2024-12,7,15,363438
24,5,2023-03,5,8,182637
24,5,2023-09,5,8,168298
24,5,2023-11,3,5,107599
24,5,2023-12,5,8,175222
24,5,2025-04,5,7,193185
24,5,2025-11,5,6,166686
24,5,2026-01,15,28,768952
24,6,2025-04,4,6,154548
25,1,2024-11,10,15,433440
25,1,2025-04,2,3,107240
25,2,2026-05,3,4,148406
25,3,2023-08,1,1,31258
25,3,2026-04,2,3,108017
25,4,2023-11,1,2,44124
25,4,2024-04,2,3,88743
25,4,2024-07,4,4,118188
25,4,2024-11,2,3,86688
25,5,2024-03,2,3,98392
25,5,2024-09,4,4,122337
25,5,2026-03,5,11,355457
25,6,2024-03,4,7,196784
25,6,2025-07,4,5,144420
25,6,2026-02,2,3,88663
26,1,2023-10,2,4,73033
26,1,2024-02,2,3,60366
26,1,2025-11,2,4,79901
26,2,2023-08,1,1,20734
26,2,2024-01,15,19,364561
26,2,2026-01,4,8,172512
26,3,2024-05,10,13,246545
26,3,2024-12,4,7,131658
26,3,2025-05,7,15,328995
26,3,2026-05,10,17,378597
26,4,2023-02,3,3,56625
26,4,2023-03,1,1,25222
26,5,2024-09,1,2,39914
26,5,2025-06,2,3,54525
27,2,2023-10,2,3,36971
27,2,2024-07,7,10,141766
27,2,2024-08,2,2,33267
27,2,2025-05,1,2,24660
27,3,2023-11,2,4,52639
27,3,2024-08,2,2,33267
27,3,2024-11,5,11,159478
27,3,2025-03,1,2,27283
27,3,2026-07,1,1,24580
27,3,2026-08,5,7,119187
27,4,2023-10,10,14,184855
27,4,2025-09,15,22,355396
27,4,2026-05,5,11,183360
27,5,2024-03,10,18,269895
27,5,2026-08,1,1,23837
27,6,2023-06,3,2,29670
27,6,2024-04,2,3,50057
27,6,2026-02,2,3,59698
28,1,2023-01,2,3,57483
28,1,2023-11,10,19,369136
28,2,2023-02,3,4,72869
28,2,2024-01,10,12,253168
28,2,2024-08,5,6,119578
28,2,2024-10,2,4,88420
28,2,2024-11,3,4,92722
28,2,2025-01,2,3,73995
28,2,2025-09,3,5,107119
28,3,2023-03,3,4,77172
28,3,2023-06,3,3,52630
28,3,2025-10,10,16,367920
28,3,2025-12,2,4,104023
28,4,2023-10,1,1,28569
28,4,2026-01,2,3,71196
28,4,2026-02,2,3,74978
28,5,2023-06,2,2,35087
28,5,2025-06,15,14,328990
28,5,2025-09,4,6,142825
28,6,2023-02,7,9,170027
28,6,2025-03,10,13,303532
29,1,2023-08,10,14,21202
29,1,2026-04,15,33,61247
29,2,2023-07,1,1,1160
29,5,2023-11,5,8,11418
29,5,2024-02,4,6,8939
29,5,2025-08,7,6,10725
29,5,2026-03,7,19,35003
29,5,2026-07,2,4,8445
29,6,2024-12,5,12,20183
29,6,2025-03,5,7,12508
29,6,2026-04,7,15,28582
30,1,2023-04,2,3,3596
30,1,2024-08,2,2,2830
30,1,2025-10,7,9,14422
30,2,2023-04,5,7,8990
30,2,2023-06,1,1,861
30,2,2023-07,15,19,25736
30,2,2024-06,15,16,24718
30,2,2025-11,15,26,41568
30,2,2026-02,10,10,17081
30,3,2024-11,3,5,7813
30,4,2024-05,1,1,1955
30,4,2025-09,1,2,3349
30,4,2025-10,1,1,2060
30,4,2026-05,7,16,28453
30,4,2026-07,2,3,4982
30,6,2023-01,15,23,31257
31,1,2023-07,15,8,17553
31,1,2025-06,2,4,8720
31,2,2024-06,7,9,19951
31,2,2025-02,10,13,32886
31,2,2025-08,2,3,7433
31,3,2025-10,7,12,29446
31,4,2024-10,2,5,11571
31,4,2025-09,2,3,6288
31,4,2026-06,5,3,8944
31,4,2026-08,2,3,7199
31,5,2025-04,4,7,17035
31,5,2026-03,2,3,7676
31,6,2023-03,15,24,49108
31,6,2025-10,7,12,29446
32,1,2024-06,7,6,12261
32,2,2026-01,15,31,69235
32,3,2023-07,1,1,2081
32,3,2026-04,7,12,26945
32,3,2026-05,2,2,4392
32,5,2024-03,10,16,31391
32,6,2024-05,2,3,5858
32,6,2025-03,2,4,7388
33,1,2023-01,5,7,13748
33,1,2024-05,5,7,15930
33,1,2026-04,10,22,57292
33,2,2025-10,10,20,49507
33,2,2026-07,3,4,10998
33,3,2025-02,10,14,34782
33,3,2025-10,15,30,74261
33,3,2026-01,15,26,67410
33,4,2023-03,7,14,29899
33,4,2024-01,7,12,26349
33,4,2025-06,5,10,24080
33,4,2025-08,2,3,7032
33,5,2023-09,1,2,3724
33,5,2023-10,4,5,11247
33,5,2024-06,1,1,3338
33,5,2025-08,2,3,7032
33,6,2023-11,2,3,5888
33,6,2024-11,5,8,17820
33,6,2026-07,15,21,54988
34,1,2024-04,5,7,9011
34,1,2024-09,10,11,14014
34,1,2024-11,7,11,14601
34,1,2026-08,3,6,8633
34,2,2023-01,2,2,2974
34,2,2023-02,7,10,11827
34,2,2024-11,2,3,4172
34,2,2025-01,1,2,2499
34,3,2023-09,2,3,3086
34,3,2025-04,1,2,2994
34,3,2025-10,3,6,7685
34,4,2023-02,4,6,6758
34,4,2023-04,4,9,10309
34,4,2023-05,2,3,3313
34,4,2024-12,5,6,7821
34,4,2025-08,10,16,23324
34,5,2024-01,15,25,32853
34,6,2023-03,10,18,21527
34,6,2023-04,3,6,7732
34,6,2024-02,5,6,7257
34,6,2026-01,15,18,27111
35,1,2024-05,2,3,6008
35,1,2025-06,15,20,37406
35,2,2024-03,3,6,11004
35,2,2024-07,3,4,6895
35,2,2025-02,15,22,42443
35,3,2024-10,5,8,14018
35,3,2025-03,15,26,51559
35,3,2025-12,10,19,36938
35,3,2026-05,4,8,17174
35,4,2024-01,1,1,2345
35,4,2025-01,3,3,6588
35,4,2025-10,2,5,9567
35,4,2026-02,2,5,9801
35,5,2023-07,15,12,19271
35,5,2023-12,5,8,13118
35,5,2024-06,7,12,22130
35,6,2025-01,2,2,4392
35,6,2025-11,1,1,2787
36,1,2023-10,2,2,5449
36,1,2025-09,7,14,37315
36,1,2026-08,1,1,2719
36,2,2024-10,15,29,68142
36,3,2023-12,7,7,15066
36,3,2025-04,1,3,7205
36,3,2025-05,15,25,64273
36,3,2025-08,10,15,38910
36,4,2023-10,7,9,19071
36,4,2024-03,15,22,52080
36,4,2024-09,3,4,9727
36,4,2024-11,4,7,16982
36,5,2024-04,3,5,11718
36,5,2025-08,1,1,3891
36,5,2026-02,2,3,7593
37,1,2025-04,2,3,4223
37,1,2026-04,4,9,13640
37,2,2023-12,1,1,1592
37,2,2024-11,10,11,14248
37,2,2025-08,7,11,15351
37,2,2025-10,4,6,9207
37,2,2025-12,1,2,2184
37,3,2023-03,7,16,19257
37,3,2023-06,3,5,6286
37,3,2023-07,4,5,5932
37,3,2024-05,5,10,13438
37,3,2024-07,10,13,17035
37,3,2025-12,15,23,32756
37,3,2026-03,5,10,15866
37,4,2023-02,2,2,2934
37,4,2023-11,2,3,3625
37,4,2025-12,1,2,2184
37,5,2023-02,7,8,10269
37,5,2023-11,7,10,12686
37,5,2024-07,3,4,5111
37,5,2025-04,10,15,21115
37,5,2025-10,4,6,9207
37,5,2026-06,2,2,3047
37,5,2026-07,7,7,10669
37,6,2024-09,5,12,15666
37,6,2025-08,10,15,21930
38,1,2024-02,3,4,7315
38,1,2024-05,2,2,4713
38,1,2024-06,2,2,3122
38,1,2024-07,5,6,12330
38,1,2025-12,3,4,9271
38,1,2026-02,5,7,14652
38,2,2023-08,10,8,13680
38,2,2025-03,10,22,46281
38,2,2025-12,2,3,6181
38,3,2023-03,2,2,3918
38,3,2024-04,1,2,3367
38,3,2024-11,2,4,7539
38,3,2026-03,15,22,51011
38,5,2026-07,2,2,3950
38,6,2026-07,2,2,3950
39,1,2024-08,15,20,28811
39,1,2025-04,2,3,4470
39,1,2026-08,4,7,10886
39,2,2024-01,4,5,6952
39,2,2025-02,2,3,4224
39,2,2026-08,15,25,40822
39,3,2023-01,4,5,6689
39,3,2023-10,5,6,8184
39,3,2024-11,2,4,6272
39,3,2026-03,10,29,46742
39,4,2023-01,3,4,5017
39,4,2024-08,4,5,7683
39,4,2025-04,4,6,8940
39,5,2023-04,5,5,6112
39,5,2025-07,2,2,3293
39,5,2026-06,10,11,17521
39,5,2026-08,2,3,5443
39,6,2023-01,4,5,6689
39,6,2023-09,10,11,14930
39,6,2024-02,7,8,11765
39,6,2025-10,3,6,9254
40,1,2023-03,3,9,16473
40,1,2023-04,7,9,16361
40,1,2023-09,1,1,2751
40,1,2024-05,3,4,8852
40,1,2024-11,15,27,56892
40,1,2025-10,1,2,3594
40,1,2026-03,1,2,5617
40,1,2026-07,7,10,22914
40,2,2023-03,4,12,21964
40,2,2023-05,4,6,12331
40,2,2023-07,2,2,3010
40,2,2023-09,1,1,2751
40,2,2023-10,2,3,5378
40,3,2025-12,2,4,8370
40,4,2026-06,2,2,5712
40,5,2023-07,5,4,7526
40,6,2023-02,10,12,23182
40,6,2025-01,1,1,3345
40,6,2025-05,4,6,12847
40,6,2025-12,15,28,62775
41,1,2023-07,3,3,4442
41,1,2025-04,10,16,25641
41,1,2026-03,1,3,4887
41,2,2023-12,4,5,6185
41,2,2024-11,3,5,7899
41,2,2025-03,15,30,47106
41,2,2026-01,2,3,5060
41,3,2023-07,7,8,10364
41,3,2023-08,15,15,19662
41,3,2026-02,2,2,3869
41,4,2024-01,7,7,10919
41,4,2024-05,7,10,14600
41,4,2024-08,10,10,14956
41,4,2025-03,5,10,15702
41,4,2025-04,10,16,25641
41,5,2023-02,2,3,3597
41,5,2023-09,7,10,14127
41,5,2025-01,2,3,5541
41,5,2025-07,3,3,5474
41,5,2026-05,5,10,16263
41,6,2024-05,15,21,31286
41,6,2025-03,2,4,6281
41,6,2025-06,1,1,1349
41,6,2025-08,3,4,7144
41,6,2026-03,7,20,34212
42,1,2023-03,3,6,10694
42,2,2024-10,5,10,18217
42,2,2026-02,5,9,19490
42,4,2026-06,5,6,12699
42,5,2025-01,15,22,41343
42,5,2026-02,1,2,3898
42,6,2024-09,5,6,11250
42,6,2025-01,2,3,5512
42,6,2025-05,4,7,13304
43,2,2023-06,7,6,48280
43,2,2025-06,5,3,29573
43,2,2026-04,15,27,266936
43,3,2023-04,10,12,95424
43,4,2025-09,2,2,22213
43,5,2023-03,3,5,41224
43,5,2025-05,10,15,136324
43,5,2025-06,10,6,59146
43,5,2026-02,3,6,56135
43,6,2023-10,10,25,197649
43,6,2024-10,5,9,72214
44,1,2026-07,15,18,166806
44,3,2023-03,15,25,181009
44,3,2025-03,4,8,65352
44,4,2023-06,10,8,59979
44,4,2024-03,4,6,46096
44,4,2024-07,2,2,17960
44,4,2026-03,4,9,83087
44,5,2024-01,2,4,30578
44,5,2025-01,2,2,17320
44,5,2025-05,15,21,175763
44,5,2025-08,10,15,129465
44,6,2023-01,1,1,8426
44,6,2023-04,2,3,21810
44,6,2023-10,2,4,32226
44,6,2025-08,5,8,64733
45,1,2023-09,2,3,31143
45,1,2024-03,7,10,98707
45,1,2024-08,2,3,26967
45,1,2024-11,4,7,71918
45,1,2026-06,7,9,105151
45,2,2023-11,2,4,36060
45,2,2024-09,2,4,39389
45,3,2023-04,2,3,28572
45,3,2024-02,4,5,48943
45,4,2023-03,7,9,80775
45,4,2025-07,5,5,59536
45,5,2023-07,10,7,69516
45,5,2024-02,5,6,61178
45,5,2024-03,3,4,42303
45,6,2023-04,7,11,100000
45,6,2024-04,4,8,77762
45,6,2025-07,10,11,119073
45,6,2026-06,4,5,60086
46,1,2023-10,5,5,41207
46,1,2024-05,2,2,20547
46,1,2026-01,5,5,49612
46,2,2024-12,2,3,23680
46,3,2023-05,7,8,69770
46,3,2024-11,7,12,112326
46,3,2025-01,2,3,29928
46,3,2025-05,3,5,49168
46,3,2025-08,2,2,22021
46,3,2026-07,10,10,110126
46,4,2026-03,4,16,165616
46,5,2026-02,3,6,59481
46,5,2026-08,4,5,58096
46,6,2023-12,3,4,37272
47,1,2024-08,3,3,30875
47,4,2023-02,2,2,19117
47,4,2023-04,5,6,50281
47,4,2024-12,3,5,46185
47,4,2025-02,15,23,222610
47,5,2023-01,7,10,81574
47,5,2024-01,15,19,165596
47,5,2025-01,2,3,26595
48,1,2023-11,4,10,88544
48,3,2025-03,3,7,77172
48,4,2023-10,15,29,251305
48,4,2026-06,2,3,29544
48,5,2024-04,10,20,191055
48,5,2024-09,2,3,30072
48,5,2026-07,7,6,65402
48,6,2023-01,2,3,25689
48,6,2023-02,2,1,11526
48,6,2023-03,2,3,29112
48,6,2025-03,4,10,102895
48,6,2025-07,3,3,32049
48,6,2026-02,3,5,50329
49,1,2023-09,2,3,19029
49,1,2025-09,3,4,31997
49,1,2026-04,10,14,119857
49,2,2023-09,3,4,28543
49,2,2024-09,1,1,10509
49,2,2024-12,4,4,30709
49,3,2023-02,3,3,22100
49,3,2023-07,2,2,15519
49,3,2025-08,1,1,11427
49,3,2026-05,7,10,85845
49,4,2023-01,4,6,39047
49,4,2023-05,1,1,7114
49,4,2024-06,2,4,28944
49,4,2024-12,3,3,23032
49,4,2025-03,1,1,10316
49,4,2025-04,15,31,244162
49,5,2023-04,5,7,45975
49,5,2023-12,7,11,70724
49,5,2025-10,3,7,53256
49,6,2023-10,15,25,172875
49,6,2025-05,10,19,148231
49,6,2025-10,7,16,124263
49,6,2026-04,2,3,23971
50,1,2023-06,2,2,12114
50,1,2024-10,7,12,71012
50,1,2025-07,1,2,10200
50,1,2025-12,2,5,29237
50,2,2023-01,2,2,11935
50,2,2023-11,3,5,28233
50,3,2025-04,4,7,43258
50,4,2024-06,2,3,18938
50,4,2025-05,7,11,67314
50,6,2023-07,5,4,20762
50,6,2024-07,3,3,17695
50,6,2024-10,15,26,152169
50,6,2024-12,5,12,68518
51,1,2023-06,2,2,13951
51,1,2025-01,2,2,17298
51,1,2026-01,4,7,58730
51,2,2023-02,10,19,120248
51,2,2025-02,2,3,18570
51,2,2025-07,1,1,9396
51,3,2024-02,4,5,30868
51,4,2024-08,1,1,6259
51,4,2025-02,2,3,18570
51,5,2023-03,4,5,28494
51,5,2024-07,5,4,30060
51,5,2025-09,4,12,86694
51,6,2024-11,5,9,62362
52,1,2023-02,1,2,8425
52,1,2023-04,2,3,14273
52,1,2023-08,15,18,98061
52,1,2025-09,2,4,24974
52,2,2023-04,5,7,35681
52,2,2024-08,10,15,90365
52,2,2024-12,4,9,51861
52,3,2025-06,10,12,79986
52,3,2025-09,2,4,24974
52,4,2024-01,10,20,114564
52,4,2025-02,15,20,130227
52,4,2026-02,2,5,32296
52,4,2026-04,15,31,214316
52,5,2023-04,2,3,14273
52,5,2023-10,4,7,35717
52,5,2024-05,3,3,17748
52,5,2024-06,1,1,5858
52,5,2024-08,7,11,63255
52,5,2024-09,1,1,8151
52,5,2026-02,3,7,48444
52,6,2024-06,2,2,11715
52,6,2024-11,15,26,155809
52,6,2026-03,7,16,107106
53,1,2023-10,10,20,87179
53,1,2025-01,2,4,19168
53,1,2025-05,2,3,17308
53,1,2026-03,15,37,206986
53,2,2023-03,5,6,28216
53,2,2023-09,3,4,17963
53,2,2023-12,1,2,8184
53,2,2025-04,3,5,24055
53,2,2026-04,5,10,57660
53,3,2023-06,7,8,35243
53,3,2025-07,5,6,32083
53,3,2025-08,5,5,27597
53,3,2026-05,10,13,75228
53,4,2023-08,5,7,31320
53,5,2023-09,3,4,17963
53,5,2024-03,10,18,86465
53,6,2026-02,1,2,12786
54,1,2024-11,4,7,64702
54,1,2025-11,2,3,33659
54,1,2026-06,3,4,39991
54,2,2025-07,1,1,9354
54,2,2026-02,10,17,183881
54,3,2025-04,7,14,141473
54,3,2026-05,2,3,34876
54,4,2023-07,15,13,113311
54,4,2023-11,5,9,78172
54,4,2024-04,7,9,80226
54,4,2024-06,2,3,27322
54,4,2026-07,15,17,190052
54,5,2023-04,7,9,81996
54,5,2024-08,4,5,46192
54,5,2025-12,5,8,83888
54,6,2025-06,4,6,62636
54,6,2025-08,7,5,51053
54,6,2025-12,4,7,67110
55,1,2025-04,3,7,62034
55,2,2025-02,10,14,123144
55,3,2024-01,10,21,174943
55,3,2024-09,3,5,43778
55,3,2026-05,1,1,13486
55,4,2023-10,2,3,20334
55,4,2024-03,5,10,82265
55,4,2024-06,15,27,222260
55,5,2023-02,15,15,112374
55,5,2025-08,2,2,14780
55,6,2024-03,3,6,49359
55,6,2025-01,15,16,139500
56,1,2024-05,15,18,85587
56,1,2025-05,5,7,35871
56,2,2023-05,2,3,12148
56,2,2024-01,7,8,38072
56,2,2024-08,3,4,16457
56,2,2025-02,10,10,48279
56,2,2025-09,5,13,64801
56,2,2026-06,2,2,11583
56,2,2026-07,4,6,29501
56,3,2023-07,1,1,4204
56,3,2024-09,5,10,44322
56,3,2025-01,15,15,73396
56,3,2025-10,5,8,42279
56,4,2023-11,2,4,15554
56,4,2025-01,2,2,9786
56,4,2025-06,4,6,29113
56,5,2023-03,10,10,40735
56,5,2024-03,1,2,8233
56,5,2024-04,4,7,32787
56,5,2025-01,4,4,19572
56,5,2025-11,1,1,5605
56,6,2023-01,5,10,42090
56,6,2023-06,15,12,50397
56,6,2024-05,15,18,85587
56,6,2025-01,5,5,24465
56,6,2026-02,7,11,57270
57,1,2023-01,7,12,76751
57,2,2023-09,2,2,12278
57,2,2025-06,10,10,71536
57,2,2026-06,4,7,51166
57,3,2023-06,2,2,10347
57,3,2024-05,1,1,8051
57,3,2025-06,4,4,28614
57,3,2026-01,4,10,79557
57,4,2023-01,10,17,109644
57,4,2023-03,3,4,25558
57,4,2026-06,2,3,25583
57,4,2026-08,4,8,60798
57,5,2025-01,7,7,48589
57,5,2025-04,15,32,235301
57,6,2023-11,15,37,233347
57,6,2024-01,5,8,52625
57,6,2026-02,15,29,219714
58,1,2023-09,3,4,18330
58,1,2024-05,2,2,9149
58,1,2026-02,4,8,49337
58,2,2023-01,2,3,14978
58,2,2024-01,5,6,32603
58,3,2024-01,2,2,13041
58,3,2024-02,7,11,58161
58,3,2025-03,4,13,72301
58,4,2024-10,4,10,51702
58,6,2023-01,3,4,22466
58,6,2024-04,2,4,21714
58,6,2026-05,1,1,6969
59,2,2024-08,2,4,26363
59,2,2025-05,2,3,26953
59,2,2025-09,10,17,133960
59,3,2024-09,4,4,31369
59,3,2026-02,1,1,10782
59,4,2026-01,15,13,112330
59,5,2024-07,3,3,19476
59,6,2025-11,15,29,234589
59,6,2026-03,2,4,34438
60,1,2025-09,7,10,54830
60,1,2026-07,3,3,18299
60,2,2023-01,5,7,34736
60,2,2023-07,5,7,33216
60,2,2023-10,4,4,21457
60,2,2023-12,1,2,8517
60,2,2024-03,2,4,21093
60,2,2026-05,4,5,27068
60,3,2023-08,4,6,28301
60,3,2024-02,10,16,86018
60,3,2024-05,2,2,9237
60,3,2024-06,7,5,24326
60,4,2024-07,4,5,23648
60,4,2025-05,1,1,6953
60,4,2026-04,1,2,10311
60,5,2024-06,3,2,10426
60,6,2023-05,7,8,37850
60,6,2023-06,5,6,26221
60,6,2023-07,2,3,13286
60,6,2023-08,7,10,49526
60,6,2024-04,15,26,134775
60,6,2025-11,2,4,22809
61,1,2024-06,1,1,3920
61,1,2026-07,4,4,14972
61,2,2023-01,2,2,5174
61,2,2023-12,15,13,37805
61,2,2024-01,7,7,22220
61,2,2025-03,4,4,14452
61,3,2025-04,1,1,3798
61,3,2025-10,10,13,43022
61,4,2023-02,4,4,11676
61,5,2024-01,3,3,9523
61,5,2024-05,2,2,5933
61,5,2024-09,2,2,5250
61,5,2025-08,2,2,7676
61,6,2023-02,2,2,5838
61,6,2023-03,2,2,5897
61,6,2025-04,15,17,56971
61,6,2025-07,15,17,57650
62,1,2024-06,3,3,9039
62,2,2023-02,1,1,3339
62,2,2023-04,5,3,9204
62,2,2024-01,5,9,32188
62,2,2026-07,5,4,16152
62,4,2023-02,10,10,33387
62,4,2025-05,7,9,35946
62,6,2024-03,4,6,22443
62,6,2024-05,15,13,46389
62,6,2024-08,10,21,72759
62,6,2026-05,7,10,40078
63,1,2023-05,1,1,1684
63,1,2023-06,15,11,34500
63,1,2023-07,2,2,5736
63,1,2024-04,2,2,7850
63,1,2024-07,4,5,17901
63,1,2025-10,10,12,40536
63,2,2026-02,10,15,55673
63,3,2024-05,5,7,23625
63,3,2025-06,1,1,4340
63,3,2025-08,10,16,58235
63,4,2023-05,2,1,3369
63,4,2024-08,5,5,16673
63,4,2025-04,3,5,17205
63,5,2025-06,10,12,43402
63,6,2023-05,3,2,5053
63,6,2023-06,2,2,4600
63,6,2023-08,5,4,10634
64,1,2024-02,4,4,13401
64,1,2024-09,10,13,40738
64,1,2025-10,2,3,10220
64,2,2023-01,1,1,2986
64,2,2025-04,7,6,19770
64,2,2025-08,3,4,12536
64,2,2026-02,4,4,15251
64,3,2024-05,10,14,43938
64,3,2024-06,4,3,10500
64,3,2026-01,4,6,21302
64,4,2024-09,3,4,12221
64,4,2026-02,3,3,11438
64,4,2026-08,4,4,12879
64,5,2025-10,10,15,51100
64,6,2023-11,4,4,10689
65,1,2024-04,10,11,47049
65,1,2024-11,5,7,31178
65,1,2025-01,3,3,12605
65,1,2025-09,7,10,46597
65,2,2023-09,15,13,50529
65,3,2025-02,2,2,9760
65,4,2025-04,5,4,20122
65,6,2023-05,3,2,9469
65,6,2023-12,1,2,6927
65,6,2026-06,1,1,3180
66,1,2023-03,10,10,38128
66,1,2023-08,5,2,9726
66,1,2024-03,15,10,42375
66,1,2025-03,7,10,44125
66,1,2026-08,7,9,42872
66,2,2023-04,5,5,20439
66,2,2026-02,7,15,74609
66,3,2023-10,7,13,48976
66,3,2023-12,15,20,80448
66,3,2024-12,10,11,47636
66,3,2025-02,2,1,6197
66,3,2025-10,2,3,12719
66,4,2024-12,1,1,4764
66,4,2025-02,4,3,12394
66,5,2023-07,5,5,19181
66,5,2025-09,4,4,16644
66,5,2026-07,4,3,13435
66,6,2023-04,1,1,4088
66,6,2023-05,2,2,6629
67,1,2023-10,10,12,41061
67,1,2025-07,3,3,11213
67,1,2026-07,10,6,24813
67,2,2023-02,10,8,27693
67,2,2023-07,7,7,24704
67,2,2024-08,4,3,11786
67,4,2026-08,2,2,9733
67,5,2025-07,2,2,7475
67,6,2025-12,15,18,71281
68,1,2025-01,4,4,11141
68,1,2025-08,2,2,4338
68,2,2023-05,2,2,4170
68,2,2025-12,1,1,3912
68,2,2026-06,2,2,6350
68,3,2023-07,2,2,4737
68,3,2025-05,7,7,17994
68,3,2025-09,15,15,40534
68,4,2024-03,3,3,8167
68,4,2025-01,5,5,13927
68,4,2025-06,10,9,23753
68,4,2026-02,4,5,15380
68,5,2023-09,5,4,8937
68,6,2023-09,3,2,5362
68,6,2023-11,15,19,44573
68,6,2024-07,3,3,6436
68,6,2025-10,3,5,12373
68,6,2025-12,15,22,58675
69,1,2025-04,2,2,7362
69,1,2025-10,15,22,68336
69,1,2026-02,10,9,31203
69,1,2026-07,3,4,12112
69,2,2024-01,2,2,4912
69,2,2024-09,5,6,18878
69,2,2025-08,2,3,9276
69,3,2024-03,4,5,13824
69,3,2025-12,10,14,44013
69,4,2023-08,10,9,24123
69,4,2023-11,1,2,5569
69,4,2024-03,2,2,6912
69,4,2024-10,1,2,4690
69,4,2025-05,5,4,10903
69,5,2023-02,4,3,7363
69,5,2025-04,7,8,25766
69,6,2025-05,7,5,15264
69,6,2025-09,4,7,21681
70,1,2025-07,15,13,57210
70,2,2025-01,10,8,35892
70,2,2025-10,4,8,35617
70,2,2026-05,5,5,23053
70,3,2023-01,3,3,10194
70,3,2023-03,3,3,11835
70,3,2025-09,15,25,108928
70,3,2025-12,2,3,11301
70,4,2023-07,2,1,5296
70,4,2026-02,10,3,14995
70,5,2024-01,7,7,27059
70,5,2026-06,15,13,60629
70,6,2023-04,2,1,4738
70,6,2024-07,10,9,34835
71,1,2024-08,2,2,5088
71,1,2026-01,4,6,20932
71,1,2026-07,3,2,6274
71,2,2025-04,2,3,10185
71,3,2023-01,2,3,7322
71,3,2023-10,2,3,8178
71,3,2024-02,2,1,4055
71,3,2024-08,7,6,17809
71,3,2025-09,2,2,6491
71,3,2026-08,5,5,19438
71,4,2023-08,15,11,30878
71,4,2024-04,2,3,8786
71,4,2024-05,1,1,2762
71,5,2024-09,2,2,6191
71,5,2025-10,1,2,5516
71,6,2025-02,15,16,54201
71,6,2025-06,3,2,7722
72,1,2025-09,2,2,10280
72,3,2024-11,5,6,23086
72,3,2025-09,5,6,25700
72,3,2025-12,5,5,23684
72,3,2026-04,1,2,7253
72,4,2023-10,3,2,9129
72,5,2026-03,15,21,99106
72,5,2026-06,7,8,35926
72,6,2023-09,1,1,4014
72,6,2024-01,4,2,7799
72,6,2026-01,2,1,6275
72,6,2026-04,10,15,72526
73,1,2025-08,1,1,27711
73,1,2025-12,15,21,668120
73,1,2026-08,2,2,82218
73,2,2025-05,2,2,71813
73,3,2023-10,2,3,69656
73,3,2024-07,15,19,555705
73,3,2024-08,15,24,690445
73,3,2026-03,1,1,50552
73,3,2026-05,2,3,106090
73,3,2026-08,7,8,287764
73,4,2023-11,10,10,270202
73,4,2025-09,10,12,390366
73,5,2023-12,2,3,79269
73,6,2023-01,5,8,226956
73,6,2023-05,7,7,198452
73,6,2025-09,4,5,156146
74,1,2025-07,2,2,71327
74,1,2026-04,2,2,67755
74,1,2026-08,10,9,329194
74,2,2023-08,1,1,26720
74,2,2023-10,2,4,114042
74,2,2026-08,2,2,65839
74,3,2024-09,15,18,594121
74,3,2025-09,4,5,190608
74,3,2026-05,5,7,273957
74,5,2023-07,3,2,46429
74,5,2024-11,4,4,124132
74,5,2025-02,2,3,115247
74,5,2026-01,2,3,130492
74,5,2026-08,7,6,230436
75,1,2023-07,7,7,144760
75,1,2024-10,4,5,108112
75,1,2024-12,2,2,56594
75,1,2026-03,15,27,741381
75,1,2026-04,5,7,193930
75,2,2023-10,2,3,75018
75,2,2024-12,4,5,113189
75,3,2023-05,2,2,47543
75,3,2025-03,3,4,98996
75,3,2026-02,10,12,320206
75,4,2024-06,3,3,74360
75,4,2024-07,7,7,159657
75,4,2025-09,15,16,419011
75,4,2025-11,15,16,412997
75,5,2023-07,2,2,41360
75,5,2025-05,3,3,71604
75,5,2025-08,15,15,382802
75,5,2025-11,7,7,192732
75,6,2023-12,2,2,48603
76,1,2023-09,3,2,38001
76,1,2024-05,10,12,214837
76,1,2024-08,2,1,24120
76,1,2025-05,7,9,178264
76,2,2023-03,10,14,241344
76,2,2024-08,4,3,48239
76,2,2025-02,4,7,134196
76,3,2023-04,3,3,55371
76,3,2023-07,15,9,146161
76,3,2024-03,15,18,337945
76,3,2024-05,4,5,85935
76,4,2023-08,1,1,18380
76,4,2023-11,5,7,114408
76,4,2025-11,2,2,41354
76,6,2023-03,7,10,168941
76,6,2024-04,1,1,19751
77,1,2023-09,2,2,63427
77,1,2024-01,3,2,63621
77,1,2024-03,4,4,116620
77,1,2026-04,2,3,96801
77,1,2026-05,3,4,133747
77,2,2025-09,2,2,72404
77,3,2024-01,3,2,63621
77,3,2024-05,5,4,116395
77,3,2024-09,4,7,199303
77,3,2026-05,2,3,89165
77,3,2026-08,10,8,262654
77,4,2023-12,1,1,18868
77,4,2024-03,4,4,116620
77,4,2025-05,15,25,756837
77,5,2023-11,15,14,360099
77,5,2024-07,7,2,49636
77,6,2023-03,7,10,250638
77,6,2025-08,10,6,170446
78,1,2023-07,3,2,56498
78,1,2025-01,2,2,65550
78,2,2023-04,2,2,44192
78,2,2023-08,2,2,42597
78,2,2024-09,5,6,159669
78,3,2023-05,5,3,87535
78,3,2024-06,15,15,421309
78,3,2024-10,3,4,121319
78,3,2025-11,2,2,64146
78,3,2026-03,5,7,217628
78,4,2024-05,3,3,73320
78,4,2024-08,15,12,335785
78,4,2026-02,5,6,209190
78,4,2026-04,5,8,256624
78,5,2023-07,10,7,188326
78,5,2026-07,15,9,294045
78,6,2025-04,7,11,337126
78,6,2025-05,3,4,111144
78,6,2025-11,1,1,32073
78,6,2026-07,4,2,78412
79,1,2023-09,15,17,481168
79,1,2025-08,2,3,111744
79,2,2023-04,5,4,116917
79,2,2024-01,1,0,14824
79,2,2025-02,2,4,147931
79,2,2026-04,10,15,526003
79,2,2026-08,7,5,194928
79,3,2023-06,3,2,63816
79,4,2023-01,5,4,105854
79,4,2023-02,3,2,48883
79,4,2023-06,2,2,42544
79,4,2024-11,5,4,133032
79,4,2025-12,10,20,654428
79,5,2023-06,3,2,63816
79,5,2024-11,1,1,26606
79,5,2025-11,15,30,1001526
79,6,2023-12,5,4,111648
79,6,2024-08,2,2,58752
79,6,2026-01,3,4,130779
80,1,2023-01,7,7,221125
80,1,2023-05,15,10,313029
80,1,2023-10,7,6,201278
80,1,2023-12,2,2,68958
80,1,2024-10,2,4,144039
80,2,2023-11,2,2,59894
80,2,2025-05,5,4,140064
80,3,2023-05,1,1,20869
80,3,2025-02,7,11,403484
80,3,2025-10,4,9,345148
80,3,2026-02,1,1,43762
80,5,2023-06,10,12,384562
80,5,2025-09,5,4,141229
80,5,2025-10,2,5,172574
80,6,2023-03,10,8,248999
80,6,2024-02,1,1,19976
80,6,2024-08,10,13,428091
80,6,2024-10,2,4,144039
81,1,2023-05,5,1,36927
81,2,2023-12,1,2,49851
81,2,2025-12,7,13,458516
81,3,2026-03,1,1,44208
81,4,2023-11,4,6,184316
81,4,2023-12,10,16,498515
81,5,2023-06,7,6,163608
81,5,2026-05,7,7,252840
81,6,2025-02,5,5,177800
81,6,2026-05,1,1,36120
82,1,2023-01,3,3,112839
82,1,2023-02,5,5,163562
82,1,2025-04,3,7,264536
82,1,2025-08,3,3,111662
82,1,2026-02,10,10,451521
82,1,2026-05,2,3,150779
82,2,2025-03,2,2,71066
82,3,2026-02,3,3,135456
82,4,2024-08,15,14,532236
82,4,2025-04,1,2,88179
82,4,2025-11,1,1,50905
82,5,2024-02,2,3,96013
82,5,2026-03,5,7,306945
82,6,2023-07,15,11,365966
83,1,2025-05,5,8,201531
83,2,2023-04,2,2,41859
83,2,2023-11,7,6,144081
83,2,2024-01,4,5,112164
83,2,2025-08,7,8,199106
83,2,2025-11,2,3,73086
83,2,2025-12,5,6,142234
83,3,2024-02,5,5,123861
83,3,2026-03,5,7,193576
83,4,2024-12,2,1,33926
83,5,2024-04,2,2,56642
83,6,2024-01,4,5,112164
83,6,2025-11,15,21,548146
83,6,2025-12,2,2,56894
83,6,2026-01,3,4,120591
84,1,2023-11,3,2,54114
84,1,2025-09,2,1,45749
84,1,2026-05,2,1,46104
84,2,2023-05,7,13,338027
84,2,2026-06,5,4,143169
84,3,2023-08,7,7,196386
84,3,2025-12,7,9,268653
84,4,2024-03,4,6,162769
84,4,2024-08,10,6,167911
84,5,2023-12,2,4,94173
84,5,2024-09,15,14,415906
84,6,2023-07,2,2,62632
84,6,2025-10,15,21,653621
84,6,2026-02,1,1,30817
85,2,2023-05,15,16,168191
85,3,2025-02,2,2,26475
85,3,2025-03,15,19,234954
85,4,2024-08,1,1,10624
85,4,2026-08,3,3,38371
85,5,2024-01,7,5,53394
85,5,2024-05,2,2,19211
85,5,2025-06,1,1,9081
85,6,2023-06,4,4,44856
85,6,2024-10,1,1,10576
85,6,2025-06,15,11,136209
86,1,2023-07,3,2,15045
86,2,2023-04,4,6,46323
86,2,2024-01,3,2,22060
86,3,2023-06,2,1,6571
86,3,2025-04,2,2,21454
86,4,2023-03,7,9,70684
86,4,2024-12,2,2,16729
86,4,2025-01,1,1,5072
86,4,2025-07,15,10,89953
86,5,2023-10,2,2,19213
86,5,2025-04,4,4,42909
86,6,2023-01,4,2,19431
86,6,2023-10,1,1,9606
87,1,2025-04,3,3,30000
87,1,2025-06,5,3,36102
87,1,2025-08,1,1,7122
87,1,2026-04,1,1,11147
87,2,2023-04,7,9,84851
87,2,2024-06,2,1,10108
87,2,2024-07,1,1,14119
87,2,2024-11,3,3,26746
87,2,2026-08,1,1,9269
87,3,2024-08,15,12,120717
87,4,2025-01,7,8,90781
87,4,2026-06,15,15,173160
87,4,2026-07,2,3,33456
87,5,2023-02,2,2,14326
87,5,2023-03,2,2,13904
87,6,2023-12,15,16,141606
87,6,2024-08,7,6,56335
87,6,2024-10,7,4,39462
87,6,2025-02,2,2,19695
88,1,2025-01,15,20,328096
88,1,2025-12,3,4,63701
88,2,2024-02,10,2,32810
88,3,2023-02,2,1,17028
88,3,2023-09,3,4,53168
88,3,2024-01,2,2,36315
88,3,2024-06,4,4,58481
88,4,2023-01,7,3,42260
88,5,2023-04,3,2,34478
88,5,2023-07,10,6,79896
88,5,2025-09,10,8,136425
88,6,2025-05,5,7,114622
88,6,2026-02,2,2,31073
89,1,2023-07,2,2,15232
89,1,2026-01,3,3,29378
89,2,2024-02,5,3,22771
89,2,2025-08,10,11,104308
89,2,2026-04,7,3,30556
89,4,2023-03,2,2,20654
89,4,2023-10,15,12,102439
89,5,2023-02,2,2,17313
89,5,2023-05,2,1,7369
89,5,2023-09,2,4,29081
89,5,2024-01,10,10,89770
89,5,2024-06,2,1,6584
89,5,2024-10,3,2,17218
89,6,2023-03,10,12,103272
89,6,2025-03,5,5,50769
90,1,2024-09,4,3,31217
90,1,2025-02,2,2,24750
90,1,2026-05,1,1,11488
90,3,2024-01,15,11,110006
90,4,2024-09,2,2,15609
90,4,2025-09,2,2,18284
90,6,2026-01,2,2,21718
90,6,2026-02,10,12,144813
90,6,2026-07,2,2,24087
90,6,2026-08,1,0,5939
91,1,2023-08,1,0,3439
91,2,2025-04,15,9,99360
91,2,2025-12,5,6,71380
91,3,2024-06,2,1,13479
91,3,2025-05,10,6,66020
91,3,2025-09,7,11,116496
91,3,2026-08,2,2,22448
91,4,2023-02,2,1,9987
91,4,2026-06,1,2,18602
91,5,2024-09,15,14,141207
91,6,2023-12,2,3,26025
91,6,2024-04,1,1,11196
91,6,2025-04,2,1,13248
91,6,2025-08,10,5,59585
91,6,2026-02,4,3,38671
92,1,2023-05,10,12,124269
92,1,2023-08,10,10,106040
92,1,2023-11,2,2,24245
92,1,2024-01,4,3,34624
92,1,2024-04,4,4,48864
92,1,2024-10,15,16,188173
92,2,2023-09,4,3,31088
92,2,2024-02,7,6,69484
92,2,2024-04,2,2,24432
92,2,2026-07,2,1,17265
92,3,2025-07,2,2,29149
92,4,2025-09,4,4,48907
92,5,2024-08,5,4,50456
92,5,2025-05,2,2,25079
92,6,2023-01,2,1,7513
92,6,2024-02,7,6,69484
92,6,2025-11,5,5,65942
93,1,2023-07,2,1,5701
93,1,2024-03,1,1,5569
93,2,2026-01,2,2,15408
93,3,2023-08,1,1,4648
93,3,2025-09,5,3,25888
93,3,2025-10,2,2,16151
93,4,2023-07,10,4,28505
93,4,2023-11,3,4,30422
93,4,2024-03,1,1,5569
93,4,2025-07,1,1,5431
93,4,2026-06,2,2,15408
93,5,2023-03,10,14,101080
93,5,2023-07,1,0,2851
93,5,2024-08,3,2,16103
93,6,2026-07,4,3,25045
94,1,2023-05,7,8,58970
94,1,2024-08,2,1,11964
94,1,2024-11,1,0,3602
94,1,2025-01,5,2,20618
94,2,2023-06,2,1,9358
94,2,2026-08,4,2,16564
94,4,2023-06,4,2,18715
94,4,2025-07,7,4,33482
94,5,2023-07,15,8,61123
94,5,2023-11,10,7,54744
94,5,2026-01,2,3,30155
94,5,2026-02,4,3,27493
94,5,2026-08,5,2,20705
94,6,2024-05,15,15,123479
94,6,2025-02,2,2,14591
95,1,2023-06,10,2,17492
95,1,2023-07,5,4,37396
95,1,2025-09,1,1,14364
95,1,2025-11,4,3,37488
95,1,2026-06,2,3,34387
95,2,2024-03,3,3,28468
95,2,2024-05,2,1,13287
95,2,2026-04,2,1,14890
95,3,2023-02,4,2,22496
95,3,2024-01,1,1,6703
95,3,2025-01,2,2,24563
95,4,2023-01,7,11,118330
95,4,2024-03,1,1,9489
95,4,2024-06,15,12,138036
95,4,2026-05,5,4,53954
95,5,2023-01,15,25,253564
95,5,2024-03,7,6,66425
95,5,2024-10,2,2,26062
95,5,2025-06,7,9,114065
95,6,2023-05,15,22,229248
95,6,2023-12,4,3,27720
95,6,2024-08,4,4,46583
96,1,2023-01,4,1,19451
96,1,2023-12,1,1,11337
96,1,2024-09,3,3,51293
96,1,2025-07,7,2,30894
96,1,2025-10,15,16,284733
96,2,2023-03,4,3,42663
96,2,2023-07,3,1,18748
96,2,2023-08,5,2,27077
96,2,2023-09,3,1,18667
96,2,2025-01,7,6,109245
96,4,2023-02,10,10,152695
96,4,2023-04,2,3,40015
96,4,2025-12,4,4,69271
96,5,2023-06,2,2,26331
96,5,2024-05,15,16,269520
96,5,2024-08,4,3,50298
96,6,2023-07,10,4,62492
96,6,2023-10,4,6,95139
96,6,2025-01,2,2,31213
96,6,2025-11,5,7,122155
97,1,2025-09,15,13,216763
97,1,2026-03,4,6,103543
97,2,2023-08,2,1,12893
97,2,2024-01,4,4,64391
97,2,2024-11,2,1,22522
97,3,2026-04,5,4,75283
97,4,2023-01,2,2,24436
97,4,2024-08,15,13,201778
97,4,2026-01,5,7,119730
97,5,2023-06,5,2,32077
97,5,2024-10,5,8,121768
97,6,2023-07,15,8,113986
97,6,2024-06,2,1,11730
97,6,2024-12,7,7,113828
97,6,2025-11,2,1,23553
98,1,2024-09,4,3,43311
98,1,2025-12,7,8,134681
98,2,2025-08,2,2,29715
98,3,2024-03,4,4,55645
98,3,2025-08,3,3,44572
98,3,2025-10,3,3,43863
98,3,2026-08,7,6,109420
98,5,2023-08,1,0,4800
98,5,2024-05,2,3,45564
98,5,2026-01,2,2,30219
98,5,2026-02,4,2,36609
98,6,2023-07,1,1,9375
99,1,2026-03,15,14,139584
99,2,2025-07,1,1,6965
99,3,2024-03,2,3,23811
99,3,2026-04,2,1,13260
99,4,2023-07,2,2,15186
99,4,2025-06,2,1,12693
99,4,2025-07,4,3,27861
99,5,2023-09,5,2,15574
99,5,2024-09,3,2,16646
99,6,2023-02,2,1,7671
99,6,2023-12,5,4,29677
99,6,2025-07,10,8,69651
99,6,2025-12,7,5,49178
99,6,2026-08,15,10,95874
100,2,2023-09,5,7,110506
100,2,2025-10,15,17,316302
100,3,2023-06,5,4,64826
100,3,2025-09,4,2,39944
100,6,2023-05,4,3,52010
100,6,2023-06,1,1,12965
100,6,2024-08,4,2,30317
100,6,2024-09,2,2,30018
100,6,2026-02,4,5,106052
101,1,2023-11,4,5,38520
101,1,2024-02,4,3,22632
101,1,2024-09,2,3,23464
101,1,2024-12,7,11,97432
101,1,2025-05,3,3,27575
101,1,2025-09,10,6,52477
101,1,2025-11,5,5,45844
101,2,2023-01,4,3,22048
101,2,2024-12,1,2,13919
101,2,2025-07,2,1,7244
101,2,2025-10,5,6,51409
101,3,2024-05,7,6,48886
101,3,2024-07,2,1,11396
101,3,2025-06,10,4,38339
101,3,2025-10,3,3,30846
101,3,2025-12,4,4,35399
101,3,2026-03,2,2,20634
101,3,2026-07,2,1,10949
101,4,2023-06,4,5,40224
101,4,2024-01,3,4,32178
101,4,2024-12,4,6,55675
101,4,2025-04,1,1,9957
101,4,2026-04,7,7,66485
101,4,2026-05,3,3,26719
101,5,2025-09,2,1,10495
102,1,2023-09,10,12,167027
102,1,2024-06,1,1,8190
102,1,2025-09,15,16,249266
102,2,2023-04,2,1,18462
102,2,2023-06,2,1,18155
102,2,2023-11,15,13,173324
102,2,2025-01,5,6,92616
102,3,2023-07,1,0,3210
102,4,2024-02,2,2,26480
102,4,2026-04,7,7,108790
102,5,2024-09,2,1,18735
102,5,2025-02,10,8,122582
102,5,2025-05,15,8,125414
102,5,2026-03,1,2,28619
102,5,2026-07,7,8,128142
102,6,2023-10,7,7,97022
102,6,2024-01,15,8,121015
102,6,2025-03,2,3,41679
102,6,2025-10,15,16,248400
102,6,2026-02,1,1,17098
102,6,2026-05,2,2,25209
103,1,2023-07,1,1,8663
103,2,2023-03,10,8,112871
103,2,2024-02,7,7,108743
103,2,2024-11,7,7,104583
103,3,2023-10,7,9,134491
103,3,2025-11,4,5,80989
103,3,2026-01,15,15,282276
103,4,2023-03,7,5,79010
103,4,2023-12,3,3,37034
103,4,2026-08,2,1,18165
103,5,2023-09,4,2,24189
103,5,2023-11,2,2,27903
103,5,2024-12,7,8,121252
103,5,2025-08,3,1,24780
103,6,2024-06,15,6,88855
103,6,2024-11,1,1,14940
103,6,2025-02,4,2,43057
103,6,2026-01,3,3,56455
103,6,2026-06,3,3,51217
104,1,2023-04,2,2,32893
104,1,2026-05,10,9,183190
104,2,2025-11,7,9,162986
104,3,2024-12,4,2,37352
104,3,2025-08,2,2,33445
104,4,2023-08,2,2,38492
104,4,2023-10,15,12,192958
104,4,2024-02,5,4,66502
104,4,2024-08,1,1,9073
104,4,2026-03,4,7,138086
104,5,2024-08,2,1,18145
104,5,2025-09,15,17,308524
105,1,2024-02,4,8,153550
105,1,2024-03,10,7,132379
105,2,2026-05,15,18,426198
105,3,2023-04,7,5,86125
105,3,2025-04,3,3,68240
105,3,2025-06,2,1,15478
105,4,2023-04,2,1,24607
105,5,2023-11,2,1,20996
105,5,2026-04,1,1,21182
105,6,2023-02,10,5,83792
105,6,2024-01,4,2,49418
105,6,2026-06,5,6,133331
106,1,2024-07,7,4,45853
106,1,2024-11,15,9,92381
106,1,2025-10,3,3,36264
106,1,2026-03,3,4,50686
106,1,2026-05,10,7,87607
106,2,2024-01,10,6,65197
106,2,2025-09,15,19,211406
106,2,2026-04,1,1,12734
106,3,2025-12,15,22,247417
106,3,2026-01,7,6,72414
106,4,2023-09,5,9,86239
106,4,2026-02,5,8,90105
106,5,2023-04,2,2,15294
106,5,2024-04,7,6,64691
106,5,2026-07,15,8,94127
106,6,2024-07,2,1,13101
106,6,2026-08,5,6,69892
107,1,2023-06,4,2,18971
107,1,2024-10,3,3,25602
107,1,2025-03,10,10,99800
107,1,2025-06,1,1,5389
107,1,2025-09,10,9,97390
107,1,2025-11,2,2,19504
107,2,2023-02,1,1,6586
107,3,2024-03,2,2,21330
107,4,2026-07,3,2,22462
107,5,2024-05,2,2,15249
107,5,2025-07,3,1,14337
107,6,2026-05,2,2,22209
107,6,2026-06,5,5,50960
108,1,2024-04,1,1,19632
108,1,2024-06,1,0,8978
108,1,2025-07,2,2,31465
108,2,2023-09,2,2,31379
108,2,2025-01,7,5,104692
108,3,2025-03,5,6,132284
108,3,2025-09,5,6,120534
108,4,2023-07,2,2,36706
108,4,2024-05,3,2,34574
108,5,2025-12,3,4,77180
108,5,2026-07,2,1,30068
108,6,2024-03,4,3,55668
108,6,2024-05,2,1,23049
108,6,2026-02,3,3,65461
109,1,2023-01,4,3,23881
109,1,2023-03,1,1,5141
109,1,2023-06,2,1,9402
109,2,2023-03,1,1,5141
109,2,2023-06,15,9,70514
109,2,2023-07,4,3,26999
109,2,2024-05,4,3,30519
109,3,2024-02,3,4,32066
109,4,2025-02,10,7,63834
109,4,2025-03,10,9,84740
109,4,2026-05,2,2,21216
109,5,2024-02,2,2,21377
109,5,2024-04,7,5,39582
109,5,2025-05,5,6,54733
109,6,2023-03,5,3,25706
109,6,2024-12,15,15,127961
109,6,2025-07,2,2,18262
110,1,2025-05,2,1,25936
110,1,2026-03,5,6,108780
110,2,2023-08,5,3,46946
110,2,2024-04,1,1,16467
110,3,2025-07,1,0,9081
110,3,2025-12,4,5,99478
110,5,2025-08,15,8,158562
110,5,2025-12,15,20,373041
110,5,2026-04,2,2,40511
110,6,2023-01,10,3,44080
111,1,2023-09,4,4,69870
111,1,2025-03,2,2,39338
111,1,2025-10,2,2,47523
111,1,2026-05,5,4,90614
111,1,2026-06,4,2,46457
111,2,2023-10,3,3,51804
111,2,2024-07,5,1,25616
111,3,2025-07,10,6,117764
111,4,2023-02,4,2,42131
111,4,2025-06,5,5,102365
111,4,2025-07,2,1,23553
111,4,2026-04,3,4,88232
111,5,2024-05,4,2,43193
111,6,2023-02,1,1,10533
111,6,2024-06,10,9,171495
111,6,2025-09,1,1,25954
111,6,2025-11,3,3,52329
111,6,2026-01,2,2,47408
112,1,2024-05,1,0,8706
112,1,2025-05,7,7,152216
112,1,2025-11,3,2,43242
112,2,2023-01,15,8,140621
112,2,2025-07,3,1,17846
112,2,2025-11,1,1,14414
112,3,2024-02,10,10,196853
112,3,2026-03,5,4,95239
112,4,2023-09,4,3,54851
112,4,2024-05,15,7,130591
112,4,2025-03,10,11,223055
112,4,2026-06,2,1,30148
112,5,2024-12,1,1,23852
112,5,2025-12,7,14,283676
112,5,2026-03,15,13,285716
112,6,2023-07,1,0,2246
113,1,2023-09,10,26,94585
113,1,2024-02,3,7,29191
113,1,2026-03,1,3,15429
113,2,2024-03,1,3,10674
113,2,2024-06,2,2,8750
113,2,2024-08,4,16,61434
113,2,2025-06,2,2,9730
113,2,2026-01,5,11,51083
113,3,2024-07,1,2,6209
113,3,2025-01,15,23,97772
113,3,2025-06,10,11,48650
113,4,2025-04,2,4,16183
113,5,2023-08,5,7,24420
113,5,2023-12,5,14,51731
113,5,2024-11,10,18,70707
113,5,2025-12,3,6,26969
113,6,2023-04,15,33,119756
113,6,2023-12,5,14,51731
113,6,2024-05,1,2,9365
113,6,2024-12,3,7,28743
113,6,2026-08,3,4,17343
114,1,2023-09,3,4,21274
114,1,2024-04,3,4,27346
114,1,2025-03,7,25,166757
114,1,2025-09,1,3,17689
114,2,2024-08,1,2,11347
114,2,2026-04,1,2,11482
114,3,2024-01,7,11,66298
114,3,2025-06,1,3,17930
114,3,2025-07,10,26,170544
114,3,2026-08,7,17,116613
114,4,2024-02,2,4,23002
114,4,2026-06,4,4,28286
114,5,2023-11,7,19,105592
114,5,2024-07,3,5,29041
114,5,2025-06,7,19,125509
114,6,2023-09,2,2,14183
115,1,2023-03,10,18,50785
115,1,2024-06,1,2,6871
115,1,2025-02,10,20,63591
115,1,2026-02,4,11,36754
115,2,2024-04,2,5,15715
115,2,2024-10,2,3,8414
115,2,2026-02,2,5,18377
115,2,2026-06,10,30,100029
115,3,2023-02,1,2,6229
115,3,2023-08,2,4,9766
115,3,2025-03,2,7,21008
115,3,2026-04,3,10,35862
115,4,2023-12,10,16,43790
115,5,2024-02,3,4,11037
115,5,2026-01,15,40,134944
115,6,2024-06,2,5,13742
116,1,2023-01,2,3,8673
116,1,2023-03,3,7,21843
116,1,2024-05,4,9,32102
116,1,2024-08,2,4,12836
116,2,2024-04,2,5,17140
116,3,2024-08,1,2,6418
116,4,2023-03,5,11,36405
116,4,2024-05,2,5,16051
116,4,2026-04,1,3,11542
116,5,2025-01,5,9,34295
116,5,2026-06,7,20,80378
116,6,2024-06,2,3,9444
116,6,2024-07,15,37,126562
116,6,2026-01,7,21,86871
117,1,2023-11,3,6,18958
117,1,2024-12,2,4,13121
117,1,2025-04,5,11,46904
117,2,2023-01,1,1,4821
117,2,2023-07,3,4,12336
117,2,2025-10,1,3,13569
117,2,2026-05,4,7,31438
117,3,2023-02,1,3,11578
117,3,2025-06,2,4,15062
117,3,2026-02,4,10,44787
117,4,2023-10,2,4,15258
117,4,2024-12,15,26,98404
117,4,2025-01,15,38,153654
117,4,2026-04,2,4,18658
117,5,2024-09,5,9,33929
117,6,2023-07,2,2,8224
117,6,2024-07,2,2,8877
118,1,2023-06,7,22,88652
118,1,2023-09,15,21,85302
118,2,2024-04,15,44,197960
118,2,2025-02,15,23,111807
118,3,2023-03,7,17,69853
118,3,2023-10,2,8,31058
118,3,2024-03,2,8,33212
118,3,2024-04,7,21,92381
118,3,2024-12,10,16,70739
118,3,2025-03,7,21,101985
118,3,2025-04,15,34,160926
118,3,2025-06,15,18,84763
118,3,2025-10,15,37,179015
118,4,2025-05,5,9,41410
118,5,2023-07,2,3,11317
118,5,2024-06,10,22,100252
118,5,2026-02,10,26,131269
118,6,2023-01,2,3,13588
118,6,2023-07,1,1,5658
118,6,2023-12,3,8,32811
118,6,2024-05,1,1,6343
118,6,2024-07,2,2,10785
118,6,2024-10,7,22,98471
118,6,2025-01,7,12,56416
119,1,2024-06,15,18,94520
119,1,2025-09,7,18,100450
119,2,2023-10,2,4,17515
119,2,2023-11,4,13,59787
119,2,2024-06,7,9,44109
119,3,2025-03,15,39,213821
119,3,2025-09,15,38,215250
119,3,2026-06,4,7,44732
119,4,2023-06,1,1,6112
119,4,2024-02,1,2,8786
119,4,2025-10,5,7,40670
119,6,2025-04,15,36,200505
119,6,2025-07,2,3,18107
120,1,2023-03,7,17,54932
120,1,2023-07,7,6,17334
120,1,2023-12,5,9,29783
120,1,2024-05,10,19,64395
120,2,2023-10,2,6,19393
120,2,2026-01,15,34,138356
120,3,2023-04,15,17,54930
120,3,2025-11,2,6,21631
120,4,2023-05,5,11,35627
120,4,2024-08,3,8,27190
120,4,2025-01,7,18,67452
120,4,2025-11,2,6,21631
120,5,2023-08,15,40,127287
120,5,2025-04,2,5,20148
120,5,2026-08,7,14,55909
120,6,2024-02,10,17,59258
120,6,2025-10,5,10,36112
120,6,2026-07,4,8,30562
121,1,2025-01,15,40,201649
121,2,2025-02,7,12,60211
121,2,2025-03,5,11,53828
121,2,2025-04,5,12,60637
121,2,2025-05,5,13,65218
121,2,2026-01,4,8,41869
121,2,2026-07,10,16,85314
121,3,2026-08,2,4,22997
121,4,2024-01,15,17,82425
121,4,2024-04,3,8,36503
121,4,2024-06,15,20,94755
121,4,2024-12,3,5,23660
121,5,2024-06,7,9,44219
121,5,2025-03,1,2,10766
121,5,2025-06,3,6,31248
121,5,2026-05,15,32,174998
121,6,2023-02,2,3,15052
121,6,2025-04,2,5,24255
121,6,2025-06,4,8,41665
122,1,2025-05,1,2,14868
122,2,2024-10,2,6,37276
122,2,2025-03,7,14,95858
122,2,2026-05,1,3,23082
122,3,2023-07,2,2,10833
122,3,2025-03,5,10,68470
122,4,2023-03,15,36,210408
122,4,2024-09,15,61,385956
122,4,2024-12,15,24,156218
122,6,2023-04,3,6,34421
122,6,2026-05,4,12,92327
123,1,2025-02,15,28,112042
123,1,2025-06,2,2,9805
123,2,2023-12,7,19,64531
123,2,2024-02,10,13,47456
123,2,2026-03,15,50,212844
123,3,2025-01,1,3,10797
123,3,2026-04,2,4,18689
123,4,2024-01,15,34,125239
123,4,2025-04,5,15,58905
123,4,2025-10,2,8,30151
123,4,2026-02,2,5,20411
123,5,2023-04,7,18,58932
123,5,2024-01,7,16,58445
123,5,2025-02,5,9,37347
123,6,2024-06,4,8,31041
123,6,2025-02,4,8,29878
124,1,2025-06,4,4,23231
124,2,2023-07,2,3,14182
124,2,2026-04,2,4,26409
124,3,2024-01,5,10,53947
124,3,2024-09,3,6,35172
124,3,2024-10,2,6,33244
124,3,2025-04,1,3,15790
124,4,2023-11,5,9,45244
124,4,2026-06,4,5,33775
124,5,2024-11,4,12,68534
124,5,2026-04,1,2,13204
124,6,2025-08,2,4,25762
124,6,2026-02,7,10,63288
124,6,2026-08,2,3,18545
125,1,2023-12,15,31,118872
125,1,2025-04,15,38,170909
125,2,2025-09,2,4,18283
125,2,2026-03,7,23,110448
125,3,2023-02,7,19,73614
125,3,2024-05,10,24,95334
125,3,2025-08,15,14,62653
125,4,2025-01,2,4,18970
125,5,2023-11,2,5,19541
125,5,2024-05,15,36,143001
125,5,2025-04,1,3,11394
125,5,2025-09,7,14,63990
125,6,2023-11,7,18,68395
126,1,2023-12,15,40,146747
126,1,2024-04,5,15,59248
126,1,2024-08,2,4,14730
126,1,2024-12,1,2,7816
126,1,2025-12,15,37,157589
126,3,2026-08,10,15,70045
126,5,2023-05,3,6,20613
126,5,2023-11,5,12,43378
126,5,2026-02,4,7,32853
126,6,2024-02,4,10,38079
126,6,2024-03,5,6,25698
127,1,2023-03,4,12,190854
127,1,2024-09,15,21,362694
127,1,2024-11,3,5,77253
127,1,2025-01,2,4,80900
127,1,2025-08,15,14,250466
127,2,2023-04,1,1,20605
127,2,2026-08,7,11,211864
127,3,2023-06,1,2,24997
127,3,2026-08,2,3,60533
127,4,2023-06,4,6,99988
127,4,2025-04,4,9,159186
127,4,2025-08,2,2,33395
127,5,2023-09,2,2,31175
127,5,2025-04,2,4,79593
127,5,2025-05,1,2,39208
127,6,2023-10,10,16,254976
127,6,2026-07,7,10,190495
128,1,2023-06,7,9,141961
128,1,2025-02,7,10,178622
128,2,2024-04,3,5,90978
128,2,2024-08,10,12,198225
128,2,2025-10,15,30,535094
128,3,2026-03,2,3,62926
128,3,2026-06,5,8,148958
128,4,2023-11,4,7,104777
128,4,2024-01,2,3,45859
128,5,2023-02,1,2,26475
128,5,2023-06,10,13,202801
128,5,2023-10,5,7,114063
128,5,2025-02,15,21,382761
128,5,2026-04,4,8,162434
128,6,2026-08,7,12,233655
129,1,2023-11,2,3,46650
129,1,2024-06,10,14,237368
129,1,2024-12,1,2,38367
129,1,2025-08,5,9,160166
129,2,2023-02,1,2,25348
129,2,2023-05,2,3,38478
129,2,2023-09,7,8,113161
129,3,2023-01,1,2,32266
129,3,2024-06,15,22,356052
129,4,2023-03,3,4,63344
129,4,2024-04,5,10,162793
129,4,2025-02,2,4,68634
129,4,2025-09,2,3,54430
129,4,2025-10,2,4,78123
129,5,2024-09,5,7,116491
129,5,2024-12,2,5,76733
129,5,2025-07,4,3,57931
129,6,2023-08,4,4,59311
129,6,2025-06,15,21,375350
129,6,2025-07,1,1,14483
129,6,2025-11,2,4,67925
129,6,2026-03,10,19,354545
130,1,2023-01,5,8,150372
130,2,2023-07,10,5,87180
130,2,2025-03,1,2,35890
130,2,2025-05,2,3,70496
130,3,2023-04,3,6,125623
130,3,2025-07,4,4,96412
130,4,2023-11,2,3,57203
130,4,2024-11,10,14,301171
130,4,2024-12,5,7,152632
130,5,2024-05,10,9,178828
130,5,2026-06,1,1,28259
130,6,2023-05,7,11,212010
130,6,2023-06,15,18,349092
130,6,2025-01,5,6,133744
130,6,2025-04,3,3,60813
130,6,2026-06,4,5,113034
131,1,2025-03,15,26,274774
131,2,2023-05,1,1,8369
131,2,2023-12,15,33,289557
131,2,2025-09,10,13,133509
131,3,2024-03,10,21,202608
131,3,2024-07,1,1,6120
131,4,2023-02,2,2,21179
131,4,2023-06,10,10,91150
131,4,2024-11,4,6,57715
131,4,2025-07,7,8,85239
131,6,2023-12,3,7,57911
131,6,2025-07,10,12,121770
132,1,2023-02,4,6,81320
132,1,2023-05,2,4,46702
132,1,2023-07,5,4,58193
132,1,2025-07,10,11,166626
132,2,2026-02,4,6,101240
132,3,2025-01,4,9,142972
132,3,2026-06,7,11,180244
132,4,2025-03,1,2,29652
132,5,2023-07,4,4,46555
132,5,2024-11,5,6,91436
132,6,2023-12,5,7,91336
132,6,2024-03,7,11,151773
133,1,2023-09,3,5,43312
133,1,2025-11,7,15,140499
133,2,2023-09,5,9,72187
133,3,2023-08,5,5,41249
133,3,2025-08,2,3,27536
133,3,2025-09,3,5,51632
133,4,2024-01,10,19,163461
133,4,2024-03,2,4,36568
133,5,2025-11,4,8,80285
133,5,2026-02,4,10,99567
133,6,2023-02,2,3,22230
133,6,2023-05,5,4,35170
133,6,2023-08,1,1,8250
133,6,2026-06,5,7,71293
134,1,2023-12,7,13,143985
134,1,2026-08,7,12,181040
134,2,2024-11,10,16,201986
134,2,2026-02,4,6,85238
134,3,2023-02,5,7,78419
134,3,2025-08,1,2,21237
134,3,2026-01,5,6,89969
134,4,2025-01,15,38,497933
134,5,2024-07,10,10,124830
134,6,2023-04,2,2,18519
134,6,2024-04,15,34,416036
134,6,2024-08,10,10,130768
134,6,2025-03,1,3,38247
134,6,2025-05,4,8,112569
135,1,2023-04,2,3,26115
135,1,2025-08,7,9,101870
135,1,2026-01,1,2,23409
135,2,2023-05,7,9,81951
135,2,2024-04,5,8,81365
135,2,2025-07,1,1,13069
135,2,2026-02,10,17,198063
135,3,2024-08,15,16,158280
135,3,2025-07,15,18,196029
135,4,2023-06,15,19,181819
135,4,2023-10,2,3,32705
135,4,2023-11,7,13,124711
135,4,2024-08,3,3,31656
135,4,2024-09,4,7,71543
135,4,2026-07,4,8,95262
135,6,2024-11,2,4,38864
135,6,2025-12,2,4,43024
136,1,2025-02,10,16,218305
136,1,2025-09,2,4,60325
136,2,2025-09,2,4,60325
136,2,2026-03,4,10,148802
136,3,2025-11,1,2,24056
136,4,2023-02,2,4,42874
136,4,2023-11,15,21,250838
136,4,2025-11,15,26,360842
136,4,2026-01,3,5,67633
136,5,2023-01,3,6,68885
137,1,2023-02,15,13,56825
137,1,2023-12,10,16,70220
137,1,2024-10,10,10,47640
137,1,2026-08,7,8,43284
137,2,2023-08,2,2,7969
137,3,2024-06,1,1,2837
137,4,2023-01,10,16,70070
137,4,2026-05,1,1,7460
137,5,2024-01,2,3,15788
137,5,2024-09,1,1,4230
137,5,2025-01,10,18,94542
137,6,2023-01,7,11,49049
137,6,2023-07,5,5,21200
137,6,2024-07,4,7,31484
137,6,2024-09,1,1,4230
137,6,2025-11,5,8,43848
137,6,2026-04,1,3,16426
138,1,2023-10,15,16,76671
138,1,2024-04,7,10,52560
138,1,2026-06,2,2,14562
138,2,2023-07,15,12,59665
138,2,2024-02,1,1,7483
138,2,2024-06,1,1,6188
138,2,2026-03,4,7,42562
138,2,2026-08,15,21,127274
138,3,2024-11,3,4,18563
138,3,2025-05,3,4,21276
138,4,2023-08,4,4,18568
138,4,2024-07,2,2,12716
138,4,2026-04,1,2,12080
138,4,2026-05,4,8,45913
138,4,2026-07,4,6,37862
138,6,2025-08,3,6,33135
138,6,2026-01,10,21,126627
139,1,2023-07,3,3,21950
139,1,2024-11,7,10,89965
139,1,2025-03,10,20,184007
139,1,2025-05,7,12,110282
139,1,2025-09,3,4,32827
139,1,2026-08,5,5,44420
139,2,2023-07,2,2,14633
139,2,2024-01,4,6,51361
139,3,2023-07,5,5,36583
139,4,2024-06,4,4,35216
139,4,2024-07,3,5,40383
139,4,2025-03,7,14,128805
139,4,2026-01,2,3,28000
139,4,2026-05,4,7,65262
139,5,2024-09,2,3,22623
139,5,2025-07,7,7,67146
139,5,2025-09,2,2,21885
139,6,2025-02,4,5,48671
139,6,2025-12,3,9,77521
139,6,2026-08,2,2,17768
140,1,2026-02,7,11,60338
140,2,2024-03,7,10,44986
140,2,2026-06,1,2,9444
140,3,2026-03,2,5,24361
140,4,2023-03,7,8,34565
140,4,2024-03,1,1,6427
140,4,2025-04,7,14,69088
140,4,2026-04,4,5,29152
140,5,2024-11,1,2,8111
140,5,2026-03,5,11,60902
140,6,2026-03,10,23,121804
141,1,2025-03,4,6,31044
141,1,2026-07,10,11,59639
141,2,2023-01,2,3,11864
141,2,2024-06,1,1,5569
141,2,2024-12,1,2,7303
141,3,2024-09,10,17,81617
141,4,2025-08,5,9,47128
141,4,2025-10,4,8,40171
141,4,2025-12,4,6,27354
141,4,2026-08,2,3,13939
141,5,2023-02,4,3,12907
141,5,2023-10,2,4,15139
141,5,2023-11,1,1,5148
141,5,2024-06,10,12,55694
141,5,2024-08,5,3,15975
141,5,2025-06,7,4,20859
141,5,2026-02,5,8,42957
141,6,2023-02,7,5,22588
141,6,2024-10,3,6,27459
141,6,2025-03,3,5,23283
142,1,2023-10,2,2,18100
142,1,2024-03,4,6,54226
142,1,2025-12,2,5,44682
142,1,2026-01,1,1,9620
142,1,2026-06,4,4,39553
142,3,2023-05,2,2,15911
142,4,2025-05,5,10,93587
142,4,2025-06,15,12,109428
142,5,2025-07,1,1,8640
142,5,2026-07,1,1,14423
142,5,2026-08,3,4,36561
143,1,2024-03,15,40,319640
143,1,2024-04,4,5,40371
143,1,2024-12,2,4,29502
143,1,2026-01,10,15,136915
143,2,2023-06,10,10,74788
143,2,2025-12,4,6,52641
143,2,2026-03,10,23,208195
143,3,2023-05,4,6,42640
143,3,2026-08,1,2,14511
143,4,2026-01,5,8,68458
143,4,2026-03,2,5,41639
143,5,2023-04,2,3,23926
143,5,2025-07,15,21,174770
143,5,2026-08,2,3,29023
143,6,2023-08,1,1,7549
143,6,2024-04,5,6,50464
143,6,2024-07,4,6,47504
143,6,2026-02,15,20,186768
144,1,2024-06,7,4,29351
144,1,2025-01,7,13,95719
144,1,2026-03,7,15,124109
144,1,2026-07,15,14,112984
144,2,2023-03,2,2,14895
144,2,2023-12,3,5,31526
144,3,2023-01,7,6,35990
144,3,2026-04,4,6,46361
144,4,2025-03,10,18,139828
144,4,2025-09,10,12,88004
144,4,2025-11,15,25,191937
144,5,2023-12,5,8,52544
144,5,2024-11,4,5,36447
144,6,2023-02,10,14,89133
144,6,2023-05,15,14,94581
144,6,2025-02,10,14,104390
144,6,2025-09,10,12,88004
144,6,2025-10,2,5,39120
145,1,2024-07,10,13,110280
145,1,2024-10,3,5,38951
145,1,2025-11,1,2,16971
145,1,2025-12,7,13,116912
145,1,2026-01,7,6,63536
145,2,2024-10,10,15,129835
145,3,2024-11,4,12,100722
145,3,2025-03,2,3,29817
145,3,2025-09,3,3,26529
145,3,2025-10,4,7,67861
145,4,2024-04,1,2,13076
145,4,2025-06,3,5,43659
145,4,2026-04,10,12,119889
145,5,2023-08,1,1,8402
145,5,2025-02,1,1,13531
145,5,2025-08,5,7,63706
145,6,2023-05,2,2,16520
145,6,2024-09,5,8,66467
145,6,2025-10,1,2,16965
146,1,2023-07,7,5,35559
146,1,2026-06,2,2,20594
146,4,2023-10,2,2,17736
146,4,2024-05,2,2,19639
146,4,2025-05,15,19,169428
146,5,2023-03,7,11,85777
146,5,2025-03,1,1,12672
146,5,2025-09,5,6,58367
146,5,2026-02,2,3,33159
146,6,2023-08,10,17,131888
146,6,2024-05,1,1,9819
146,6,2025-03,5,7,63360
146,6,2025-06,5,7,62466
146,6,2026-08,7,11,101388
147,1,2023-12,2,2,16515
147,3,2025-03,3,5,39984
147,4,2025-07,1,2,13958
147,5,2025-09,2,3,21133
147,5,2025-11,2,4,32880
147,6,2025-11,1,2,16440
148,1,2023-12,3,4,26364
148,1,2025-11,5,9,78348
148,2,2024-03,15,24,183489
148,2,2025-09,5,9,71450
148,3,2023-10,5,6,43765
148,4,2024-08,10,15,114034
148,4,2025-09,5,9,71450
148,4,2025-10,1,2,17610
148,4,2026-03,4,6,53597
148,5,2023-06,10,9,64799
148,5,2023-11,7,8,55153
148,5,2024-12,1,2,15005
148,6,2024-02,5,5,42042
148,6,2025-07,1,1,8577
148,6,2026-04,7,10,94012
149,1,2023-02,5,6,44848
149,1,2024-06,3,2,19799
149,1,2025-04,1,1,8636
149,2,2023-04,7,14,102055
149,2,2025-07,2,3,22678
149,3,2023-09,2,3,23216
149,3,2024-05,4,7,55744
149,3,2024-09,3,5,36211
149,3,2026-04,3,4,40180
149,4,2024-11,2,3,24758
149,4,2025-11,5,11,95515
149,4,2026-02,4,5,49817
149,4,2026-07,2,3,29059
149,5,2023-05,2,3,23573
149,5,2025-04,3,3,25909
149,6,2024-09,2,3,24141
149,6,2025-06,5,5,46447
149,6,2026-06,2,2,21396
150,1,2023-12,3,6,25152
150,1,2024-05,3,2,11883
150,2,2023-11,2,3,12376
150,2,2024-04,5,10,46019
150,2,2025-04,4,9,44772
150,2,2025-11,10,19,100859
150,2,2026-02,15,26,148233
150,3,2024-11,5,12,59011
150,3,2025-10,10,20,102636
150,4,2023-06,3,2,7321
150,4,2026-05,2,2,13467
150,5,2023-05,10,8,34202
150,5,2024-09,7,8,40817
150,5,2025-09,10,15,76993
150,6,2023-03,2,2,9683
150,6,2026-05,7,8,47136
151,1,2023-12,3,2,13670
151,1,2025-08,3,3,21762
151,1,2025-12,7,11,70721
151,2,2023-05,10,12,67610
151,2,2023-11,4,5,28229
151,2,2024-07,2,1,7944
151,3,2023-07,2,1,6532
151,3,2024-07,2,1,7944
151,3,2025-09,10,13,84010
151,4,2024-07,5,3,19860
151,4,2026-05,4,6,40268
151,4,2026-08,7,10,67763
151,5,2023-05,3,4,20283
151,5,2024-02,1,2,9054
151,5,2025-05,4,4,28531
152,1,2023-06,4,4,17136
152,1,2023-07,2,1,4267
152,1,2024-02,2,2,8677
152,1,2026-03,7,13,62776
152,2,2023-10,7,18,70910
152,2,2024-08,5,5,23424
152,2,2026-08,2,3,13610
152,3,2024-07,4,6,24286
152,3,2024-10,15,26,112116
152,3,2024-11,4,8,36280
152,4,2023-11,2,4,14199
152,4,2024-02,10,10,43387
152,4,2024-05,10,11,48727
152,5,2023-07,4,2,8534
152,6,2023-03,2,4,17544
153,1,2023-03,3,5,32568
153,1,2026-03,2,3,30207
153,2,2023-10,2,4,30150
153,2,2024-08,15,17,128483
153,2,2026-05,1,2,13956
153,3,2023-08,10,10,73924
153,3,2023-09,4,6,42710
153,3,2023-10,1,2,15075
153,3,2024-08,15,17,128483
153,3,2026-05,2,3,27912
153,4,2024-09,7,9,70521
153,5,2023-03,4,6,43424
153,5,2023-10,1,2,15075
153,5,2024-07,2,2,14628
153,5,2026-06,5,7,60844
153,6,2023-08,2,2,14785
154,1,2023-12,15,23,104456
154,1,2024-12,5,9,42815
154,1,2025-12,4,7,35422
154,3,2024-05,5,6,27840
154,3,2025-07,4,4,19922
154,3,2025-09,2,3,14444
154,4,2025-10,3,5,28517
154,5,2025-11,10,21,111742
154,6,2023-05,1,1,4436
154,6,2024-08,7,7,36985
154,6,2024-09,7,11,54695
154,6,2026-03,15,30,174187
