id_client,nom,ville,type_client,plafond_credit
1,Client_0001,Bobo-Dioulasso,entreprise,500000
2,Client_0002,Ouagadougou,comptoir,500000
3,Client_0003,Koudougou,particulier,0
4,Client_0004,Bobo-Dioulasso,particulier,500000
5,Client_0005,Koudougou,particulier,0
6,Client_0006,Bobo-Dioulasso,particulier,1000000
7,Client_0007,Ouagadougou,particulier,0
8,Client_0008,Ouagadougou,particulier,50000
9,Client_0009,Ouagadougou,particulier,1000000
10,Client_0010,Bobo-Dioulasso,particulier,1000000
11,Client_0011,Bobo-Dioulasso,entreprise,0
12,Client_0012,Ouagadougou,particulier,1000000
13,Client_0013,Koudougou,particulier,100000
14,Client_0014,Ouagadougou,particulier,1000000
15,Client_0015,Bobo-Dioulasso,particulier,1000000
16,Client_0016,Bobo-Dioulasso,particulier,1000000
17,Client_0017,Bobo-Dioulasso,particulier,50000
18,Client_0018,Ouagadougou,particulier,1000000
19,Client_0019,Bobo-Dioulasso,particulier,500000
20,Client_0020,Ouagadougou,particulier,50000
21,Client_0021,Ouagadougou,comptoir,1000000
22,Client_0022,Bobo-Dioulasso,entreprise,0
23,Client_0023,Koudougou,comptoir,1000000
24,Client_0024,Bobo-Dioulasso,entreprise,0
25,Client_0025,Koudougou,comptoir,100000
26,Client_0026,Bobo-Dioulasso,particulier,100000
27,Client_0027,Bobo-Dioulasso,particulier,0
28,Client_0028,Ouagadougou,particulier,1000000
29,Client_0029,Koudougou,comptoir,500000
30,Client_0030,Ouagadougou,particulier,0
31,Client_0031,Koudougou,particulier,100000
32,Client_0032,Bobo-Dioulasso,particulier,0
33,Client_0033,Ouagadougou,particulier,100000
34,Client_0034,Ouagadougou,entreprise,1000000
35,Client_0035,Bobo-Dioulasso,particulier,0
36,Client_0036,Ouagadougou,particulier,0
37,Client_0037,Ouagadougou,particulier,500000
38,Client_0038,Bobo-Dioulasso,comptoir,500000
39,Client_0039,Bobo-Dioulasso,entreprise,500000
40,Client_0040,Ouagadougou,particulier,50000
41,Client_0041,Ouagadougou,comptoir,100000
42,Client_0042,Ouagadougou,particulier,100000
43,Client_0043,Koudougou,entreprise,1000000
44,Client_0044,Bobo-Dioulasso,particulier,1000000
45,Client_0045,Ouagadougou,entreprise,0
46,Client_0046,Bobo-Dioulasso,particulier,500000
47,Client_0047,Bobo-Dioulasso,particulier,50000
48,Client_0048,Ouagadougou,particulier,100000
49,Client_0049,Bobo-Dioulasso,particulier,100000
50,Client_0050,Bobo-Dioulasso,particulier,50000
51,Client_0051,Ouagadougou,comptoir,1000000
52,Client_0052,Bobo-Dioulasso,particulier,0
53,Client_0053,Ouagadougou,particulier,0
54,Client_0054,Bobo-Dioulasso,particulier,1000000
55,Client_0055,Ouagadougou,particulier,50000
56,Client_0056,Bobo-Dioulasso,entreprise,500000
57,Client_0057,Koudougou,entreprise,0
58,Client_0058,Bobo-Dioulasso,particulier,500000
59,Client_0059,Ouagadougou,particulier,500000
60,Client_0060,Bobo-Dioulasso,particulier,500000
61,Client_0061,Bobo-Dioulasso,particulier,50000
62,Client_0062,Bobo-Dioulasso,entreprise,500000
63,Client_0063,Ouagadougou,particulier,0
64,Client_0064,Ouagadougou,particulier,1000000
65,Client_0065,Bobo-Dioulasso,particulier,100000
66,Client_0066,Bobo-Dioulasso,entreprise,100000
67,Client_0067,Koudougou,particulier,100000
68,Client_0068,Bobo-Dioulasso,entreprise,100000
69,Client_0069,Ouagadougou,particulier,100000
70,Client_0070,Ouagadougou,particulier,100000
71,Client_0071,Bobo-Dioulasso,particulier,1000000
72,Client_0072,Koudougou,entreprise,500000
73,Client_0073,Bobo-Dioulasso,particulier,0
74,Client_0074,Bobo-Dioulasso,entreprise,100000
75,Client_0075,Koudougou,particulier,100000
76,Client_0076,Bobo-Dioulasso,particulier,0
77,Client_0077,Ouagadougou,particulier,100000
78,Client_0078,Ouagadougou,particulier,100000
79,Client_0079,Bobo-Dioulasso,particulier,500000
80,Client_0080,Bobo-Dioulasso,particulier,50000
81,Client_0081,Bobo-Dioulasso,entreprise,500000
82,Client_0082,Bobo-Dioulasso,particulier,0
83,Client_0083,Bobo-Dioulasso,particulier,500000
84,Client_0084,Koudougou,particulier,1000000
85,Client_0085,Koudougou,particulier,500000
86,Client_0086,Ouagadougou,comptoir,100000
87,Client_0087,Bobo-Dioulasso,entreprise,1000000
88,Client_0088,Ouagadougou,comptoir,1000000
89,Client_0089,Ouagadougou,particulier,0
90,Client_0090,Ouagadougou,entreprise,50000
91,Client_0091,Koudougou,comptoir,500000
92,Client_0092,Ouagadougou,particulier,500000
93,Client_0093,Koudougou,particulier,100000
94,Client_0094,Koudougou,comptoir,50000
95,Client_0095,Bobo-Dioulasso,particulier,50000
96,Client_0096,Bobo-Dioulasso,entreprise,0
97,Client_0097,Bobo-Dioulasso,entreprise,1000000
98,Client_0098,Bobo-Dioulasso,entreprise,500000
99,Client_0099,Ouagadougou,particulier,500000
100,Client_0100,Ouagadougou,particulier,0
101,Client_0101,Bobo-Dioulasso,particulier,1000000
102,Client_0102,Ouagadougou,entreprise,1000000
103,Client_0103,Ouagadougou,particulier,50000
104,Client_0104,Ouagadougou,entreprise,100000
105,Client_0105,Ouagadougou,particulier,1000000
106,Client_0106,Ouagadougou,particulier,50000
107,Client_0107,Ouagadougou,particulier,100000
108,Client_0108,Bobo-Dioulasso,particulier,1000000
109,Client_0109,Ouagadougou,particulier,0
110,Client_0110,Koudougou,particulier,1000000
111,Client_0111,Bobo-Dioulasso,entreprise,1000000
112,Client_0112,Bobo-Dioulasso,comptoir,50000
113,Client_0113,Ouagadougou,entreprise,1000000
114,Client_0114,Ouagadougou,particulier,500000
115,Client_0115,Bobo-Dioulasso,particulier,500000
116,Client_0116,Bobo-Dioulasso,particulier,50000
117,Client_0117,Bobo-Dioulasso,particulier,1000000
118,Client_0118,Koudougou,particulier,1000000
119,Client_0119,Bobo-Dioulasso,particulier,50000
120,Client_0120,Ouagadougou,entreprise,0
121,Client_0121,Koudougou,comptoir,0
122,Client_0122,Ouagadougou,particulier,100000
123,Client_0123,Bobo-Dioulasso,particulier,50000
124,Client_0124,Bobo-Dioulasso,comptoir,100000
125,Client_0125,Ouagadougou,particulier,1000000
126,Client_0126,Ouagadougou,comptoir,1000000
127,Client_0127,Bobo-Dioulasso,particulier,50000
128,Client_0128,Koudougou,particulier,50000
129,Client_0129,Ouagadougou,particulier,1000000
130,Client_0130,Bobo-Dioulasso,entreprise,100000
131,Client_0131,Ouagadougou,particulier,0
132,Client_0132,Koudougou,particulier,1000000
133,Client_0133,Ouagadougou,entreprise,1000000
134,Client_0134,Ouagadougou,particulier,1000000
135,Client_0135,Ouagadougou,entreprise,1000000
136,Client_0136,Koudougou,particulier,500000
137,Client_0137,Koudougou,particulier,100000
138,Client_0138,Ouagadougou,particulier,500000
139,Client_0139,Ouagadougou,particulier,0
140,Client_0140,Bobo-Dioulasso,particulier,0
141,Client_0141,Koudougou,particulier,50000
142,Client_0142,Koudougou,particulier,100000
143,Client_0143,Koudougou,particulier,0
144,Client_0144,Bobo-Dioulasso,entreprise,100000
145,Client_0145,Koudougou,entreprise,50000
146,Client_0146,Ouagadougou,particulier,100000
147,Client_0147,Bobo-Dioulasso,particulier,0
148,Client_0148,Ouagadougou,particulier,50000
149,Client_0149,Ouagadougou,comptoir,1000000
150,Client_0150,Ouagadougou,particulier,500000
151,Client_0151,Bobo-Dioulasso,particulier,0
152,Client_0152,Koudougou,particulier,50000
153,Client_0153,Ouagadougou,entreprise,1000000
154,Client_0154,Bobo-Dioulasso,particulier,100000
155,Client_0155,Bobo-Dioulasso,particulier,50000
156,Client_0156,Bobo-Dioulasso,particulier,100000
157,Client_0157,Koudougou,entreprise,500000
158,Client_0158,Koudougou,particulier,50000
159,Client_0159,Bobo-Dioulasso,particulier,500000
160,Client_0160,Ouagadougou,entreprise,500000
161,Client_0161,Bobo-Dioulasso,particulier,0
162,Client_0162,Bobo-Dioulasso,particulier,0
163,Client_0163,Ouagadougou,particulier,1000000
164,Client_0164,Ouagadougou,comptoir,500000
165,Client_0165,Ouagadougou,particulier,50000
166,Client_0166,Ouagadougou,comptoir,100000
167,Client_0167,Ouagadougou,particulier,1000000
168,Client_0168,Ouagadougou,entreprise,100000
169,Client_0169,Ouagadougou,entreprise,100000
170,Client_0170,Ouagadougou,particulier,50000
171,Client_0171,Bobo-Dioulasso,particulier,0
172,Client_0172,Ouagadougou,particulier,500000
173,Client_0173,Bobo-Dioulasso,particulier,50000
174,Client_0174,Bobo-Dioulasso,particulier,50000
175,Client_0175,Ouagadougou,particulier,0
176,Client_0176,Bobo-Dioulasso,particulier,100000
177,Client_0177,Koudougou,particulier,0
178,Client_0178,Ouagadougou,particulier,100000
179,Client_0179,Ouagadougou,entreprise,50000
180,Client_0180,Ouagadougou,entreprise,0
181,Client_0181,Ouagadougou,particulier,500000
182,Client_0182,Bobo-Dioulasso,particulier,0
183,Client_0183,Bobo-Dioulasso,entreprise,500000
184,Client_0184,Bobo-Dioulasso,particulier,0
185,Client_0185,Ouagadougou,particulier,500000
186,Client_0186,Bobo-Dioulasso,entreprise,500000
187,Client_0187,Ouagadougou,particulier,0
188,Client_0188,Ouagadougou,particulier,1000000
189,Client_0189,Bobo-Dioulasso,particulier,500000
190,Client_0190,Bobo-Dioulasso,entreprise,100000
191,Client_0191,Ouagadougou,particulier,0
192,Client_0192,Bobo-Dioulasso,particulier,50000
193,Client_0193,Ouagadougou,particulier,500000
194,Client_0194,Koudougou,comptoir,0
195,Client_0195,Ouagadougou,entreprise,1000000
196,Client_0196,Bobo-Dioulasso,entreprise,1000000
197,Client_0197,Ouagadougou,particulier,100000
198,Client_0198,Ouagadougou,particulier,50000
199,Client_0199,Koudougou,comptoir,1000000
200,Client_0200,Ouagadougou,entreprise,100000
201,Client_0201,Ouagadougou,particulier,50000
202,Client_0202,Bobo-Dioulasso,particulier,500000
203,Client_0203,Bobo-Dioulasso,comptoir,50000
204,Client_0204,Koudougou,particulier,500000
205,Client_0205,Bobo-Dioulasso,comptoir,100000
206,Client_0206,Ouagadougou,particulier,1000000
207,Client_0207,Ouagadougou,entreprise,0
208,Client_0208,Ouagadougou,entreprise,500000
209,Client_0209,Koudougou,entreprise,100000
210,Client_0210,Ouagadougou,particulier,0
211,Client_0211,Bobo-Dioulasso,entreprise,1000000
212,Client_0212,Ouagadougou,entreprise,0
213,Client_0213,Bobo-Dioulasso,particulier,100000
214,Client_0214,Ouagadougou,particulier,500000
215,Client_0215,Bobo-Dioulasso,particulier,50000
216,Client_0216,Koudougou,particulier,50000
217,Client_0217,Ouagadougou,entreprise,500000
218,Client_0218,Ouagadougou,particulier,50000
219,Client_0219,Ouagadougou,particulier,50000
220,Client_0220,Bobo-Dioulasso,particulier,100000
221,Client_0221,Koudougou,particulier,50000
222,Client_0222,Ouagadougou,particulier,100000
223,Client_0223,Bobo-Dioulasso,particulier,1000000
224,Client_0224,Koudougou,particulier,500000
225,Client_0225,Koudougou,entreprise,100000
226,Client_0226,Ouagadougou,particulier,500000
227,Client_0227,Koudougou,entreprise,50000
228,Client_0228,Bobo-Dioulasso,particulier,100000
229,Client_0229,Ouagadougou,comptoir,1000000
230,Client_0230,Ouagadougou,entreprise,100000
231,Client_0231,Bobo-Dioulasso,particulier,1000000
232,Client_0232,Koudougou,particulier,100000
233,Client_0233,Ouagadougou,particulier,100000
234,Client_0234,Bobo-Dioulasso,particulier,50000
235,Client_0235,Bobo-Dioulasso,entreprise,1000000
236,Client_0236,Ouagadougou,particulier,50000
237,Client_0237,Bobo-Dioulasso,particulier,500000
238,Client_0238,Ouagadougou,particulier,50000
239,Client_0239,Ouagadougou,particulier,500000
240,Client_0240,Ouagadougou,particulier,500000
241,Client_0241,Bobo-Dioulasso,particulier,500000
242,Client_0242,Bobo-Dioulasso,particulier,100000
243,Client_0243,Bobo-Dioulasso,particulier,50000
244,Client_0244,Ouagadougou,particulier,100000
245,Client_0245,Koudougou,particulier,100000
246,Client_0246,Ouagadougou,particulier,1000000
247,Client_0247,Ouagadougou,particulier,50000
248,Client_0248,Bobo-Dioulasso,particulier,500000
249,Client_0249,Ouagadougou,particulier,1000000
250,Client_0250,Ouagadougou,particulier,0
251,Client_0251,Bobo-Dioulasso,particulier,100000
252,Client_0252,Ouagadougou,particulier,100000
253,Client_0253,Bobo-Dioulasso,entreprise,50000
254,Client_0254,Ouagadougou,comptoir,0
255,Client_0255,Koudougou,particulier,50000
256,Client_0256,Ouagadougou,comptoir,1000000
257,Client_0257,Ouagadougou,comptoir,100000
258,Client_0258,Koudougou,entreprise,0
259,Client_0259,Bobo-Dioulasso,particulier,100000
260,Client_0260,Ouagadougou,comptoir,500000
261,Client_0261,Ouagadougou,particulier,100000
262,Client_0262,Koudougou,entreprise,50000
263,Client_0263,Ouagadougou,particulier,0
264,Client_0264,Bobo-Dioulasso,comptoir,0
265,Client_0265,Ouagadougou,particulier,0
266,Client_0266,Bobo-Dioulasso,particulier,1000000
267,Client_0267,Ouagadougou,particulier,1000000
268,Client_0268,Koudougou,entreprise,100000
269,Client_0269,Koudougou,particulier,100000
270,Client_0270,Ouagadougou,particulier,100000
271,Client_0271,Ouagadougou,particulier,0
272,Client_0272,Ouagadougou,particulier,0
273,Client_0273,Koudougou,entreprise,1000000
274,Client_0274,Ouagadougou,particulier,50000
275,Client_0275,Ouagadougou,entreprise,0
276,Client_0276,Bobo-Dioulasso,particulier,100000
277,Client_0277,Koudougou,particulier,500000
278,Client_0278,Ouagadougou,particulier,0
279,Client_0279,Bobo-Dioulasso,particulier,500000
280,Client_0280,Ouagadougou,particulier,0
281,Client_0281,Bobo-Dioulasso,particulier,1000000
282,Client_0282,Ouagadougou,particulier,500000
283,Client_0283,Koudougou,particulier,100000
284,Client_0284,Ouagadougou,particulier,500000
285,Client_0285,Koudougou,comptoir,50000
286,Client_0286,Ouagadougou,particulier,0
287,Client_0287,Koudougou,particulier,100000
288,Client_0288,Ouagadougou,particulier,500000
289,Client_0289,Bobo-Dioulasso,particulier,500000
290,Client_0290,Ouagadougou,particulier,50000
291,Client_0291,Ouagadougou,particulier,100000
292,Client_0292,Ouagadougou,particulier,1000000
293,Client_0293,Bobo-Dioulasso,particulier,50000
294,Client_0294,Bobo-Dioulasso,particulier,500000
295,Client_0295,Koudougou,entreprise,100000
296,Client_0296,Bobo-Dioulasso,entreprise,50000
297,Client_0297,Ouagadougou,entreprise,100000
298,Client_0298,Koudougou,particulier,500000
299,Client_0299,Koudougou,particulier,0
300,Client_0300,Koudougou,particulier,500000
301,Client_0301,Bobo-Dioulasso,particulier,0
302,Client_0302,Bobo-Dioulasso,particulier,1000000
303,Client_0303,Bobo-Dioulasso,particulier,500000
304,Client_0304,Ouagadougou,particulier,0
305,Client_0305,Bobo-Dioulasso,particulier,50000
306,Client_0306,Koudougou,particulier,50000
307,Client_0307,Ouagadougou,particulier,0
308,Client_0308,Bobo-Dioulasso,particulier,50000
309,Client_0309,Ouagadougou,particulier,1000000
310,Client_0310,Bobo-Dioulasso,particulier,500000
311,Client_0311,Bobo-Dioulasso,particulier,50000
312,Client_0312,Koudougou,entreprise,50000
313,Client_0313,Koudougou,entreprise,50000
314,Client_0314,Ouagadougou,particulier,50000
315,Client_0315,Ouagadougou,entreprise,0
316,Client_0316,Ouagadougou,particulier,0
317,Client_0317,Ouagadougou,particulier,0
318,Client_0318,Ouagadougou,entreprise,0
319,Client_0319,Ouagadougou,comptoir,100000
320,Client_0320,Koudougou,particulier,0
321,Client_0321,Koudougou,particulier,1000000
322,Client_0322,Bobo-Dioulasso,entreprise,50000
323,Client_0323,Koudougou,particulier,100000
324,Client_0324,Koudougou,entreprise,1000000
325,Client_0325,Ouagadougou,comptoir,50000
326,Client_0326,Bobo-Dioulasso,particulier,0
327,Client_0327,Bobo-Dioulasso,particulier,100000
328,Client_0328,Koudougou,entreprise,1000000
329,Client_0329,Bobo-Dioulasso,particulier,50000
330,Client_0330,Bobo-Dioulasso,entreprise,500000
331,Client_0331,Ouagadougou,particulier,50000
332,Client_0332,Ouagadougou,entreprise,1000000
333,Client_0333,Ouagadougou,entreprise,100000
334,Client_0334,Koudougou,particulier,500000
335,Client_0335,Ouagadougou,particulier,0
336,Client_0336,Bobo-Dioulasso,particulier,1000000
337,Client_0337,Bobo-Dioulasso,particulier,100000
338,Client_0338,Bobo-Dioulasso,entreprise,50000
339,Client_0339,Koudougou,particulier,1000000
340,Client_0340,Ouagadougou,particulier,50000
341,Client_0341,Ouagadougou,particulier,500000
342,Client_0342,Ouagadougou,particulier,0
343,Client_0343,Ouagadougou,particulier,0
344,Client_0344,Ouagadougou,particulier,100000
345,Client_0345,Bobo-Dioulasso,particulier,0
346,Client_0346,Bobo-Dioulasso,comptoir,100000
347,Client_0347,Koudougou,particulier,0
348,Client_0348,Koudougou,particulier,100000
349,Client_0349,Ouagadougou,particulier,500000
350,Client_0350,Koudougou,particulier,50000
351,Client_0351,Ouagadougou,comptoir,500000
352,Client_0352,Bobo-Dioulasso,particulier,100000
353,Client_0353,Koudougou,entreprise,0
354,Client_0354,Bobo-Dioulasso,particulier,0
355,Client_0355,Ouagadougou,particulier,100000
356,Client_0356,Koudougou,particulier,500000
357,Client_0357,Ouagadougou,comptoir,100000
358,Client_0358,Ouagadougou,comptoir,500000
359,Client_0359,Bobo-Dioulasso,particulier,1000000
360,Client_0360,Koudougou,entreprise,100000
361,Client_0361,Bobo-Dioulasso,entreprise,1000000
362,Client_0362,Ouagadougou,particulier,1000000
363,Client_0363,Bobo-Dioulasso,comptoir,0
364,Client_0364,Koudougou,particulier,500000
365,Client_0365,Ouagadougou,particulier,50000
366,Client_0366,Ouagadougou,particulier,500000
367,Client_0367,Ouagadougou,comptoir,100000
368,Client_0368,Ouagadougou,comptoir,0
369,Client_0369,Bobo-Dioulasso,particulier,0
370,Client_0370,Ouagadougou,particulier,1000000
371,Client_0371,Koudougou,particulier,50000
372,Client_0372,Ouagadougou,particulier,1000000
373,Client_0373,Koudougou,particulier,1000000
374,Client_0374,Koudougou,particulier,500000
375,Client_0375,Koudougou,comptoir,0
376,Client_0376,Ouagadougou,particulier,50000
377,Client_0377,Koudougou,particulier,1000000
378,Client_0378,Ouagadougou,particulier,0
379,Client_0379,Bobo-Dioulasso,particulier,500000
380,Client_0380,Ouagadougou,particulier,0
381,Client_0381,Bobo-Dioulasso,entreprise,1000000
382,Client_0382,Ouagadougou,particulier,100000
383,Client_0383,Bobo-Dioulasso,particulier,500000
384,Client_0384,Bobo-Dioulasso,particulier,0
385,Client_0385,Ouagadougou,particulier,100000
386,Client_0386,Bobo-Dioulasso,particulier,100000
387,Client_0387,Ouagadougou,particulier,50000
388,Client_0388,Ouagadougou,entreprise,500000
389,Client_0389,Koudougou,particulier,50000
390,Client_0390,Ouagadougou,particulier,1000000
391,Client_0391,Ouagadougou,entreprise,1000000
392,Client_0392,Ouagadougou,particulier,500000
393,Client_0393,Bobo-Dioulasso,particulier,500000
394,Client_0394,Bobo-Dioulasso,particulier,0
395,Client_0395,Ouagadougou,comptoir,1000000
396,Client_0396,Koudougou,particulier,50000
397,Client_0397,Bobo-Dioulasso,particulier,100000
398,Client_0398,Ouagadougou,entreprise,500000
399,Client_0399,Koudougou,particulier,100000
400,Client_0400,Ouagadougou,entreprise,0
401,Client_0401,Bobo-Dioulasso,particulier,100000
402,Client_0402,Bobo-Dioulasso,particulier,100000
403,Client_0403,Ouagadougou,particulier,0
404,Client_0404,Bobo-Dioulasso,particulier,500000
405,Client_0405,Koudougou,particulier,500000
406,Client_0406,Bobo-Dioulasso,entreprise,0
407,Client_0407,Koudougou,entreprise,1000000
408,Client_0408,Bobo-Dioulasso,particulier,1000000
409,Client_0409,Koudougou,entreprise,0
410,Client_0410,Ouagadougou,particulier,500000
411,Client_0411,Koudougou,particulier,1000000
412,Client_0412,Ouagadougou,particulier,1000000
413,Client_0413,Ouagadougou,particulier,500000
414,Client_0414,Ouagadougou,comptoir,50000
415,Client_0415,Koudougou,particulier,500000
416,Client_0416,Bobo-Dioulasso,particulier,500000
417,Client_0417,Ouagadougou,particulier,50000
418,Client_0418,Bobo-Dioulasso,particulier,0
419,Client_0419,Ouagadougou,entreprise,1000000
420,Client_0420,Koudougou,particulier,1000000
421,Client_0421,Bobo-Dioulasso,entreprise,0
422,Client_0422,Bobo-Dioulasso,particulier,500000
423,Client_0423,Ouagadougou,particulier,0
424,Client_0424,Bobo-Dioulasso,particulier,50000
425,Client_0425,Ouagadougou,entreprise,100000
426,Client_0426,Bobo-Dioulasso,particulier,1000000
427,Client_0427,Ouagadougou,particulier,0
428,Client_0428,Koudougou,particulier,0
429,Client_0429,Ouagadougou,particulier,50000
430,Client_0430,Koudougou,particulier,100000
431,Client_0431,Bobo-Dioulasso,particulier,0
432,Client_0432,Ouagadougou,particulier,50000
433,Client_0433,Koudougou,particulier,100000
434,Client_0434,Bobo-Dioulasso,particulier,0
435,Client_0435,Ouagadougou,particulier,500000
436,Client_0436,Ouagadougou,particulier,50000
437,Client_0437,Ouagadougou,particulier,0
438,Client_0438,Bobo-Dioulasso,particulier,0
439,Client_0439,Bobo-Dioulasso,particulier,100000
440,Client_0440,Koudougou,particulier,0
441,Client_0441,Bobo-Dioulasso,particulier,50000
442,Client_0442,Bobo-Dioulasso,comptoir,50000
443,Client_0443,Ouagadougou,particulier,1000000
444,Client_0444,Ouagadougou,particulier,500000
445,Client_0445,Ouagadougou,particulier,100000
446,Client_0446,Bobo-Dioulasso,particulier,0
447,Client_0447,Ouagadougou,particulier,0
448,Client_0448,Ouagadougou,particulier,1000000
449,Client_0449,Ouagadougou,particulier,0
450,Client_0450,Bobo-Dioulasso,particulier,50000
451,Client_0451,Ouagadougou,particulier,500000
452,Client_0452,Bobo-Dioulasso,particulier,1000000
453,Client_0453,Bobo-Dioulasso,particulier,0
454,Client_0454,Koudougou,particulier,50000
455,Client_0455,Ouagadougou,particulier,500000
456,Client_0456,Bobo-Dioulasso,entreprise,0
457,Client_0457,Ouagadougou,particulier,0
458,Client_0458,Bobo-Dioulasso,particulier,1000000
459,Client_0459,Bobo-Dioulasso,entreprise,0
460,Client_0460,Bobo-Dioulasso,particulier,500000
461,Client_0461,Ouagadougou,particulier,1000000
462,Client_0462,Ouagadougou,particulier,50000
463,Client_0463,Ouagadougou,particulier,0
464,Client_0464,Bobo-Dioulasso,entreprise,500000
465,Client_0465,Bobo-Dioulasso,particulier,100000
466,Client_0466,Bobo-Dioulasso,particulier,50000
467,Client_0467,Bobo-Dioulasso,particulier,50000
468,Client_0468,Bobo-Dioulasso,particulier,50000
469,Client_0469,Bobo-Dioulasso,particulier,500000
470,Client_0470,Koudougou,particulier,50000
471,Client_0471,Bobo-Dioulasso,entreprise,1000000
472,Client_0472,Ouagadougou,particulier,100000
473,Client_0473,Ouagadougou,particulier,0
474,Client_0474,Bobo-Dioulasso,particulier,100000
475,Client_0475,Bobo-Dioulasso,particulier,0
476,Client_0476,Bobo-Dioulasso,entreprise,1000000
477,Client_0477,Bobo-Dioulasso,particulier,0
478,Client_0478,Koudougou,particulier,1000000
479,Client_0479,Ouagadougou,particulier,100000
480,Client_0480,Bobo-Dioulasso,particulier,100000
481,Client_0481,Ouagadougou,entreprise,100000
482,Client_0482,Ouagadougou,comptoir,0
483,Client_0483,Bobo-Dioulasso,comptoir,1000000
484,Client_0484,Bobo-Dioulasso,particulier,100000
485,Client_0485,Bobo-Dioulasso,entreprise,1000000
486,Client_0486,Ouagadougou,entreprise,500000
487,Client_0487,Ouagadougou,entreprise,0
488,Client_0488,Bobo-Dioulasso,particulier,1000000
489,Client_0489,Bobo-Dioulasso,particulier,500000
490,Client_0490,Ouagadougou,particulier,1000000
491,Client_0491,Ouagadougou,entreprise,1000000
492,Client_0492,Koudougou,particulier,100000
493,Client_0493,Ouagadougou,particulier,500000
494,Client_0494,Ouagadougou,particulier,100000
495,Client_0495,Ouagadougou,particulier,100000
496,Client_0496,Bobo-Dioulasso,particulier,100000
497,Client_0497,Koudougou,particulier,0
498,Client_0498,Bobo-Dioulasso,particulier,100000
499,Client_0499,Ouagadougou,entreprise,100000
500,Client_0500,Ouagadougou,particulier,0
501,Client_0501,Koudougou,comptoir,1000000
502,Client_0502,Ouagadougou,particulier,500000
503,Client_0503,Ouagadougou,particulier,0
504,Client_0504,Bobo-Dioulasso,entreprise,50000
505,Client_0505,Koudougou,particulier,0
506,Client_0506,Koudougou,particulier,100000
507,Client_0507,Ouagadougou,particulier,0
508,Client_0508,Ouagadougou,particulier,1000000
509,Client_0509,Ouagadougou,particulier,1000000
510,Client_0510,Ouagadougou,particulier,500000
511,Client_0511,Koudougou,particulier,1000000
512,Client_0512,Ouagadougou,entreprise,1000000
513,Client_0513,Ouagadougou,comptoir,50000
514,Client_0514,Bobo-Dioulasso,particulier,100000
515,Client_0515,Koudougou,particulier,500000
516,Client_0516,Bobo-Dioulasso,particulier,1000000
517,Client_0517,Bobo-Dioulasso,particulier,1000000
518,Client_0518,Ouagadougou,entreprise,1000000
519,Client_0519,Ouagadougou,comptoir,1000000
520,Client_0520,Ouagadougou,particulier,50000
521,Client_0521,Ouagadougou,particulier,500000
522,Client_0522,Ouagadougou,particulier,0
523,Client_0523,Koudougou,particulier,100000
524,Client_0524,Koudougou,particulier,0
525,Client_0525,Ouagadougou,particulier,1000000
526,Client_0526,Ouagadougou,particulier,50000
527,Client_0527,Ouagadougou,particulier,100000
528,Client_0528,Bobo-Dioulasso,particulier,1000000
529,Client_0529,Ouagadougou,particulier,500000
530,Client_0530,Bobo-Dioulasso,particulier,0
531,Client_0531,Ouagadougou,entreprise,500000
532,Client_0532,Koudougou,entreprise,100000
533,Client_0533,Ouagadougou,comptoir,1000000
534,Client_0534,Bobo-Dioulasso,particulier,500000
535,Client_0535,Ouagadougou,particulier,1000000
536,Client_0536,Ouagadougou,particulier,50000
537,Client_0537,Ouagadougou,particulier,500000
538,Client_0538,Ouagadougou,particulier,50000
539,Client_0539,Bobo-Dioulasso,particulier,1000000
540,Client_0540,Ouagadougou,particulier,1000000
541,Client_0541,Koudougou,particulier,500000
542,Client_0542,Koudougou,entreprise,50000
543,Client_0543,Ouagadougou,particulier,100000
544,Client_0544,Bobo-Dioulasso,particulier,100000
545,Client_0545,Koudougou,particulier,1000000
546,Client_0546,Bobo-Dioulasso,particulier,50000
547,Client_0547,Ouagadougou,particulier,100000
548,Client_0548,Ouagadougou,particulier,1000000
549,Client_0549,Ouagadougou,particulier,500000
550,Client_0550,Koudougou,entreprise,500000
551,Client_0551,Bobo-Dioulasso,particulier,0
552,Client_0552,Koudougou,particulier,500000
553,Client_0553,Bobo-Dioulasso,particulier,0
554,Client_0554,Bobo-Dioulasso,particulier,0
555,Client_0555,Ouagadougou,particulier,100000
556,Client_0556,Ouagadougou,particulier,50000
557,Client_0557,Bobo-Dioulasso,entreprise,50000
558,Client_0558,Ouagadougou,particulier,1000000
559,Client_0559,Ouagadougou,particulier,500000
560,Client_0560,Bobo-Dioulasso,entreprise,500000
561,Client_0561,Bobo-Dioulasso,particulier,100000
562,Client_0562,Koudougou,comptoir,100000
563,Client_0563,Bobo-Dioulasso,entreprise,50000
564,Client_0564,Ouagadougou,particulier,100000
565,Client_0565,Ouagadougou,particulier,0
566,Client_0566,Bobo-Dioulasso,particulier,100000
567,Client_0567,Bobo-Dioulasso,particulier,50000
568,Client_0568,Ouagadougou,particulier,50000
569,Client_0569,Ouagadougou,particulier,0
570,Client_0570,Bobo-Dioulasso,particulier,1000000
571,Client_0571,Bobo-Dioulasso,entreprise,100000
572,Client_0572,Bobo-Dioulasso,comptoir,0
573,Client_0573,Bobo-Dioulasso,entreprise,500000
574,Client_0574,Bobo-Dioulasso,particulier,50000
575,Client_0575,Ouagadougou,particulier,500000
576,Client_0576,Ouagadougou,entreprise,0
577,Client_0577,Ouagadougou,particulier,100000
578,Client_0578,Ouagadougou,particulier,100000
579,Client_0579,Ouagadougou,comptoir,1000000
580,Client_0580,Ouagadougou,particulier,50000
581,Client_0581,Ouagadougou,particulier,500000
582,Client_0582,Ouagadougou,comptoir,0
583,Client_0583,Koudougou,particulier,500000
584,Client_0584,Koudougou,particulier,50000
585,Client_0585,Bobo-Dioulasso,particulier,500000
586,Client_0586,Bobo-Dioulasso,particulier,50000
587,Client_0587,Ouagadougou,particulier,1000000
588,Client_0588,Bobo-Dioulasso,entreprise,500000
589,Client_0589,Bobo-Dioulasso,entreprise,0
590,Client_0590,Ouagadougou,particulier,0
591,Client_0591,Bobo-Dioulasso,comptoir,0
592,Client_0592,Bobo-Dioulasso,entreprise,1000000
593,Client_0593,Koudougou,particulier,0
594,Client_0594,Koudougou,entreprise,0
595,Client_0595,Bobo-Dioulasso,particulier,100000
596,Client_0596,Bobo-Dioulasso,entreprise,1000000
597,Client_0597,Bobo-Dioulasso,entreprise,500000
598,Client_0598,Ouagadougou,particulier,50000
599,Client_0599,Koudougou,particulier,1000000
600,Client_0600,Ouagadougou,particulier,1000000
601,Client_0601,Bobo-Dioulasso,particulier,1000000
602,Client_0602,Bobo-Dioulasso,particulier,500000
603,Client_0603,Bobo-Dioulasso,particulier,500000
604,Client_0604,Ouagadougou,comptoir,50000
605,Client_0605,Koudougou,entreprise,0
606,Client_0606,Bobo-Dioulasso,particulier,50000
607,Client_0607,Bobo-Dioulasso,entreprise,50000
608,Client_0608,Bobo-Dioulasso,particulier,100000
609,Client_0609,Bobo-Dioulasso,entreprise,1000000
610,Client_0610,Bobo-Dioulasso,particulier,0
611,Client_0611,Bobo-Dioulasso,particulier,0
612,Client_0612,Ouagadougou,particulier,50000
613,Client_0613,Bobo-Dioulasso,particulier,500000
614,Client_0614,Bobo-Dioulasso,particulier,50000
615,Client_0615,Koudougou,entreprise,100000
616,Client_0616,Koudougou,particulier,500000
617,Client_0617,Bobo-Dioulasso,entreprise,50000
618,Client_0618,Bobo-Dioulasso,entreprise,500000
619,Client_0619,Bobo-Dioulasso,particulier,50000
620,Client_0620,Bobo-Dioulasso,particulier,50000
621,Client_0621,Ouagadougou,particulier,100000
622,Client_0622,Bobo-Dioulasso,particulier,1000000
623,Client_0623,Ouagadougou,particulier,50000
624,Client_0624,Bobo-Dioulasso,particulier,500000
625,Client_0625,Ouagadougou,particulier,500000
626,Client_0626,Bobo-Dioulasso,particulier,0
627,Client_0627,Bobo-Dioulasso,comptoir,500000
628,Client_0628,Bobo-Dioulasso,particulier,100000
629,Client_0629,Bobo-Dioulasso,particulier,0
630,Client_0630,Bobo-Dioulasso,particulier,0
631,Client_0631,Koudougou,particulier,1000000
632,Client_0632,Ouagadougou,comptoir,0
633,Client_0633,Ouagadougou,entreprise,1000000
634,Client_0634,Koudougou,particulier,500000
635,Client_0635,Bobo-Dioulasso,particulier,0
636,Client_0636,Koudougou,particulier,100000
637,Client_0637,Ouagadougou,particulier,1000000
638,Client_0638,Ouagadougou,particulier,50000
639,Client_0639,Bobo-Dioulasso,particulier,100000
640,Client_0640,Ouagadougou,comptoir,50000
641,Client_0641,Bobo-Dioulasso,comptoir,500000
642,Client_0642,Bobo-Dioulasso,particulier,100000
643,Client_0643,Ouagadougou,particulier,50000
644,Client_0644,Ouagadougou,comptoir,100000
645,Client_0645,Bobo-Dioulasso,particulier,500000
646,Client_0646,Ouagadougou,comptoir,0
647,Client_0647,Bobo-Dioulasso,particulier,0
648,Client_0648,Ouagadougou,particulier,100000
649,Client_0649,Ouagadougou,particulier,0
650,Client_0650,Koudougou,particulier,1000000
651,Client_0651,Bobo-Dioulasso,particulier,1000000
652,Client_0652,Koudougou,particulier,50000
653,Client_0653,Ouagadougou,comptoir,500000
654,Client_0654,Ouagadougou,particulier,500000
655,Client_0655,Koudougou,entreprise,500000
656,Client_0656,Ouagadougou,particulier,50000
657,Client_0657,Ouagadougou,entreprise,1000000
658,Client_0658,Bobo-Dioulasso,entreprise,0
659,Client_0659,Bobo-Dioulasso,particulier,500000
660,Client_0660,Koudougou,particulier,1000000
661,Client_0661,Koudougou,particulier,50000
662,Client_0662,Ouagadougou,particulier,100000
663,Client_0663,Ouagadougou,particulier,50000
664,Client_0664,Ouagadougou,particulier,100000
665,Client_0665,Bobo-Dioulasso,entreprise,100000
666,Client_0666,Koudougou,particulier,500000
667,Client_0667,Ouagadougou,entreprise,100000
668,Client_0668,Ouagadougou,particulier,50000
669,Client_0669,Ouagadougou,comptoir,0
670,Client_0670,Koudougou,particulier,100000
671,Client_0671,Koudougou,particulier,0
672,Client_0672,Koudougou,particulier,50000
673,Client_0673,Koudougou,particulier,100000
674,Client_0674,Ouagadougou,particulier,0
675,Client_0675,Koudougou,particulier,50000
676,Client_0676,Bobo-Dioulasso,particulier,50000
677,Client_0677,Koudougou,particulier,1000000
678,Client_0678,Ouagadougou,comptoir,100000
679,Client_0679,Koudougou,particulier,500000
680,Client_0680,Ouagadougou,particulier,100000
681,Client_0681,Bobo-Dioulasso,particulier,100000
682,Client_0682,Ouagadougou,particulier,50000
683,Client_0683,Bobo-Dioulasso,particulier,0
684,Client_0684,Bobo-Dioulasso,comptoir,100000
685,Client_0685,Bobo-Dioulasso,entreprise,0
686,Client_0686,Koudougou,particulier,1000000
687,Client_0687,Ouagadougou,particulier,500000
688,Client_0688,Koudougou,particulier,0
689,Client_0689,Koudougou,particulier,100000
690,Client_0690,Ouagadougou,entreprise,500000
691,Client_0691,Koudougou,entreprise,0
692,Client_0692,Ouagadougou,particulier,50000
693,Client_0693,Ouagadougou,particulier,1000000
694,Client_0694,Ouagadougou,particulier,1000000
695,Client_0695,Ouagadougou,particulier,1000000
696,Client_0696,Koudougou,particulier,100000
697,Client_0697,Bobo-Dioulasso,particulier,1000000
698,Client_0698,Koudougou,comptoir,100000
699,Client_0699,Koudougou,particulier,50000
700,Client_0700,Bobo-Dioulasso,particulier,100000
701,Client_0701,Ouagadougou,particulier,500000
702,Client_0702,Koudougou,particulier,1000000
703,Client_0703,Koudougou,entreprise,100000
704,Client_0704,Ouagadougou,entreprise,50000
705,Client_0705,Ouagadougou,particulier,100000
706,Client_0706,Bobo-Dioulasso,particulier,1000000
707,Client_0707,Ouagadougou,entreprise,1000000
708,Client_0708,Ouagadougou,particulier,0
709,Client_0709,Koudougou,particulier,0
710,Client_0710,Bobo-Dioulasso,particulier,0
711,Client_0711,Bobo-Dioulasso,particulier,1000000
712,Client_0712,Bobo-Dioulasso,particulier,0
713,Client_0713,Ouagadougou,comptoir,50000
714,Client_0714,Bobo-Dioulasso,entreprise,100000
715,Client_0715,Ouagadougou,particulier,0
716,Client_0716,Ouagadougou,particulier,100000
717,Client_0717,Ouagadougou,particulier,0
718,Client_0718,Ouagadougou,particulier,0
719,Client_0719,Bobo-Dioulasso,particulier,50000
720,Client_0720,Koudougou,entreprise,0
721,Client_0721,Koudougou,entreprise,1000000
722,Client_0722,Bobo-Dioulasso,particulier,1000000
723,Client_0723,Ouagadougou,particulier,1000000
724,Client_0724,Bobo-Dioulasso,particulier,0
725,Client_0725,Bobo-Dioulasso,comptoir,0
726,Client_0726,Ouagadougou,particulier,500000
727,Client_0727,Bobo-Dioulasso,particulier,1000000
728,Client_0728,Ouagadougou,particulier,50000
729,Client_0729,Bobo-Dioulasso,particulier,100000
730,Client_0730,Koudougou,comptoir,0
731,Client_0731,Bobo-Dioulasso,particulier,1000000
732,Client_0732,Bobo-Dioulasso,particulier,50000
733,Client_0733,Bobo-Dioulasso,particulier,1000000
734,Client_0734,Ouagadougou,particulier,1000000
735,Client_0735,Ouagadougou,particulier,1000000
736,Client_0736,Ouagadougou,entreprise,0
737,Client_0737,Ouagadougou,particulier,50000
738,Client_0738,Ouagadougou,particulier,500000
739,Client_0739,Ouagadougou,particulier,1000000
740,Client_0740,Ouagadougou,particulier,50000
741,Client_0741,Koudougou,comptoir,500000
742,Client_0742,Ouagadougou,particulier,0
743,Client_0743,Ouagadougou,particulier,500000
744,Client_0744,Ouagadougou,particulier,1000000
745,Client_0745,Bobo-Dioulasso,particulier,1000000
746,Client_0746,Bobo-Dioulasso,entreprise,100000
747,Client_0747,Ouagadougou,entreprise,100000
748,Client_0748,Bobo-Dioulasso,particulier,1000000
749,Client_0749,Bobo-Dioulasso,particulier,50000
750,Client_0750,Ouagadougou,particulier,50000
751,Client_0751,Ouagadougou,particulier,100000
752,Client_0752,Ouagadougou,particulier,1000000
753,Client_0753,Bobo-Dioulasso,particulier,1000000
754,Client_0754,Bobo-Dioulasso,particulier,500000
755,Client_0755,Koudougou,particulier,100000
756,Client_0756,Ouagadougou,particulier,100000
757,Client_0757,Koudougou,entreprise,0
758,Client_0758,Ouagadougou,comptoir,0
759,Client_0759,Bobo-Dioulasso,particulier,100000
760,Client_0760,Koudougou,particulier,0
761,Client_0761,Ouagadougou,entreprise,50000
762,Client_0762,Ouagadougou,particulier,500000
763,Client_0763,Bobo-Dioulasso,entreprise,500000
764,Client_0764,Ouagadougou,particulier,1000000
765,Client_0765,Bobo-Dioulasso,comptoir,0
766,Client_0766,Ouagadougou,entreprise,500000
767,Client_0767,Bobo-Dioulasso,particulier,50000
768,Client_0768,Ouagadougou,particulier,1000000
769,Client_0769,Koudougou,particulier,50000
770,Client_0770,Bobo-Dioulasso,entreprise,1000000
771,Client_0771,Ouagadougou,entreprise,0
772,Client_0772,Bobo-Dioulasso,particulier,500000
773,Client_0773,Ouagadougou,particulier,1000000
774,Client_0774,Koudougou,particulier,100000
775,Client_0775,Bobo-Dioulasso,particulier,50000
776,Client_0776,Ouagadougou,entreprise,0
777,Client_0777,Bobo-Dioulasso,entreprise,500000
778,Client_0778,Koudougou,particulier,0
779,Client_0779,Ouagadougou,particulier,500000
780,Client_0780,Koudougou,particulier,0
781,Client_0781,Bobo-Dioulasso,comptoir,1000000
782,Client_0782,Bobo-Dioulasso,particulier,100000
783,Client_0783,Ouagadougou,particulier,0
784,Client_0784,Koudougou,comptoir,1000000
785,Client_0785,Bobo-Dioulasso,particulier,1000000
786,Client_0786,Bobo-Dioulasso,particulier,500000
787,Client_0787,Bobo-Dioulasso,particulier,100000
788,Client_0788,Koudougou,particulier,500000
789,Client_0789,Koudougou,particulier,1000000
790,Client_0790,Bobo-Dioulasso,particulier,500000
791,Client_0791,Ouagadougou,particulier,50000
792,Client_0792,Bobo-Dioulasso,particulier,1000000
793,Client_0793,Ouagadougou,particulier,500000
794,Client_0794,Ouagadougou,particulier,50000
795,Client_0795,Bobo-Dioulasso,particulier,100000
796,Client_0796,Bobo-Dioulasso,particulier,500000
797,Client_0797,Bobo-Dioulasso,particulier,50000
798,Client_0798,Ouagadougou,particulier,50000
799,Client_0799,Bobo-Dioulasso,entreprise,100000
800,Client_0800,Ouagadougou,comptoir,0
801,Client_0801,Ouagadougou,particulier,100000
802,Client_0802,Ouagadougou,entreprise,1000000
803,Client_0803,Ouagadougou,entreprise,0
804,Client_0804,Bobo-Dioulasso,particulier,50000
805,Client_0805,Ouagadougou,particulier,1000000
806,Client_0806,Bobo-Dioulasso,particulier,50000
807,Client_0807,Bobo-Dioulasso,particulier,1000000
808,Client_0808,Koudougou,particulier,50000
809,Client_0809,Bobo-Dioulasso,entreprise,500000
810,Client_0810,Bobo-Dioulasso,particulier,1000000
811,Client_0811,Ouagadougou,particulier,0
812,Client_0812,Ouagadougou,particulier,1000000
813,Client_0813,Bobo-Dioulasso,entreprise,100000
814,Client_0814,Ouagadougou,entreprise,1000000
815,Client_0815,Ouagadougou,entreprise,50000
816,Client_0816,Ouagadougou,particulier,0
817,Client_0817,Koudougou,particulier,100000
818,Client_0818,Bobo-Dioulasso,particulier,50000
819,Client_0819,Ouagadougou,particulier,0
820,Client_0820,Koudougou,particulier,1000000
821,Client_0821,Ouagadougou,particulier,500000
822,Client_0822,Bobo-Dioulasso,particulier,100000
823,Client_0823,Bobo-Dioulasso,particulier,0
824,Client_0824,Ouagadougou,particulier,1000000
825,Client_0825,Bobo-Dioulasso,particulier,500000
826,Client_0826,Ouagadougou,entreprise,500000
827,Client_0827,Ouagadougou,particulier,1000000
828,Client_0828,Ouagadougou,entreprise,100000
829,Client_0829,Ouagadougou,particulier,500000
830,Client_0830,Koudougou,entreprise,50000
831,Client_0831,Koudougou,particulier,100000
832,Client_0832,Ouagadougou,entreprise,1000000
833,Client_0833,Koudougou,entreprise,50000
834,Client_0834,Bobo-Dioulasso,comptoir,100000
835,Client_0835,Ouagadougou,entreprise,0
836,Client_0836,Bobo-Dioulasso,entreprise,50000
837,Client_0837,Bobo-Dioulasso,entreprise,1000000
838,Client_0838,Ouagadougou,particulier,0
839,Client_0839,Koudougou,entreprise,1000000
840,Client_0840,Ouagadougou,comptoir,50000
841,Client_0841,Bobo-Dioulasso,particulier,50000
842,Client_0842,Koudougou,particulier,0
843,Client_0843,Koudougou,comptoir,1000000
844,Client_0844,Bobo-Dioulasso,entreprise,1000000
845,Client_0845,Bobo-Dioulasso,particulier,0
846,Client_0846,Ouagadougou,particulier,50000
847,Client_0847,Ouagadougou,particulier,0
848,Client_0848,Bobo-Dioulasso,entreprise,0
849,Client_0849,Koudougou,particulier,500000
850,Client_0850,Koudougou,particulier,100000
851,Client_0851,Koudougou,entreprise,50000
852,Client_0852,Ouagadougou,comptoir,500000
853,Client_0853,Ouagadougou,particulier,1000000
854,Client_0854,Bobo-Dioulasso,particulier,100000
855,Client_0855,Bobo-Dioulasso,entreprise,500000
856,Client_0856,Bobo-Dioulasso,particulier,0
857,Client_0857,Bobo-Dioulasso,particulier,100000
858,Client_0858,Bobo-Dioulasso,entreprise,100000
859,Client_0859,Koudougou,entreprise,500000
860,Client_0860,Koudougou,particulier,100000
861,Client_0861,Bobo-Dioulasso,entreprise,50000
862,Client_0862,Bobo-Dioulasso,particulier,50000
863,Client_0863,Bobo-Dioulasso,particulier,0
864,Client_0864,Koudougou,particulier,50000
865,Client_0865,Koudougou,particulier,500000
866,Client_0866,Koudougou,particulier,50000
867,Client_0867,Bobo-Dioulasso,particulier,0
868,Client_0868,Ouagadougou,particulier,500000
869,Client_0869,Koudougou,comptoir,0
870,Client_0870,Ouagadougou,particulier,1000000
871,Client_0871,Ouagadougou,comptoir,50000
872,Client_0872,Ouagadougou,particulier,50000
873,Client_0873,Bobo-Dioulasso,particulier,50000
874,Client_0874,Ouagadougou,particulier,50000
875,Client_0875,Ouagadougou,particulier,100000
876,Client_0876,Koudougou,particulier,1000000
877,Client_0877,Koudougou,particulier,1000000
878,Client_0878,Bobo-Dioulasso,particulier,1000000
879,Client_0879,Koudougou,particulier,500000
880,Client_0880,Koudougou,particulier,50000
881,Client_0881,Koudougou,comptoir,1000000
882,Client_0882,Bobo-Dioulasso,particulier,50000
883,Client_0883,Ouagadougou,particulier,0
884,Client_0884,Koudougou,entreprise,0
885,Client_0885,Ouagadougou,comptoir,100000
886,Client_0886,Ouagadougou,particulier,1000000
887,Client_0887,Koudougou,particulier,100000
888,Client_0888,Ouagadougou,entreprise,500000
889,Client_0889,Koudougou,particulier,0
890,Client_0890,Ouagadougou,particulier,500000
891,Client_0891,Bobo-Dioulasso,particulier,50000
892,Client_0892,Bobo-Dioulasso,particulier,50000
893,Client_0893,Koudougou,particulier,100000
894,Client_0894,Ouagadougou,particulier,50000
895,Client_0895,Koudougou,particulier,0
896,Client_0896,Ouagadougou,comptoir,500000
897,Client_0897,Bobo-Dioulasso,particulier,100000
898,Client_0898,Ouagadougou,entreprise,0
899,Client_0899,Koudougou,entreprise,50000
900,Client_0900,Ouagadougou,comptoir,0
901,Client_0901,Ouagadougou,entreprise,50000
902,Client_0902,Bobo-Dioulasso,particulier,100000
903,Client_0903,Ouagadougou,particulier,0
904,Client_0904,Koudougou,particulier,0
905,Client_0905,Ouagadougou,entreprise,1000000
906,Client_0906,Bobo-Dioulasso,entreprise,0
907,Client_0907,Bobo-Dioulasso,particulier,500000
908,Client_0908,Ouagadougou,particulier,100000
909,Client_0909,Bobo-Dioulasso,particulier,1000000
910,Client_0910,Koudougou,particulier,0
911,Client_0911,Bobo-Dioulasso,particulier,50000
912,Client_0912,Ouagadougou,entreprise,50000
913,Client_0913,Bobo-Dioulasso,particulier,0
914,Client_0914,Koudougou,particulier,50000
915,Client_0915,Bobo-Dioulasso,comptoir,1000000
916,Client_0916,Bobo-Dioulasso,particulier,100000
917,Client_0917,Bobo-Dioulasso,entreprise,100000
918,Client_0918,Koudougou,particulier,0
919,Client_0919,Koudougou,particulier,500000
920,Client_0920,Ouagadougou,particulier,0
921,Client_0921,Ouagadougou,particulier,1000000
922,Client_0922,Ouagadougou,particulier,50000
923,Client_0923,Bobo-Dioulasso,particulier,50000
924,Client_0924,Ouagadougou,entreprise,50000
925,Client_0925,Bobo-Dioulasso,entreprise,50000
926,Client_0926,Ouagadougou,particulier,100000
927,Client_0927,Ouagadougou,particulier,1000000
928,Client_0928,Ouagadougou,particulier,100000
929,Client_0929,Bobo-Dioulasso,particulier,0
930,Client_0930,Koudougou,particulier,1000000
931,Client_0931,Koudougou,comptoir,0
932,Client_0932,Bobo-Dioulasso,particulier,500000
933,Client_0933,Bobo-Dioulasso,particulier,50000
934,Client_0934,Koudougou,particulier,500000
935,Client_0935,Koudougou,particulier,500000
936,Client_0936,Bobo-Dioulasso,particulier,500000
937,Client_0937,Bobo-Dioulasso,particulier,100000
938,Client_0938,Ouagadougou,particulier,500000
939,Client_0939,Ouagadougou,particulier,0
940,Client_0940,Ouagadougou,particulier,0
941,Client_0941,Koudougou,entreprise,0
942,Client_0942,Bobo-Dioulasso,particulier,0
943,Client_0943,Bobo-Dioulasso,particulier,50000
944,Client_0944,Ouagadougou,particulier,100000
945,Client_0945,Ouagadougou,comptoir,50000
946,Client_0946,Bobo-Dioulasso,particulier,50000
947,Client_0947,Ouagadougou,entreprise,500000
948,Client_0948,Koudougou,particulier,1000000
949,Client_0949,Ouagadougou,particulier,500000
950,Client_0950,Koudougou,particulier,100000
951,Client_0951,Ouagadougou,particulier,1000000
952,Client_0952,Koudougou,particulier,0
953,Client_0953,Koudougou,particulier,0
954,Client_0954,Ouagadougou,particulier,1000000
955,Client_0955,Bobo-Dioulasso,particulier,500000
956,Client_0956,Ouagadougou,particulier,500000
957,Client_0957,Bobo-Dioulasso,particulier,1000000
958,Client_0958,Ouagadougou,particulier,100000
959,Client_0959,Bobo-Dioulasso,particulier,500000
960,Client_0960,Bobo-Dioulasso,particulier,1000000
961,Client_0961,Bobo-Dioulasso,particulier,50000
962,Client_0962,Bobo-Dioulasso,particulier,100000
963,Client_0963,Bobo-Dioulasso,particulier,50000
964,Client_0964,Ouagadougou,entreprise,1000000
965,Client_0965,Ouagadougou,comptoir,100000
966,Client_0966,Koudougou,particulier,0
967,Client_0967,Bobo-Dioulasso,entreprise,500000
968,Client_0968,Ouagadougou,particulier,100000
969,Client_0969,Bobo-Dioulasso,entreprise,100000
970,Client_0970,Ouagadougou,particulier,500000
971,Client_0971,Ouagadougou,particulier,100000
972,Client_0972,Bobo-Dioulasso,particulier,500000
973,Client_0973,Ouagadougou,particulier,50000
974,Client_0974,Bobo-Dioulasso,particulier,100000
975,Client_0975,Ouagadougou,particulier,50000
976,Client_0976,Bobo-Dioulasso,particulier,0
977,Client_0977,Koudougou,particulier,1000000
978,Client_0978,Ouagadougou,particulier,1000000
979,Client_0979,Ouagadougou,particulier,100000
980,Client_0980,Bobo-Dioulasso,comptoir,100000
981,Client_0981,Ouagadougou,particulier,500000
982,Client_0982,Koudougou,entreprise,100000
983,Client_0983,Ouagadougou,particulier,0
984,Client_0984,Koudougou,comptoir,500000
985,Client_0985,Ouagadougou,entreprise,100000
986,Client_0986,Bobo-Dioulasso,entreprise,0
987,Client_0987,Bobo-Dioulasso,particulier,500000
988,Client_0988,Bobo-Dioulasso,particulier,0
989,Client_0989,Ouagadougou,particulier,100000
990,Client_0990,Koudougou,particulier,0
991,Client_0991,Bobo-Dioulasso,particulier,50000
992,Client_0992,Bobo-Dioulasso,particulier,1000000
993,Client_0993,Ouagadougou,comptoir,500000
994,Client_0994,Bobo-Dioulasso,comptoir,500000
995,Client_0995,Ouagadougou,particulier,100000
996,Client_0996,Koudougou,entreprise,100000
997,Client_0997,Bobo-Dioulasso,entreprise,100000
998,Client_0998,Ouagadougou,comptoir,500000
999,Client_0999,Bobo-Dioulasso,entreprise,1000000
1000,Client_1000,Bobo-Dioulasso,comptoir,0
1001,Client_1001,Ouagadougou,particulier,100000
1002,Client_1002,Ouagadougou,particulier,0
1003,Client_1003,Bobo-Dioulasso,particulier,1000000
1004,Client_1004,Bobo-Dioulasso,particulier,50000
1005,Client_1005,Ouagadougou,particulier,500000
1006,Client_1006,Bobo-Dioulasso,particulier,50000
1007,Client_1007,Bobo-Dioulasso,particulier,0
1008,Client_1008,Ouagadougou,particulier,0
1009,Client_1009,Koudougou,particulier,50000
1010,Client_1010,Ouagadougou,particulier,100000
1011,Client_1011,Ouagadougou,comptoir,500000
1012,Client_1012,Bobo-Dioulasso,particulier,50000
1013,Client_1013,Koudougou,particulier,100000
1014,Client_1014,Koudougou,comptoir,100000
1015,Client_1015,Ouagadougou,particulier,500000
1016,Client_1016,Bobo-Dioulasso,particulier,500000
1017,Client_1017,Ouagadougou,comptoir,500000
1018,Client_1018,Ouagadougou,particulier,100000
1019,Client_1019,Bobo-Dioulasso,comptoir,500000
1020,Client_1020,Ouagadougou,particulier,500000
1021,Client_1021,Bobo-Dioulasso,entreprise,500000
1022,Client_1022,Bobo-Dioulasso,comptoir,500000
1023,Client_1023,Ouagadougou,particulier,500000
1024,Client_1024,Ouagadougou,particulier,100000
1025,Client_1025,Koudougou,particulier,1000000
1026,Client_1026,Koudougou,comptoir,1000000
1027,Client_1027,Ouagadougou,particulier,50000
1028,Client_1028,Bobo-Dioulasso,comptoir,0
1029,Client_1029,Koudougou,particulier,1000000
1030,Client_1030,Koudougou,particulier,1000000
1031,Client_1031,Ouagadougou,particulier,100000
1032,Client_1032,Bobo-Dioulasso,particulier,500000
1033,Client_1033,Bobo-Dioulasso,particulier,50000
1034,Client_1034,Bobo-Dioulasso,particulier,100000
1035,Client_1035,Ouagadougou,particulier,500000
1036,Client_1036,Ouagadougou,particulier,1000000
1037,Client_1037,Bobo-Dioulasso,particulier,1000000
1038,Client_1038,Bobo-Dioulasso,particulier,0
1039,Client_1039,Koudougou,entreprise,50000
1040,Client_1040,Bobo-Dioulasso,comptoir,50000
1041,Client_1041,Koudougou,comptoir,500000
1042,Client_1042,Ouagadougou,particulier,1000000
1043,Client_1043,Bobo-Dioulasso,particulier,1000000
1044,Client_1044,Bobo-Dioulasso,particulier,1000000
1045,Client_1045,Koudougou,entreprise,0
1046,Client_1046,Ouagadougou,particulier,0
1047,Client_1047,Ouagadougou,entreprise,50000
1048,Client_1048,Ouagadougou,particulier,0
1049,Client_1049,Bobo-Dioulasso,particulier,50000
1050,Client_1050,Ouagadougou,particulier,50000
1051,Client_1051,Ouagadougou,particulier,50000
1052,Client_1052,Bobo-Dioulasso,particulier,1000000
1053,Client_1053,Ouagadougou,particulier,0
1054,Client_1054,Ouagadougou,comptoir,1000000
1055,Client_1055,Bobo-Dioulasso,particulier,1000000
1056,Client_1056,Koudougou,entreprise,50000
1057,Client_1057,Bobo-Dioulasso,entreprise,500000
1058,Client_1058,Koudougou,particulier,0
1059,Client_1059,Ouagadougou,entreprise,50000
1060,Client_1060,Ouagadougou,particulier,0
1061,Client_1061,Bobo-Dioulasso,particulier,50000
1062,Client_1062,Koudougou,entreprise,1000000
1063,Client_1063,Koudougou,entreprise,50000
1064,Client_1064,Ouagadougou,particulier,500000
1065,Client_1065,Ouagadougou,particulier,500000
1066,Client_1066,Ouagadougou,particulier,500000
1067,Client_1067,Bobo-Dioulasso,entreprise,500000
1068,Client_1068,Bobo-Dioulasso,comptoir,1000000
1069,Client_1069,Bobo-Dioulasso,particulier,100000
1070,Client_1070,Bobo-Dioulasso,entreprise,0
1071,Client_1071,Koudougou,particulier,500000
1072,Client_1072,Ouagadougou,particulier,1000000
1073,Client_1073,Bobo-Dioulasso,entreprise,50000
1074,Client_1074,Bobo-Dioulasso,entreprise,50000
1075,Client_1075,Bobo-Dioulasso,particulier,1000000
1076,Client_1076,Ouagadougou,particulier,1000000
1077,Client_1077,Koudougou,particulier,500000
1078,Client_1078,Bobo-Dioulasso,comptoir,50000
1079,Client_1079,Ouagadougou,particulier,0
1080,Client_1080,Ouagadougou,particulier,500000
1081,Client_1081,Ouagadougou,particulier,0
1082,Client_1082,Bobo-Dioulasso,entreprise,100000
1083,Client_1083,Bobo-Dioulasso,entreprise,500000
1084,Client_1084,Bobo-Dioulasso,particulier,0
1085,Client_1085,Koudougou,particulier,1000000
1086,Client_1086,Bobo-Dioulasso,particulier,500000
1087,Client_1087,Ouagadougou,entreprise,50000
1088,Client_1088,Koudougou,entreprise,0
1089,Client_1089,Ouagadougou,particulier,50000
1090,Client_1090,Ouagadougou,entreprise,50000
1091,Client_1091,Koudougou,particulier,1000000
1092,Client_1092,Bobo-Dioulasso,particulier,500000
1093,Client_1093,Ouagadougou,entreprise,0
1094,Client_1094,Bobo-Dioulasso,entreprise,1000000
1095,Client_1095,Bobo-Dioulasso,comptoir,100000
1096,Client_1096,Ouagadougou,particulier,500000
1097,Client_1097,Bobo-Dioulasso,particulier,500000
1098,Client_1098,Ouagadougou,entreprise,500000
1099,Client_1099,Bobo-Dioulasso,particulier,100000
1100,Client_1100,Bobo-Dioulasso,entreprise,0
1101,Client_1101,Ouagadougou,comptoir,1000000
1102,Client_1102,Ouagadougou,particulier,0
1103,Client_1103,Ouagadougou,comptoir,0
1104,Client_1104,Bobo-Dioulasso,entreprise,50000
1105,Client_1105,Ouagadougou,particulier,1000000
1106,Client_1106,Bobo-Dioulasso,particulier,500000
1107,Client_1107,Bobo-Dioulasso,particulier,1000000
1108,Client_1108,Bobo-Dioulasso,comptoir,1000000
1109,Client_1109,Koudougou,particulier,0
1110,Client_1110,Koudougou,particulier,50000
1111,Client_1111,Koudougou,particulier,0
1112,Client_1112,Ouagadougou,particulier,1000000
1113,Client_1113,Bobo-Dioulasso,entreprise,100000
1114,Client_1114,Ouagadougou,entreprise,50000
1115,Client_1115,Ouagadougou,particulier,500000
1116,Client_1116,Ouagadougou,particulier,1000000
1117,Client_1117,Koudougou,particulier,100000
1118,Client_1118,Bobo-Dioulasso,particulier,100000
1119,Client_1119,Ouagadougou,particulier,1000000
1120,Client_1120,Ouagadougou,particulier,50000
1121,Client_1121,Bobo-Dioulasso,particulier,50000
1122,Client_1122,Ouagadougou,particulier,500000
1123,Client_1123,Koudougou,particulier,100000
1124,Client_1124,Koudougou,particulier,100000
1125,Client_1125,Koudougou,particulier,0
1126,Client_1126,Koudougou,particulier,500000
1127,Client_1127,Ouagadougou,particulier,1000000
1128,Client_1128,Bobo-Dioulasso,particulier,1000000
1129,Client_1129,Ouagadougou,particulier,100000
1130,Client_1130,Ouagadougou,comptoir,1000000
1131,Client_1131,Bobo-Dioulasso,comptoir,500000
1132,Client_1132,Bobo-Dioulasso,entreprise,500000
1133,Client_1133,Ouagadougou,particulier,500000
1134,Client_1134,Bobo-Dioulasso,comptoir,0
1135,Client_1135,Ouagadougou,entreprise,500000
1136,Client_1136,Koudougou,particulier,100000
1137,Client_1137,Koudougou,particulier,0
1138,Client_1138,Bobo-Dioulasso,particulier,50000
1139,Client_1139,Ouagadougou,particulier,500000
1140,Client_1140,Ouagadougou,particulier,0
1141,Client_1141,Bobo-Dioulasso,particulier,50000
1142,Client_1142,Ouagadougou,comptoir,1000000
1143,Client_1143,Ouagadougou,particulier,500000
1144,Client_1144,Bobo-Dioulasso,particulier,100000
1145,Client_1145,Koudougou,particulier,500000
1146,Client_1146,Bobo-Dioulasso,particulier,1000000
1147,Client_1147,Ouagadougou,particulier,1000000
1148,Client_1148,Ouagadougou,particulier,100000
1149,Client_1149,Ouagadougou,particulier,0
1150,Client_1150,Bobo-Dioulasso,particulier,100000
1151,Client_1151,Bobo-Dioulasso,particulier,1000000
1152,Client_1152,Bobo-Dioulasso,comptoir,50000
1153,Client_1153,Koudougou,particulier,1000000
1154,Client_1154,Ouagadougou,comptoir,1000000
1155,Client_1155,Ouagadougou,particulier,0
1156,Client_1156,Bobo-Dioulasso,particulier,1000000
1157,Client_1157,Bobo-Dioulasso,particulier,1000000
1158,Client_1158,Koudougou,particulier,500000
1159,Client_1159,Ouagadougou,particulier,1000000
1160,Client_1160,Koudougou,particulier,100000
1161,Client_1161,Bobo-Dioulasso,entreprise,1000000
1162,Client_1162,Bobo-Dioulasso,particulier,1000000
1163,Client_1163,Ouagadougou,entreprise,500000
1164,Client_1164,Ouagadougou,particulier,500000
1165,Client_1165,Ouagadougou,entreprise,0
1166,Client_1166,Ouagadougou,particulier,50000
1167,Client_1167,Ouagadougou,entreprise,0
1168,Client_1168,Ouagadougou,particulier,0
1169,Client_1169,Ouagadougou,particulier,500000
1170,Client_1170,Ouagadougou,particulier,0
1171,Client_1171,Koudougou,particulier,50000
1172,Client_1172,Ouagadougou,particulier,1000000
1173,Client_1173,Koudougou,particulier,100000
1174,Client_1174,Bobo-Dioulasso,particulier,500000
1175,Client_1175,Bobo-Dioulasso,particulier,1000000
1176,Client_1176,Bobo-Dioulasso,particulier,0
1177,Client_1177,Bobo-Dioulasso,entreprise,0
1178,Client_1178,Ouagadougou,particulier,1000000
1179,Client_1179,Ouagadougou,entreprise,1000000
1180,Client_1180,Bobo-Dioulasso,particulier,100000
1181,Client_1181,Ouagadougou,particulier,50000
1182,Client_1182,Bobo-Dioulasso,comptoir,1000000
1183,Client_1183,Bobo-Dioulasso,particulier,100000
1184,Client_1184,Ouagadougou,comptoir,50000
1185,Client_1185,Koudougou,entreprise,0
1186,Client_1186,Ouagadougou,particulier,1000000
1187,Client_1187,Ouagadougou,comptoir,0
1188,Client_1188,Ouagadougou,particulier,1000000
1189,Client_1189,Koudougou,particulier,1000000
1190,Client_1190,Ouagadougou,particulier,500000
1191,Client_1191,Bobo-Dioulasso,particulier,500000
1192,Client_1192,Bobo-Dioulasso,particulier,50000
1193,Client_1193,Ouagadougou,particulier,500000
1194,Client_1194,Ouagadougou,particulier,100000
1195,Client_1195,Ouagadougou,comptoir,500000
1196,Client_1196,Ouagadougou,particulier,0
1197,Client_1197,Koudougou,particulier,50000
1198,Client_1198,Bobo-Dioulasso,particulier,0
1199,Client_1199,Koudougou,particulier,100000
1200,Client_1200,Ouagadougou,particulier,50000
